feature_name,method,category,library_path,description
tubulin_intensity_total,code,intensity,code/tubulin_intensity_total/extract.py,"Measures the total integrated intensity of the Tubulin channel within segmented cell boundaries. This quantifies the overall abundance of microtubules, which can be affected by stabilizing (Taxanes) or destabilizing (Vinca alkaloids) drugs."
actin_fiber_alignment_index,code,texture,code/actin_fiber_alignment_index/extract.py,"Analyzes the directional alignment of actin filaments using gradient structure tensors or Fourier analysis. High alignment may indicate stress fibers or specific migratory phenotypes (invadopodia), while disorder suggests cytoskeletal disru"
cell_roundness_mean,code,morphology,code/cell_roundness_mean/extract.py,"Calculates the mean roundness of segmented cell bodies using the Actin (red) channel. Rounding is a key phenotype of mitotic arrest or cell detachment, contrasting with the flat, spread morphology of adherent interphase cells."
dapi_texture_entropy,code,texture,code/dapi_texture_entropy/extract.py,"Measures the entropy of the pixel intensity distribution within the nucleus (DAPI channel). High entropy corresponds to heterogeneous chromatin texture (e.g., condensation, fragmentation), which is relevant for detecting DNA damage or apopt"
tubulin_actin_overlap_fraction,code,spatial,code/tubulin_actin_overlap_fraction/extract.py,"Computes the Manders' overlap coefficient or similar metric to quantify the fraction of Tubulin signal that spatially overlaps with Actin signal. This reflects the interplay between the microtubule and actin cytoskeletons, which is disrupte"
cell_confluence_ratio,code,distribution,code/cell_confluence_ratio/extract.py,"Computes the ratio of the total area covered by cells (union of Actin and Tubulin signals) to the total image area. This serves as a proxy for cell density and proliferation inhibition, which are primary effects of cytotoxic drugs."
dapi_intensity_std,code,intensity,code/dapi_intensity_std/extract.py,"Computes the standard deviation of pixel intensities within segmented nuclei in the DAPI channel. This measures chromatin condensation and texture heterogeneity, which are key indicators of DNA damage or apoptosis."
actin_radial_distribution,code,spatial,code/actin_radial_distribution/extract.py,Calculates the intensity of Actin signal as a function of distance from the nuclear centroid (radial profile). This distinguishes cells with cortical actin (ring-like) from those with diffuse or stress fiber actin throughout the cytoplasm.
tubulin_texture_contrast,code,texture,code/tubulin_texture_contrast/extract.py,"Computes the Haralick Contrast feature for the Tubulin channel. This measures the local intensity variation, helping to distinguish between smooth, diffuse tubulin staining and sharp, fibrous microtubule networks."
cytoplasm_nucleus_area_ratio,code,morphology,code/cytoplasm_nucleus_area_ratio/extract.py,Calculates the ratio of cytoplasmic area (Cell Area - Nuclear Area) to Nuclear Area. This 'N:C ratio' is a classic cytological metric that changes in cancer and senescence.
nucleus_area_mean,code,morphology,code/nucleus_area_mean/extract.py,"Calculates the mean area of segmented nuclei based on the DAPI channel. Changes in nuclear size can indicate cell cycle arrest (enlargement) or apoptosis (shrinkage/fragmentation), relevant to drug mechanism of action."
dapi_texture_haralick_contrast_mean,code,texture,code/dapi_texture_haralick_contrast_mean/extract.py,"Computes the mean Haralick contrast of the DAPI intensity within segmented nuclei. This quantifies chromatin condensation and texture heterogeneity, which are key markers for DNA damage and apoptosis."
micronuclei_count_mean,code,morphology,code/micronuclei_count_mean/extract.py,"Counts the average number of small, detached DAPI-positive objects near the main nucleus per cell. The RAG explicitly links micronuclei to genomic instability and mitotic slippage (e.g., Vincristine effects), making this a high-value biolog"
tubulin_intensity_skewness_mean,code,intensity,code/tubulin_intensity_skewness_mean/extract.py,"Computes the skewness of the pixel intensity distribution in the Tubulin channel for each cell. High skewness can indicate the presence of bright, bundled microtubules (e.g., Taxol effect) versus a more diffuse distribution."
tubulin_fiber_alignment_index,code,texture,code/tubulin_fiber_alignment_index/extract.py,"Measures the directionality or alignment of structures in the Tubulin channel using gradient structure tensors or Fourier analysis. High alignment may indicate microtubule bundling (Taxol effect), while low alignment suggests a disordered n"
tubulin_radial_concentration_ratio,code,spatial,code/tubulin_radial_concentration_ratio/extract.py,Calculates the ratio of Tubulin intensity in the perinuclear region versus the cell periphery. This helps identify phenotypes like monoastral spindles (central concentration) versus spread interphase networks.
actin_cell_area_mean,code,morphology,code/actin_cell_area_mean/extract.py,"Calculates the mean area of the entire cell body defined by the Actin cytoskeleton. Changes in cell spread and size are indicative of cytoskeletal reorganization, detachment, or senescence (enlarged cells)."
actin_eccentricity_mean,code,morphology,code/actin_eccentricity_mean/extract.py,"Computes the eccentricity of the cell shape based on the Actin cytoskeleton. This quantifies cell elongation versus rounding, which is critical for identifying cells in mitotic arrest (rounded) or senescence (flattened/elongated)."
actin_edge_intensity_ratio,code,distribution,code/actin_edge_intensity_ratio/extract.py,Calculates the ratio of mean Actin intensity at the cell boundary (cortex) to the mean intensity in the cell center. This helps distinguish cortical actin rings from stress fibers or diffuse actin.
nucleus_cytoplasm_area_ratio,code,morphology,code/nucleus_cytoplasm_area_ratio/extract.py,"Calculates the ratio of nuclear area (DAPI) to cytoplasmic area (Actin/Tubulin). The N:C ratio is a classic cytological metric that changes during differentiation, cancer progression, and drug response."
cell_neighbor_count_mean,code,spatial,code/cell_neighbor_count_mean/extract.py,"Calculates the average number of immediate neighbors for each cell, based on a Delaunay triangulation or distance threshold of cell centroids. This measures local cell density and clustering."
nucleus_count,code,distribution,code/nucleus_count/extract.py,Counts the total number of distinct nuclei identified in the DAPI channel. This serves as a primary proxy for cell proliferation or cytotoxicity (cell loss) in response to drug treatments.
tubulin_fiber_gradient_magnitude_mean,code,texture,code/tubulin_fiber_gradient_magnitude_mean/extract.py,"Computes the mean gradient magnitude of the Tubulin (green) channel within cell boundaries. High values indicate sharp, distinct microtubule fibers (bundling), while low values suggest diffuse or depolymerized tubulin."
actin_boundary_roughness_mean,code,morphology,code/actin_boundary_roughness_mean/extract.py,Measures the roughness of the cell boundary (perimeter squared / (4 * pi * area)) derived from the Actin channel. High roughness can indicate membrane blebbing or invasive protrusions (invadopodia).
tubulin_intensity_mean,code,intensity,code/tubulin_intensity_mean/extract.py,"Calculates the average intensity of the Tubulin channel within the cell cytoplasm. This quantifies the overall abundance of microtubules, which changes under stabilizing (Taxol) or destabilizing (Vinca) drug treatments."
actin_intensity_cv,code,intensity,code/actin_intensity_cv/extract.py,"Measures the Coefficient of Variation (std/mean) of Actin intensity within cells. This quantifies the heterogeneity of the actin cytoskeleton, helping to distinguish between uniform cortical actin and heterogeneous stress fibers or aggregat"
dapi_tubulin_correlation,code,spatial,code/dapi_tubulin_correlation/extract.py,"Computes the Pearson correlation coefficient between pixel intensities of the DAPI (nucleus) and Tubulin (microtubule) channels. This measures the spatial overlap or exclusion of these structures, which changes during mitosis (spindle forma"
cell_count,code,distribution,code/cell_count/extract.py,Counts the total number of nuclei detected in the DAPI channel. A reduction in cell count is a direct proxy for cytotoxicity or cytostasis.
nuclear_eccentricity_std,code,distribution,code/nuclear_eccentricity_std/extract.py,Computes the standard deviation of nuclear eccentricity across the image. A high standard deviation suggests a heterogeneous population containing both round (interphase) and elongated (mitotic or deformed) nuclei.
dapi_intensity_kurtosis,code,intensity,code/dapi_intensity_kurtosis/extract.py,"Measures the kurtosis of the DAPI intensity distribution within nuclei. High kurtosis indicates a 'peaky' distribution, potentially reflecting heterochromatin aggregation or specific nuclear staining patterns."
cell_skeleton_branch_points,code,morphology,code/cell_skeleton_branch_points/extract.py,Skeletons the Actin channel mask and counts the number of branch points. This serves as a proxy for the complexity of the actin cytoskeletal network.
tubulin_radial_distribution,code,spatial,code/tubulin_radial_distribution/extract.py,Measures the radial intensity profile of Tubulin relative to the centroid of the nearest nucleus. This quantifies whether microtubules are concentrated perinuclearly or extended to the cell periphery.
actin_tubulin_intensity_ratio,code,intensity,code/actin_tubulin_intensity_ratio/extract.py,"Computes the ratio of total Actin intensity to total Tubulin intensity. This global metric captures the balance between the two major cytoskeletal components, which can be shifted by specific drugs."
tubulin_texture_entropy,code,texture,code/tubulin_texture_entropy/extract.py,"Computes the entropy of the pixel intensity distribution in the Tubulin (green) channel. High entropy suggests a complex, disordered microtubule network, while low entropy may indicate depolymerization or bundling."
actin_tubulin_correlation,code,spatial,code/actin_tubulin_correlation/extract.py,"Calculates the Pearson correlation coefficient between pixel intensities of the Actin and Tubulin channels. This measures the spatial overlap of the two cytoskeletal networks, which may dissociate under drug treatment."
nuclear_actin_ratio,code,intensity,code/nuclear_actin_ratio/extract.py,"Calculates the ratio of total Actin intensity to total DAPI intensity per cell. This feature can indicate changes in cell spreading (high actin) relative to nuclear size, relevant for detecting cell flattening (senescence) or shrinkage (apo"
cell_area_mean,code,morphology,code/cell_area_mean/extract.py,"Calculates the mean area of the entire cell (cytoplasm + nucleus) using Actin and Tubulin channels to define boundaries. Significant increases can indicate senescence (flattened, enlarged cells), while decreases may indicate stress or round"
dapi_contrast_haralick,code,texture,code/dapi_contrast_haralick/extract.py,"Measures the Haralick contrast of the DAPI channel. High contrast indicates large local intensity variations, which correlates with the formation of heterochromatin foci or nuclear fragmentation induced by DNA-damaging agents."
tubulin_intensity_kurtosis,code,intensity,code/tubulin_intensity_kurtosis/extract.py,"Computes the kurtosis of the pixel intensity distribution in the Tubulin channel across the entire image. High kurtosis can indicate the presence of bright, distinct microtubule bundles against a dark background, as opposed to a diffuse sig"
dapi_tubulin_overlap_fraction,code,spatial,code/dapi_tubulin_overlap_fraction/extract.py,"Measures the fraction of the nuclear area that overlaps with significant Tubulin signal. In healthy interphase cells, microtubules are excluded from the nucleus; overlap may indicate nuclear envelope breakdown (prometaphase) or segmentation"
nuclear_roundness_mean,code,morphology,code/nuclear_roundness_mean/extract.py,Measures the mean roundness of nuclei. Deviations from circularity can indicate apoptosis (fragmentation/blebbing) or mitotic catastrophe.
dapi_intensity_entropy,code,texture,code/dapi_intensity_entropy/extract.py,"Computes the entropy of pixel intensities within the nucleus. This serves as a proxy for chromatin condensation and texture, which changes during DNA damage responses or apoptosis."
tubulin_fiber_texture_contrast,code,texture,code/tubulin_fiber_texture_contrast/extract.py,"Measures the Haralick contrast in the Tubulin channel. High contrast often correlates with microtubule bundling (thick, rigid fibers) induced by Taxanes, as opposed to a fine meshwork."
cell_eccentricity_mean,code,morphology,code/cell_eccentricity_mean/extract.py,"Measures the average eccentricity of the whole cell shape (defined by Actin/Tubulin). Elongated cells (high eccentricity) may indicate a migratory phenotype or stress fibers, while round cells (low eccentricity) may indicate mitotic arrest "
micronuclei_count_per_cell,code,morphology,code/micronuclei_count_per_cell/extract.py,"Counts small, detached DAPI-positive objects near the main nucleus. Micronuclei are a specific indicator of genomic instability and mitotic slippage (e.g., Vinca alkaloids)."
tubulin_radial_distribution_ratio,code,distribution,code/tubulin_radial_distribution_ratio/extract.py,Calculates the ratio of Tubulin intensity in the perinuclear region versus the cell periphery. This helps quantify phenotypes like monoastral spindles where microtubules radiate from a central point.
nuclear_cytoplasmic_ratio,code,spatial,code/nuclear_cytoplasmic_ratio/extract.py,Computes the ratio of the total nuclear area (DAPI) to the total cytoplasmic area (Actin - DAPI). This is a fundamental cellular metric often altered in cancer progression and drug response.
dapi_solidity_mean,code,morphology,code/dapi_solidity_mean/extract.py,"Computes the mean solidity (area / convex hull area) of segmented nuclei. Low solidity indicates irregular, concave, or lobulated nuclear shapes, often associated with nuclear envelope stress or polymorphism."
tubulin_intensity_variance,code,intensity,code/tubulin_intensity_variance/extract.py,"Calculates the variance of pixel intensities in the Tubulin channel. High variance suggests distinct structures (bundles/fibers), while low variance suggests diffuse depolymerization."
actin_fiber_orientation_coherence,code,texture,code/actin_fiber_orientation_coherence/extract.py,"Measures the global coherence of actin fiber orientation using structure tensor analysis. High coherence suggests aligned stress fibers, while low coherence indicates a disorganized cytoskeleton."
dapi_granulometry_mean,code,texture,code/dapi_granulometry_mean/extract.py,Performs a granulometric analysis (opening operations with increasing structuring element sizes) on the DAPI channel to estimate the average size of bright chromatin speckles. This quantifies chromatin condensation patterns.
micronuclei_count_approx,code,morphology,code/micronuclei_count_approx/extract.py,"Counts the number of small, distinct DAPI-positive objects that are detached from the main nuclei. An increase in micronuclei is a hallmark of genomic instability and mitotic slippage."
actin_cortical_intensity_ratio,code,spatial,code/actin_cortical_intensity_ratio/extract.py,"Calculates the ratio of Actin intensity at the cell boundary (cortex) versus the inner cytoplasm. High ratios indicate cortical actin ring formation (rounding), while low ratios suggest stress fibers throughout the cell."
dapi_haralick_contrast_mean,code,texture,code/dapi_haralick_contrast_mean/extract.py,"Computes the mean Haralick contrast of the DAPI intensity within segmented nuclei. High contrast corresponds to heterogeneous chromatin texture, potentially indicating condensation or DNA damage foci."
tubulin_intensity_mass_mean,code,intensity,code/tubulin_intensity_mass_mean/extract.py,"Calculates the mean total integrated intensity of the Tubulin channel per cell. This proxies the total abundance of polymerized microtubules, which can be affected by stabilizing (Taxanes) or destabilizing (Vinca alkaloids) drugs."
tubulin_skeleton_length_mean,code,morphology,code/tubulin_skeleton_length_mean/extract.py,"Applies skeletonization to the Tubulin channel within each cell and calculates the mean total skeleton length. This proxies the extent of microtubule polymerization and network complexity, distinguishing between diffuse signal and distinct "
actin_compactness_mean,code,morphology,code/actin_compactness_mean/extract.py,"Calculates the mean compactness (perimeter squared divided by area) of cells in the Actin channel. High values indicate complex, irregular cell boundaries (e.g., blebbing or protrusions), while low values indicate smooth, round cells."
nucleus_to_cell_area_ratio_mean,code,morphology,code/nucleus_to_cell_area_ratio_mean/extract.py,"Computes the mean ratio of nuclear area to total cell area (N/C ratio). This is a classic cytological feature used to assess cell maturity, malignancy, and response to stress."
tubulin_actin_correlation_mean,code,spatial,code/tubulin_actin_correlation_mean/extract.py,Calculates the Pearson correlation coefficient between Tubulin and Actin pixel intensities within each cell. Changes in cytoskeleton organization often alter the spatial overlap of these two systems.
cell_neighbor_distance_mean,code,spatial,code/cell_neighbor_distance_mean/extract.py,"Calculates the average distance to the k-nearest neighbors for each cell. This spatial feature captures local cell density and clustering, which can be affected by cell death (clearing) or proliferation (crowding)."
tubulin_radial_intensity_gradient_mean,code,spatial,code/tubulin_radial_intensity_gradient_mean/extract.py,"Measures the gradient of tubulin intensity from the nucleus center towards the cell periphery. This captures the distribution of microtubules (e.g., perinuclear clustering vs. uniform distribution)."
actin_edge_intensity_ratio_mean,code,spatial,code/actin_edge_intensity_ratio_mean/extract.py,Calculates the ratio of Actin intensity at the cell boundary (cortex) versus the cell interior. This distinguishes cells with strong cortical actin rings from those with diffuse or stress-fiber-rich actin.
dapi_peak_intensity_count_mean,code,texture,code/dapi_peak_intensity_count_mean/extract.py,Counts the number of local intensity maxima (peaks) within each nucleus that exceed a threshold. This serves as a proxy for counting bright heterochromatin spots or DNA damage foci.
tubulin_haralick_contrast_global,code,texture,code/tubulin_haralick_contrast_global/extract.py,"Computes the Haralick Contrast texture feature for the Tubulin channel. This quantifies the local intensity variations, helping to distinguish between diffuse tubulin staining and distinct, high-contrast microtubule fibers or bundles."
tubulin_intensity_kurtosis_global,code,intensity,code/tubulin_intensity_kurtosis_global/extract.py,"Computes the kurtosis of the pixel intensity distribution for the Tubulin channel. High kurtosis indicates a distribution with heavy tails, often associated with the presence of very bright microtubule bundles against a darker background."
dapi_tubulin_overlap_fraction_mean,code,spatial,code/dapi_tubulin_overlap_fraction_mean/extract.py,Measures the fraction of the Tubulin signal that spatially overlaps with the nuclear mask. High overlap may indicate mitotic spindles (which form around chromosomes) or cytoskeletal collapse onto the nucleus.
cell_count_total,code,distribution,code/cell_count_total/extract.py,Counts the total number of segmented nuclei in the image. This is a direct proxy for cell proliferation or cytotoxicity (cell loss).
actin_texture_entropy_mean,code,texture,code/actin_texture_entropy_mean/extract.py,"Computes the mean entropy of the Actin texture within segmented cells. High entropy indicates a complex, disordered cytoskeletal network, while low entropy may suggest diffuse or uniform staining."
tubulin_moment_of_inertia_mean,code,spatial,code/tubulin_moment_of_inertia_mean/extract.py,Calculates the mean moment of inertia of the Tubulin intensity relative to the cell centroid. This measures how dispersed the microtubule network is from the cell center.
dapi_high_intensity_area_fraction_mean,code,intensity,code/dapi_high_intensity_area_fraction_mean/extract.py,"Calculates the fraction of the nuclear area that exceeds a high intensity threshold (e.g., >90th percentile of image). This quantifies the extent of bright, condensed chromatin regions."
cell_perimeter_area_ratio_mean,code,morphology,code/cell_perimeter_area_ratio_mean/extract.py,"Computes the mean ratio of perimeter squared to area for segmented cells (Actin). This is a measure of boundary complexity or compactness, sensitive to cell spreading and membrane ruffling."
tubulin_intensity_skewness,code,intensity,code/tubulin_intensity_skewness/extract.py,"Calculates the skewness of the pixel intensity distribution in the Tubulin (green) channel. A highly skewed distribution (long tail) can indicate the presence of bright, rigid microtubule bundles (taxane effect) versus a more diffuse signal"
dapi_tubulin_distance_mean,code,spatial,code/dapi_tubulin_distance_mean/extract.py,Measures the average distance between the centroid of the nucleus and the centroid of the tubulin intensity distribution within each cell. Large offsets can indicate cell polarization or asymmetric cytoskeletal organization.
dapi_peak_intensity_ratio,code,intensity,code/dapi_peak_intensity_ratio/extract.py,"Calculates the ratio of the maximum pixel intensity to the mean pixel intensity within the nucleus. A high ratio suggests the presence of bright nuclear foci (e.g., condensed chromatin or micronuclei)."
tubulin_radial_distribution_slope,code,spatial,code/tubulin_radial_distribution_slope/extract.py,"Calculates the gradient of Tubulin intensity radiating from the nuclear centroid to the cell periphery. This helps distinguish phenotypes where microtubules are clustered perinuclearly (e.g., collapsed) versus extended to the edge."
dapi_boundary_intensity_mean,code,intensity,code/dapi_boundary_intensity_mean/extract.py,"Measures the mean intensity of DAPI pixels at the boundary of the nucleus mask. Increased boundary intensity can indicate chromatin margination, a specific morphological feature of early apoptosis."
actin_texture_contrast_mean,code,texture,code/actin_texture_contrast_mean/extract.py,"Computes the Haralick Contrast feature for the Actin channel. This quantifies the local intensity variation, distinguishing between smooth, diffuse actin staining and textured, stress-fiber-rich cytoskeletons."
tubulin_polarity_index,code,spatial,code/tubulin_polarity_index/extract.py,"Measures the spatial distribution of tubulin intensity relative to the nucleus centroid. It calculates the vector sum of intensity-weighted positions in the Tubulin channel centered on the nucleus, quantifying the degree of polarization of "
actin_fiber_alignment,code,texture,code/actin_fiber_alignment/extract.py,"Analyzes the local orientation of actin filaments in the Actin channel using structure tensors or gradient histograms. A high score indicates strongly aligned stress fibers (common in static, adherent cells), while a low score indicates a d"
nuclear_circularity_median,code,morphology,code/nuclear_circularity_median/extract.py,"Calculates the median circularity (4*pi*area/perimeter^2) of nuclei. Deviations from circularity can indicate nuclear blebbing, fragmentation (apoptosis), or irregular shapes associated with nuclear envelope stress."
actin_cortical_enrichment,code,distribution,code/actin_cortical_enrichment/extract.py,Measures the ratio of Actin intensity at the cell boundary (cortex) versus the cell interior. Changes in cortical actin are relevant for cell motility and adhesion phenotypes.
nuclear_actin_exclusion,code,spatial,code/nuclear_actin_exclusion/extract.py,"Quantifies the average intensity of Actin signal within the nuclear region relative to the cytoplasmic region. In healthy cells, actin is largely excluded from the nucleus; an increase might indicate nuclear envelope rupture or segmentation"
dapi_intensity_integrated,code,intensity,code/dapi_intensity_integrated/extract.py,"Sums the total DAPI intensity across all nuclei. This is a proxy for total DNA content in the field of view, which correlates with cell number and ploidy levels."
vlm_actin_puncta_prominence,vlm,texture,vlm/vlm_actin_puncta_prominence/feature.json,"Visually scores how prominent high-intensity actin puncta appear within cells (e.g., focal adhesions or actin aggregates). Higher values indicate more conspicuous punctate actin structures against the surrounding cytoskeleton."
tubulin_texture_haralick_contrast,code,texture,code/tubulin_texture_haralick_contrast/extract.py,"Computes the Haralick contrast of the Tubulin channel. High contrast corresponds to distinct, sharp structures (like bundled microtubules), while low contrast indicates diffuse staining."
nucleus_cytoplasm_intensity_ratio_actin,code,intensity,code/nucleus_cytoplasm_intensity_ratio_actin/extract.py,"Calculates the ratio of mean Actin intensity inside the nucleus vs. the cytoplasm. While Actin is primarily cytoplasmic, changes in this ratio can indicate segmentation issues or specific nuclear actin involvement."
dapi_granularity_spectrum_mean,code,texture,code/dapi_granularity_spectrum_mean/extract.py,Computes the mean power spectrum intensity at high frequencies for the DAPI channel. This acts as a proxy for nuclear granularity/heterochromatin condensation without explicit texture feature selection.
cytoskeleton_radial_distribution_tubulin,code,spatial,code/cytoskeleton_radial_distribution_tubulin/extract.py,Measures the radial intensity profile of Tubulin from the nucleus center outwards. This quantifies whether microtubules are concentrated perinuclearly or extend to the cell periphery.
cell_orientation_coherence,code,spatial,code/cell_orientation_coherence/extract.py,"Calculates the coherence of the orientation of the major axes of all cells in the image. High coherence implies cells are aligned in a specific direction (e.g., flow or substrate pattern), low implies random orientation."
tubulin_branching_density,code,morphology,code/tubulin_branching_density/extract.py,Applies a skeletonization algorithm to the Tubulin channel and counts the number of branch points per unit area. This quantifies the complexity of the microtubule network.
nuclear_shape_circularity_mean,code,morphology,code/nuclear_shape_circularity_mean/extract.py,"Computes the mean circularity (4*pi*area/perimeter^2) of nuclei. This metric helps distinguish between healthy, round nuclei and irregular, blebbed, or fragmented nuclei often seen in apoptosis or drug-induced stress."
tubulin_intensity_mean_per_cell,code,intensity,code/tubulin_intensity_mean_per_cell/extract.py,"Computes the average intensity of the Tubulin (green) channel within the cell body. This quantifies the overall abundance of microtubules, which can be affected by stabilizing (Taxanes) or destabilizing (Vinca alkaloids) agents."
actin_cell_eccentricity_mean,code,morphology,code/actin_cell_eccentricity_mean/extract.py,"Measures the mean eccentricity of the cell boundary defined by Actin staining. This quantifies cell elongation, differentiating between flattened, mesenchymal-like morphologies and rounded, amoeboid or mitotic phenotypes."
nucleus_cytoplasm_area_ratio_mean,code,morphology,code/nucleus_cytoplasm_area_ratio_mean/extract.py,"Calculates the ratio of nuclear area to cytoplasmic area for each cell. The N/C ratio is a classic cytological feature that changes during differentiation, cancer progression, and response to treatment."
dapi_tubulin_pixel_correlation,code,spatial,code/dapi_tubulin_pixel_correlation/extract.py,"Computes the Pearson correlation coefficient between DAPI and Tubulin pixel intensities across the whole image (or per cell). This measures the spatial overlap of DNA and microtubules, which is relevant for detecting mitotic spindles."
actin_texture_gabor_energy_mean,code,texture,code/actin_texture_gabor_energy_mean/extract.py,Applies a bank of Gabor filters to the Actin (red) channel and calculates the mean energy. This captures the prevalence of linear structures like stress fibers at various orientations.
nuclear_boundary_solidity_mean,code,morphology,code/nuclear_boundary_solidity_mean/extract.py,"Calculates the solidity (Area / Convex Hull Area) of nuclei. Low solidity indicates irregular, lobulated, or blebbing nuclei (often signs of nuclear fragmentation or stress), while high solidity indicates smooth, elliptical shapes."
cell_dispersion_index,code,distribution,code/cell_dispersion_index/extract.py,"Calculates the nearest-neighbor distance statistics for cell centroids across the image. This quantifies spatial clustering or dispersion, reflecting cell density and potential contact inhibition or loss thereof."
tubulin_radial_intensity_gradient,code,spatial,code/tubulin_radial_intensity_gradient/extract.py,Measures the gradient of tubulin intensity radiating from the cell center (nucleus) to the periphery. This is designed to capture the 'monoastral' phenotype (Monastrol effect) where microtubules radiate from a single central point.
tubulin_intensity_mass_displacement,code,spatial,code/tubulin_intensity_mass_displacement/extract.py,"Calculates the distance between the geometric centroid of the cell and the intensity-weighted centroid of the Tubulin channel. Large displacements indicate asymmetric microtubule organization, relevant for polarization or defects in spindle"
actin_texture_gabor_energy,code,texture,code/actin_texture_gabor_energy/extract.py,"Computes the energy response of Gabor filters applied to the Actin channel. This quantifies the presence and strength of linear structures like stress fibers, distinguishing them from diffuse cortical actin."
cell_compactness_mean,code,morphology,code/cell_compactness_mean/extract.py,"Calculates the mean compactness (4π * Area / Perimeter^2) of cells. Values near 1 indicate perfect circles (mitotic rounding), while lower values indicate complex, irregular shapes (mesenchymal/spread morphology)."
nucleus_cell_centroid_distance,code,spatial,code/nucleus_cell_centroid_distance/extract.py,Measures the Euclidean distance between the centroid of the nucleus and the centroid of the whole cell. This quantifies cell polarity and symmetry; loss of polarity can indicate cytoskeletal disruption.
tubulin_radial_distribution_mean,code,spatial,code/tubulin_radial_distribution_mean/extract.py,"Measures the average distance of tubulin signal intensity from the nuclear centroid. This helps distinguish between perinuclear clustering (e.g., collapsed cytoskeleton) and peripheral distribution."
nucleus_intensity_entropy,code,texture,code/nucleus_intensity_entropy/extract.py,Measures the Shannon entropy of pixel intensities within segmented nuclei in the DAPI channel. This quantifies the texture complexity of chromatin; high entropy may indicate fragmented or condensed chromatin associated with DNA damage or ap
cell_circularity_mean,code,morphology,code/cell_circularity_mean/extract.py,"Computes the mean circularity of segmented cell bodies (using Actin/Tubulin boundaries). High circularity is a hallmark of mitotic arrest or cell detachment, distinct from the irregular shapes of adherent interphase cells."
tubulin_total_intensity_mean,code,intensity,code/tubulin_total_intensity_mean/extract.py,"Calculates the mean total intensity of the Tubulin channel per segmented cell. Changes in tubulin mass can indicate microtubule stabilization (e.g., Taxol) or depolymerization."
actin_fiber_alignment_coherence,code,texture,code/actin_fiber_alignment_coherence/extract.py,"Analyzes the local orientation of actin filaments to determine a coherence score. High coherence indicates parallel stress fibers, while low coherence suggests a disorganized meshwork, relevant for detecting cytoskeletal reorganization."
tubulin_texture_correlation,code,texture,code/tubulin_texture_correlation/extract.py,"Computes the Haralick correlation texture feature for the Tubulin channel. This measures the linear dependency of gray levels on neighboring pixels, capturing the structural regularity of the microtubule network (e.g., bundles vs. diffuse)."
cell_extent_mean,code,morphology,code/cell_extent_mean/extract.py,"Calculates the mean extent (ratio of object area to bounding box area) of segmented cells. This shape descriptor helps differentiate between spread-out, irregular cells (low extent) and compact, geometric shapes (high extent)."
actin_tubulin_overlap_pearson,code,spatial,code/actin_tubulin_overlap_pearson/extract.py,"Computes the Pearson correlation coefficient between pixel intensities of the Actin and Tubulin channels within cell masks. This measures the spatial colocalization of the two cytoskeletal networks, which may decouple under specific drug tr"
nucleus_boundary_roughness,code,morphology,code/nucleus_boundary_roughness/extract.py,Measures the roughness of the nuclear boundary (perimeter^2 / (4 * pi * area) normalized or similar fractal dimension proxy). Irregular boundaries can indicate nuclear envelope stress or early fragmentation.
tubulin_radial_profile_slope,code,spatial,code/tubulin_radial_profile_slope/extract.py,"Calculates the slope of the intensity profile of Tubulin radiating from the nucleus center to the cell periphery. A steep negative slope indicates perinuclear concentration (e.g., monoastral spindles), while a flat slope indicates diffuse d"
actin_intensity_skewness,code,intensity,code/actin_intensity_skewness/extract.py,"Measures the skewness of the pixel intensity distribution in the Actin channel. High skewness suggests the presence of sparse, bright structures (like stress fibers or foci) against a darker background."
tubulin_intensity_mean_cell,code,intensity,code/tubulin_intensity_mean_cell/extract.py,"Measures the mean intensity of the Tubulin (green) channel within the cell boundary. This quantifies the overall abundance of microtubules, which can be affected by stabilizers (e.g., Taxol) or destabilizers."
actin_area_mean,code,morphology,code/actin_area_mean/extract.py,"Calculates the mean area of the cell cytoplasm defined by the Actin channel. This captures cell spreading versus rounding, a key morphological response to cytoskeletal toxins or mitotic arrest."
tubulin_distribution_asymmetry,code,distribution,code/tubulin_distribution_asymmetry/extract.py,Measures the asymmetry of the Tubulin signal relative to the nuclear centroid. Polarized tubulin distribution is a feature of migrating cells or specific mitotic phases.
actin_edge_sharpness_mean,code,texture,code/actin_edge_sharpness_mean/extract.py,"Calculates the mean gradient magnitude at the boundary of the segmented cell in the Actin channel. Sharp edges may indicate tense, spread cells, while diffuse edges might suggest membrane blebbing or retraction."
nucleus_actin_correlation,code,spatial,code/nucleus_actin_correlation/extract.py,"Computes the Pearson correlation coefficient between pixel intensities of DAPI and Actin channels within the cell area. This measures the spatial overlap of the nucleus and cytoskeleton, which can change during mitosis or cell spreading."
tubulin_texture_contrast_mean,code,texture,code/tubulin_texture_contrast_mean/extract.py,"Computes the GLCM Contrast feature for the Tubulin channel within cell boundaries. High contrast suggests distinct, sharp microtubules (e.g., bundles), while low contrast suggests diffuse or depolymerized tubulin."
dapi_haralick_entropy_mean,code,texture,code/dapi_haralick_entropy_mean/extract.py,"Calculates the mean Haralick Entropy of the DAPI channel within nuclei. Entropy measures the randomness of the texture; high entropy suggests complex, non-uniform chromatin structure."
tubulin_skeleton_branch_length_mean,code,morphology,code/tubulin_skeleton_branch_length_mean/extract.py,"Skeletons the tubulin network and calculates the mean length of branches. This quantifies the continuity of the microtubule network, which is disrupted by destabilizers."
cell_neighbor_adjacency_count,code,spatial,code/cell_neighbor_adjacency_count/extract.py,"Calculates the average number of immediate neighbors for each cell. This measures local cell crowding, which can influence morphology and drug response."
nucleus_compactness_mean,code,morphology,code/nucleus_compactness_mean/extract.py,"Computes the mean compactness (perimeter squared divided by area) of nuclei. This shape factor helps distinguish between smooth, round nuclei (healthy/interphase) and irregular or lobulated nuclei (apoptotic/mitotic catastrophe)."
nucleus_cytoplasm_ratio_mean,code,morphology,code/nucleus_cytoplasm_ratio_mean/extract.py,Calculates the average ratio of nuclear area to cytoplasmic area (Cell Area - Nuclear Area) for each cell. A high N/C ratio is often a marker of malignancy or specific developmental states.
actin_intensity_mean,code,intensity,code/actin_intensity_mean/extract.py,"Calculates the average intensity of the Actin channel within the cell. This reflects the abundance of the actin cytoskeleton, relevant for assessing structural integrity and stress fiber formation."
tubulin_haralick_contrast_mean,code,texture,code/tubulin_haralick_contrast_mean/extract.py,"Computes the mean Haralick Contrast of the Tubulin channel within cells. High contrast corresponds to sharp, distinct fibers (bundling), while low contrast indicates diffuse or depolymerized tubulin."
actin_haralick_correlation_mean,code,texture,code/actin_haralick_correlation_mean/extract.py,"Computes the mean Haralick Correlation of the Actin channel within cells. Measures the linear dependency of gray levels, reflecting the organized, repetitive nature of stress fibers versus disordered actin."
dapi_tubulin_pearson_correlation,code,spatial,code/dapi_tubulin_pearson_correlation/extract.py,"Calculates the Pearson correlation coefficient between pixel intensities of DAPI and Tubulin channels within the cell. Changes in this correlation can indicate gross morphological reorganization, such as the breakdown of the nuclear envelop"
nucleus_displacement_mean,code,spatial,code/nucleus_displacement_mean/extract.py,Measures the mean Euclidean distance between the centroid of the nucleus and the centroid of the whole cell. This quantifies cell polarity and symmetry breaking.
cell_solidity_mean,code,morphology,code/cell_solidity_mean/extract.py,"Computes the mean solidity (area / convex hull area) of cells. Low solidity indicates a rough, irregular boundary with many protrusions (filopodia/lamellipodia) or blebs, while high solidity indicates a smooth, convex shape."
tubulin_radial_distribution_gradient,code,spatial,code/tubulin_radial_distribution_gradient/extract.py,"Measures the gradient of tubulin intensity radiating from the nuclear centroid to the cell periphery. This feature is designed to quantitatively detect the 'monoastral' phenotype (Monastrol effect), where microtubules radiate from a single "
tubulin_texture_contrast_glcm,code,texture,code/tubulin_texture_contrast_glcm/extract.py,"Computes the GLCM contrast of the Tubulin channel. High contrast indicates sharp intensity transitions, typical of distinct fibers or bundles, while low contrast suggests a diffuse or depolymerized network."
nuclear_fragmentation_index,code,distribution,code/nuclear_fragmentation_index/extract.py,"Counts the number of distinct DAPI objects within a defined radius of a cell centroid, normalized by cell area. A high index suggests nuclear fragmentation (karyorrhexis) or micronuclei formation."
tubulin_spatial_entropy,code,distribution,code/tubulin_spatial_entropy/extract.py,"Calculates the entropy of the spatial distribution of tubulin intensity. High entropy implies a diffuse, disordered distribution (depolymerization), while low entropy implies organized structures (spindles or bundles)."
nuclear_intensity_cv_mean,code,texture,code/nuclear_intensity_cv_mean/extract.py,"Computes the mean Coefficient of Variation (CV) of pixel intensities within each segmented nucleus in the DAPI channel. This measures chromatin texture and condensation heterogeneity, which are key indicators of DNA damage or apoptotic onse"
cell_form_factor_mean,code,morphology,code/cell_form_factor_mean/extract.py,"Measures the mean form factor (4 * pi * Area / Perimeter^2) of segmented cells. Values close to 1 indicate perfect circles (rounding), while lower values indicate complex, elongated shapes."
tubulin_texture_energy_mean,code,texture,code/tubulin_texture_energy_mean/extract.py,"Calculates the mean Haralick Energy (angular second moment) of the Tubulin channel within segmented cells. High energy indicates textural uniformity, while low energy suggests complex, heterogeneous patterns like microtubule bundling or dis"
actin_cortical_ratio_mean,code,distribution,code/actin_cortical_ratio_mean/extract.py,Calculates the ratio of Actin intensity at the cell periphery (cortex) versus the cell center. This feature helps distinguish cells with strong cortical rings (often rounded) from those with pervasive stress fibers (spread out).
dapi_tubulin_correlation_global,code,spatial,code/dapi_tubulin_correlation_global/extract.py,Computes the Pearson correlation coefficient between pixel intensities of the DAPI and Tubulin channels. High correlation may indicate mitotic cells where tubulin (spindle) and DNA are spatially co-localized.
tubulin_skeleton_density_global,code,morphology,code/tubulin_skeleton_density_global/extract.py,"Measures the total length of the skeletonized Tubulin network normalized by the total foreground area. This quantifies the complexity and density of the microtubule network, relevant for detecting network disruption or stabilization."
actin_orientation_coherency_global,code,texture,code/actin_orientation_coherency_global/extract.py,"Measures the global coherency of Actin fiber orientation using structure tensor analysis. High coherency indicates aligned stress fibers, while low coherency suggests a disorganized actin meshwork."
tubulin_gradient_magnitude_mean,code,texture,code/tubulin_gradient_magnitude_mean/extract.py,"Calculates the mean magnitude of the image gradient in the Tubulin channel within segmented cells. This quantifies the 'sharpness' of microtubule fibers; stabilized bundles have high gradients, while diffuse tubulin has low gradients."
tubulin_haralick_entropy_mean,code,texture,code/tubulin_haralick_entropy_mean/extract.py,"Computes the entropy of the texture in the Tubulin channel. High entropy suggests a complex, disordered cytoskeletal network, while low entropy may indicate loss of structure or diffuse staining."
actin_intensity_mean_global,code,intensity,code/actin_intensity_mean_global/extract.py,Calculates the mean pixel intensity of the Actin (red) channel across the entire image. This serves as a proxy for total cytoskeletal protein abundance or cell spreading/confluence.
dapi_texture_entropy_mean,code,texture,code/dapi_texture_entropy_mean/extract.py,"Computes the entropy of the pixel intensity distribution within segmented nuclei in the DAPI channel. High entropy correlates with heterogeneous chromatin texture, which can indicate DNA damage ($γ$H2AX-associated changes) or chromatin cond"
nuclear_form_factor_mean,code,morphology,code/nuclear_form_factor_mean/extract.py,"Computes the mean form factor (4 * pi * Area / Perimeter^2) of nuclei. Values close to 1 indicate perfect circles, while lower values indicate irregular shapes, capturing phenotypes like nuclear blebbing or fragmentation described in the RA"
dapi_intensity_mad,code,texture,code/dapi_intensity_mad/extract.py,"Calculates the Median Absolute Deviation (MAD) of pixel intensities within the DAPI channel across the entire image. This serves as a robust measure of texture heterogeneity in chromatin structure, potentially reflecting condensation or DNA"
tubulin_fiber_alignment_strength,code,texture,code/tubulin_fiber_alignment_strength/extract.py,"Measures the anisotropy or alignment strength of the tubulin channel using structure tensor analysis. High values indicate parallel bundling of microtubules (a Taxane phenotype), while low values indicate a disordered meshwork."
tubulin_skeleton_network_length_mean,code,morphology,code/tubulin_skeleton_network_length_mean/extract.py,"Applies skeletonization to the tubulin channel of segmented cells and calculates the mean total length of the skeleton per cell. This quantifies the complexity and intactness of the microtubule network, which is disrupted by Vinca alkaloids"
actin_cell_extent_mean,code,morphology,code/actin_cell_extent_mean/extract.py,"Calculates the mean 'extent' (ratio of object area to bounding box area) of segmented cells in the Actin channel. This helps distinguish between spread-out, irregular mesenchymal-like shapes and compact, rounded cells."
actin_radial_intensity_gradient,code,distribution,code/actin_radial_intensity_gradient/extract.py,Measures the gradient of actin intensity from the cell center to the periphery. This distinguishes cells with strong cortical actin rings (peripheral) from those with diffuse or stress-fiber dominant (central) actin distributions.
tubulin_actin_correlation,code,spatial,code/tubulin_actin_correlation/extract.py,"Calculates the Pearson correlation coefficient between the Tubulin and Actin channel intensities within segmented cell boundaries. This measures the spatial covariance of the cytoskeleton, which may be disrupted by drugs targeting specific "
tubulin_intensity_cv,code,intensity,code/tubulin_intensity_cv/extract.py,"Calculates the coefficient of variation (std/mean) of pixel intensities in the Tubulin (green) channel within the cell body. This measures the heterogeneity of the microtubule network, distinguishing between diffuse tubulin (depolymerized) "
dapi_haralick_contrast,code,texture,code/dapi_haralick_contrast/extract.py,"Calculates the Haralick Contrast texture feature for the DAPI channel within segmented nuclei. This quantifies the local intensity variations, capturing subtle changes in chromatin structure that may not be reflected in simple intensity sta"
tubulin_perinuclear_ratio,code,spatial,code/tubulin_perinuclear_ratio/extract.py,"Calculates the ratio of Tubulin intensity in a ring immediately surrounding the nucleus versus the rest of the cell. This captures the collapse of the microtubule network around the nucleus, a phenotype seen with certain destabilizing drugs"
cell_area_mean_actin,code,morphology,code/cell_area_mean_actin/extract.py,"Calculates the mean area of cells segmented based on the Actin cytoskeleton. This captures cell spreading, which can be reduced in rounded mitotic cells or increased in senescent cells."
actin_cell_eccentricity,code,morphology,code/actin_cell_eccentricity/extract.py,"Measures the mean eccentricity of cells defined by the Actin channel. This distinguishes between elongated, fibroblast-like morphologies and rounded cells (e.g., in mitotic arrest or non-adherent states)."
actin_texture_entropy,code,texture,code/actin_texture_entropy/extract.py,"Calculates the entropy of the texture in the Actin channel. High entropy indicates a disordered cytoskeleton, while low entropy suggests uniform or highly organized structures."
nucleus_to_cytoplasm_area_ratio,code,morphology,code/nucleus_to_cytoplasm_area_ratio/extract.py,"Calculates the average ratio of nuclear area (DAPI) to total cell area (Actin) for segmented cells. This N/C ratio is a fundamental cellular metric that changes during differentiation, cancer progression, and drug response."
tubulin_actin_pearson_correlation,code,spatial,code/tubulin_actin_pearson_correlation/extract.py,"Calculates the correlation between cytoskeletal channels (Tubulin/Green and Actin/Red). Changes in this correlation reflect gross cytoskeletal reorganization, such as cell rounding where both signals colocalize at the periphery."
nuclear_displacement_index,code,spatial,code/nuclear_displacement_index/extract.py,"Measures the distance between the centroid of the nucleus and the centroid of the cell body (Actin). A high displacement indicates cell polarity or asymmetric morphology, while zero indicates a centered nucleus."
global_cell_confluence,code,distribution,code/global_cell_confluence/extract.py,Calculates the fraction of the total image area covered by cells (based on a combined mask of Actin and Tubulin). This serves as a proxy for cell density and proliferation/death rates.
nucleus_haralick_contrast_mean,code,texture,code/nucleus_haralick_contrast_mean/extract.py,"Computes the mean Haralick contrast of the DAPI texture within segmented nuclei. This quantifies chromatin condensation patterns, distinguishing between smooth interphase nuclei and textured mitotic or apoptotic nuclei."
tubulin_fiber_alignment_index_mean,code,texture,code/tubulin_fiber_alignment_index_mean/extract.py,"Measures the anisotropy or directional coherence of tubulin structures within each cell. High values indicate bundled or parallel microtubules (e.g., Taxol effect), while low values indicate a meshwork."
tubulin_intensity_cv_global,code,intensity,code/tubulin_intensity_cv_global/extract.py,"Calculates the coefficient of variation (std/mean) of pixel intensities in the Tubulin channel across the entire image. This measures the heterogeneity of the microtubule network; stabilized bundles (Taxanes) create high contrast/variance, "
actin_intensity_skewness_global,code,intensity,code/actin_intensity_skewness_global/extract.py,"Computes the skewness of the pixel intensity histogram for the Actin channel. High skewness suggests a background-dominated image with sparse bright structures (e.g., stress fibers), while low skewness suggests uniform coverage."
tubulin_cell_entropy_mean,code,texture,code/tubulin_cell_entropy_mean/extract.py,Computes the mean entropy of the texture in the Tubulin (green) channel across the cell body. This quantifies the disorder of the microtubule network; stabilizers like Taxol might create rigid bundles (lower entropy locally) while destabili
actin_radial_distribution_cv_mean,code,distribution,code/actin_radial_distribution_cv_mean/extract.py,"Measures the variation of Actin intensity as a function of distance from the cell center (nucleus). This captures the spatial organization of the cytoskeleton (e.g., cortical ring vs. diffuse)."
nucleus_boundary_roughness_mean,code,morphology,code/nucleus_boundary_roughness_mean/extract.py,"Quantifies the irregularity of the nuclear boundary (e.g., perimeter squared divided by area, or curvature variations). This can detect nuclear blebbing or the 'nuclear cap' deformation mentioned in the RAG, distinguishing smooth normal nuc"
cytoplasm_actin_texture_correlation_mean,code,texture,code/cytoplasm_actin_texture_correlation_mean/extract.py,"Measures the Haralick correlation of Actin texture within the cytoplasm (excluding the nucleus). This assesses the linear dependency of gray levels, reflecting the structure of actin stress fibers."
tubulin_mean_intensity_cytoplasm,code,intensity,code/tubulin_mean_intensity_cytoplasm/extract.py,"Calculates the average intensity of the Tubulin (green) signal within the cytoplasmic region (cell mask minus nuclear mask). This quantifies the abundance of the microtubule network, which can be affected by tubulin-stabilizing or destabili"
actin_mean_intensity_cytoplasm,code,intensity,code/actin_mean_intensity_cytoplasm/extract.py,Calculates the average intensity of the Actin (red) signal within the cytoplasm. Changes in actin abundance or polymerization status are key indicators of cytoskeletal remodeling or cell motility inhibition.
actin_texture_correlation_mean,code,texture,code/actin_texture_correlation_mean/extract.py,"Computes the mean Haralick Correlation of the Actin (red) channel within cell boundaries. This measures the linear dependency of gray levels, capturing the structural alignment and organization of actin stress fibers."
dapi_tubulin_correlation_cell_mean,code,spatial,code/dapi_tubulin_correlation_cell_mean/extract.py,Calculates the Pearson correlation coefficient between DAPI (blue) and Tubulin (green) pixel intensities within each cell. High correlation may indicate mitotic stages where tubulin (spindle) and DNA (chromosomes) are spatially colocalized.
nuclear_actin_center_distance_mean,code,spatial,code/nuclear_actin_center_distance_mean/extract.py,"Measures the mean Euclidean distance between the centroid of the nucleus and the centroid of the total cell (actin/tubulin). This quantifies cell polarity, as migratory cells often have the nucleus displaced towards the rear."
tubulin_skeleton_branch_density,code,morphology,code/tubulin_skeleton_branch_density/extract.py,Skeletonizes the Tubulin structure and counts the number of branch points normalized by cell area. This quantifies the complexity and connectivity of the microtubule network.
tubulin_texture_correlation_mean,code,texture,code/tubulin_texture_correlation_mean/extract.py,"Computes the Haralick correlation of the Tubulin channel within segmented cells. This measures the linear dependency of gray levels, serving as a proxy for the alignment and organization of microtubule fibers."
micronucleus_density,code,morphology,code/micronucleus_density/extract.py,"Counts the number of small, detached DAPI-positive objects (micronuclei) relative to the total image area or cell count. Micronuclei are a hallmark of genomic instability and DNA damage."
actin_intensity_cv_mean,code,intensity,code/actin_intensity_cv_mean/extract.py,Calculates the Coefficient of Variation (std/mean) of actin intensity within each cell. This captures the patchiness or concentration of actin into stress fibers versus a diffuse cortical distribution.
dapi_boundary_intensity_gradient,code,intensity,code/dapi_boundary_intensity_gradient/extract.py,"Measures the mean gradient magnitude of the DAPI signal at the nuclear boundary. Sharp gradients indicate a well-defined nuclear envelope, while diffuse gradients may suggest nuclear envelope breakdown (prometaphase)."
cell_perimeter_mean,code,morphology,code/cell_perimeter_mean/extract.py,Calculates the mean perimeter length of segmented cells. An increase in perimeter relative to area (fractal dimension) can indicate membrane ruffling or complex morphology associated with motility.
cell_shape_form_factor_mean,code,morphology,code/cell_shape_form_factor_mean/extract.py,"Computes the mean form factor (4 * pi * Area / Perimeter^2) of segmented cells. Values close to 1 indicate a perfect circle (e.g., rounded mitotic cells), while lower values indicate elongation or complex shapes (e.g., mesenchymal phenotype"
actin_intensity_max_mean,code,intensity,code/actin_intensity_max_mean/extract.py,Calculates the mean of the maximum pixel intensity in the Actin channel for each cell. High peak intensities often correspond to the presence of dense stress fibers or focal adhesions.
actin_radial_distribution_ratio,code,spatial,code/actin_radial_distribution_ratio/extract.py,"Measures the ratio of Actin intensity in the outer 20% of the cell radius versus the inner 50%. This quantifies cortical actin enrichment versus diffuse cytoplasmic actin, relevant for cell adhesion and motility phenotypes."
nuclear_shape_roundness_mean,code,morphology,code/nuclear_shape_roundness_mean/extract.py,"Computes the mean roundness (4 * pi * area / perimeter^2) of nuclei. This scalar feature helps distinguish between healthy, round nuclei and the irregular, lobulated, or fragmented nuclei often seen in apoptosis or drug toxicity."
actin_total_intensity_mean,code,intensity,code/actin_total_intensity_mean/extract.py,"Measures the average total integrated intensity of the Actin channel per cell. Changes in actin polymerization levels are indicative of cytoskeletal remodeling, stress fiber formation, or cell death processes."
tubulin_spatial_distribution_kurtosis,code,distribution,code/tubulin_spatial_distribution_kurtosis/extract.py,Calculates the kurtosis of the pixel intensity distribution in the Tubulin channel for the whole image. High kurtosis can indicate the presence of bright bundles against a dark background (bundling phenotype).
dapi_contrast_mean,code,texture,code/dapi_contrast_mean/extract.py,"Computes the mean Haralick contrast of the DAPI channel within nuclei. High contrast corresponds to sharp transitions in intensity, typical of condensed heterochromatin or apoptotic bodies."
tubulin_fiber_length_mean,code,morphology,code/tubulin_fiber_length_mean/extract.py,"Estimates the mean length of microtubule filaments after skeletonization of the Tubulin channel. Shortened fibers may indicate destabilization (e.g., Vinca alkaloids), while long, bundled fibers suggest stabilization (e.g., Taxanes)."
tubulin_intensity_radial_cv_mean,code,spatial,code/tubulin_intensity_radial_cv_mean/extract.py,"Calculates the coefficient of variation of tubulin intensity measured in concentric rings from the nucleus center to the cell boundary. This captures the spatial distribution of microtubules, distinguishing between diffuse cytoplasmic stain"
actin_intensity_kurtosis_mean,code,texture,code/actin_intensity_kurtosis_mean/extract.py,"Calculates the kurtosis of the Actin intensity distribution within cells. High kurtosis indicates the presence of distinct high-intensity structures (like stress fibers) against a background, versus a diffuse actin distribution."
actin_tubulin_overlap_fraction,code,spatial,code/actin_tubulin_overlap_fraction/extract.py,Calculates the fraction of the cell area where both Actin and Tubulin signal intensities are above a threshold (colocalization). This reflects the structural integrity and coordination of the cytoskeleton.
tubulin_fiber_texture_energy,code,texture,code/tubulin_fiber_texture_energy/extract.py,"Computes the texture energy (e.g., from GLCM or laws texture energy measures) of the Tubulin channel globally. This quantifies the 'roughness' or prominence of microtubule fibers, distinguishing between diffuse tubulin (depolymerized) and s"
nuclear_shape_eccentricity_mean,code,morphology,code/nuclear_shape_eccentricity_mean/extract.py,"Measures the mean eccentricity of nuclei, indicating how elongated they are. This helps distinguish between normal interphase nuclei (oval), mitotic nuclei (often rounder or irregular depending on phase), and distorted nuclei due to mechani"
micronucleus_object_ratio,code,morphology,code/micronucleus_object_ratio/extract.py,"Calculates the ratio of small, detached DAPI objects (micronuclei) to normal-sized nuclei. Micronuclei are a hallmark of genomic instability and mitotic slippage, which are specific outcomes of drugs like Vincristine or Methotrexate mention"
cell_spread_area_mean,code,morphology,code/cell_spread_area_mean/extract.py,"Measures the mean total area of the cell (cytoplasm + nucleus) using Actin or Tubulin channels. Significantly enlarged spread areas are a primary morphological signature of senescence, a phenotype noted in the RAG for certain drug treatment"
cell_shape_solidity_mean,code,morphology,code/cell_shape_solidity_mean/extract.py,"Calculates the mean solidity (area / convex hull area) of cells. Low solidity indicates irregular, ruffled, or blebbing edges, which can be a sign of membrane instability, motility (invadopodia), or apoptotic blebbing."
actin_skeleton_branch_density,code,morphology,code/actin_skeleton_branch_density/extract.py,"Skeletonizes the Actin channel and measures the density of branch points. This quantifies the complexity of the actin network, distinguishing between dense meshworks and simplified or collapsed cytoskeletons."
nucleus_cytoplasm_tubulin_ratio,code,distribution,code/nucleus_cytoplasm_tubulin_ratio/extract.py,"Ratio of mean Tubulin intensity in the nuclear region vs the cytoplasmic region. While Tubulin is cytoplasmic, signal bleed or specific transport defects might alter this ratio, or nuclear envelope breakdown in mitosis would equalize it."
tubulin_fiber_anisotropy_mean,code,texture,code/tubulin_fiber_anisotropy_mean/extract.py,"Analyzes the Tubulin (green) channel to measure the directional consistency (anisotropy) of microtubule fibers. High anisotropy indicates aligned bundles (stabilization), while low anisotropy suggests a disorganized meshwork (destabilizatio"
cellular_foreground_fraction,code,distribution,code/cellular_foreground_fraction/extract.py,Calculates the fraction of the total image area occupied by cellular material (foreground). This serves as a proxy for cell confluence and can indicate cytotoxicity (cell loss) or cytostatic effects (growth inhibition).
actin_fiber_texture_contrast,code,texture,code/actin_fiber_texture_contrast/extract.py,"Computes the Haralick Contrast of the Actin channel within segmented cells. High contrast indicates distinct stress fibers, while low contrast suggests a diffuse or depolymerized actin cortex."
tubulin_spatial_moment_variance,code,spatial,code/tubulin_spatial_moment_variance/extract.py,Calculates the variance of the spatial distribution of tubulin intensity relative to the cell centroid (Second Moment). This describes how spread out or concentrated the microtubule network is.
nearest_neighbor_distance_cv,code,distribution,code/nearest_neighbor_distance_cv/extract.py,"Computes the coefficient of variation (CV) of the distance to the nearest neighbor for all nuclei. High CV implies clustering (heterogeneity), while low CV implies a regular grid-like or uniform distribution."
actin_area_coverage_ratio,code,morphology,code/actin_area_coverage_ratio/extract.py,"Calculates the ratio of pixels exceeding a threshold in the Actin channel to the total image area. This measures cell confluence and spreading, which are affected by cytoskeletal drugs."
tubulin_texture_contrast_global,code,texture,code/tubulin_texture_contrast_global/extract.py,"Calculates the GLCM Contrast of the Tubulin channel for the whole image. High contrast indicates distinct, sharp structures (like bundles), while low contrast suggests diffuse or depolymerized tubulin, distinguishing between different cytos"
actin_fiber_texture_energy,code,texture,code/actin_fiber_texture_energy/extract.py,"Computes the GLCM (Gray-Level Co-occurrence Matrix) Energy feature for the Actin channel. This measures the uniformity and prominence of repetitive structures, helping to distinguish strong stress fibers from diffuse cortical actin."
nuclear_area_cv,code,distribution,code/nuclear_area_cv/extract.py,"Calculates the coefficient of variation (std dev / mean) of the areas of segmented nuclei. This scalar captures the heterogeneity of nuclear sizes in the population, which is relevant for detecting mixed populations of normal, micronucleate"
actin_cortical_enrichment_ratio,code,spatial,code/actin_cortical_enrichment_ratio/extract.py,"Computes the ratio of mean Actin intensity at the cell boundary (cortical) versus the cell center. This feature detects the redistribution of actin to the cell periphery, a phenotype often seen in rounded mitotic cells or specific cytoskele"
dapi_boundary_roughness,code,morphology,code/dapi_boundary_roughness/extract.py,Calculates the mean roughness (ratio of perimeter to convex hull perimeter) of nuclear boundaries. Increased roughness can indicate nuclear blebbing or fragmentation associated with apoptosis.
tubulin_skeleton_density,code,texture,code/tubulin_skeleton_density/extract.py,Applies a skeletonization algorithm to the thresholded Tubulin channel (Channel 1) and calculates the density of skeleton pixels. This proxies the abundance of polymerized microtubule fibers versus diffuse background signal.
dapi_intensity_skewness,code,intensity,code/dapi_intensity_skewness/extract.py,"Calculates the skewness of the pixel intensity histogram for the DAPI channel (Channel 0). A shift towards higher skewness indicates a subset of very bright pixels, characteristic of chromatin condensation or formation of bright foci."
perinuclear_tubulin_intensity,code,spatial,code/perinuclear_tubulin_intensity/extract.py,Measures the mean intensity of Tubulin (Channel 1) in a ring-shaped region immediately surrounding each segmented nucleus. This specifically targets phenotypes like the 'nuclear cap' or perinuclear accumulation of organelles/tubulin.
actin_texture_contrast,code,texture,code/actin_texture_contrast/extract.py,"Computes the Haralick Contrast feature on the Actin channel (Channel 2). This measures the local intensity variation, helping to distinguish between cells with distinct stress fibers (high contrast) and those with diffuse cortical actin (lo"
n_c_ratio_mean,code,morphology,code/n_c_ratio_mean/extract.py,Computes the average Nucleus-to-Cytoplasm area ratio. This is a critical cellular metric that changes during cell cycle progression and in response to drugs affecting cell growth vs. division.
dapi_glcm_contrast_mean,code,texture,code/dapi_glcm_contrast_mean/extract.py,"Calculates the mean contrast from the Gray Level Co-occurrence Matrix (GLCM) of the nuclear region. This texture feature quantifies local variations in DNA density, effectively capturing the 'graininess' of chromatin which changes under dru"
tubulin_intensity_kurtosis_mean,code,intensity,code/tubulin_intensity_kurtosis_mean/extract.py,"Calculates the kurtosis of the pixel intensity distribution within the tubulin channel for each cell. High kurtosis indicates a distribution with heavy tails or peaks, suggesting the presence of bright, distinct structures (like bundles or "
tubulin_fiber_alignment_coherence_mean,code,texture,code/tubulin_fiber_alignment_coherence_mean/extract.py,"Uses structure tensor analysis to measure the local coherence of tubulin fibers. High coherence indicates parallel bundling of microtubules (e.g., taxane stabilization), while low coherence suggests a disordered or depolymerized network."
channel_correlation_dapi_tubulin,code,spatial,code/channel_correlation_dapi_tubulin/extract.py,Calculates the Pearson correlation coefficient between DAPI and Tubulin pixel intensities within each cell. This helps identify mitotic cells where chromatin and spindle microtubules are spatially associated.
actin_radial_intensity_gradient_mean,code,distribution,code/actin_radial_intensity_gradient_mean/extract.py,"Measures the gradient of actin intensity from the cell center (nucleus) to the periphery. This quantifies the distribution of actin, distinguishing between cells with strong cortical actin rings and those with diffuse cytoplasmic actin or s"
dapi_area_coefficient_of_variation,code,distribution,code/dapi_area_coefficient_of_variation/extract.py,"Calculates the coefficient of variation (std/mean) of nuclear areas across the entire image. A high value indicates high heterogeneity in nuclear size, suggesting a population with mixed cell cycle stages, micronuclei, or apoptotic fragment"
tubulin_center_of_mass_displacement_mean,code,spatial,code/tubulin_center_of_mass_displacement_mean/extract.py,Measures the distance between the geometric center of the nucleus and the intensity-weighted center of mass of the tubulin network. Large displacements indicate cell polarity or asymmetric microtubule organization typical of migrating or po
dapi_nearest_neighbor_distance_mean,code,spatial,code/dapi_nearest_neighbor_distance_mean/extract.py,"Computes the average distance from each nucleus to its nearest neighbor. This spatial feature quantifies cell clustering or confluence, which can be affected by contact inhibition or drugs causing cell detachment."
actin_texture_lacunarity_mean,code,texture,code/actin_texture_lacunarity_mean/extract.py,"Calculates the lacunarity of the actin channel, a fractal dimension measure that quantifies the 'gappiness' or heterogeneity of the cytoskeletal meshwork. This helps characterize the complexity of the actin organization."
actin_intensity_std_global,code,intensity,code/actin_intensity_std_global/extract.py,"Computes the standard deviation of pixel intensities in the Actin channel globally. High standard deviation suggests a heterogeneous cytoskeleton with distinct stress fibers, while low values suggest diffuse staining."
dapi_intensity_cv,code,intensity,code/dapi_intensity_cv/extract.py,"Computes the coefficient of variation (std/mean) of pixel intensities within each nucleus. High variation often correlates with chromatin condensation or the formation of nuclear foci (e.g., gamma-H2AX)."
dapi_actin_distance_mean,code,spatial,code/dapi_actin_distance_mean/extract.py,Measures the Euclidean distance between the centroid of the nucleus and the centroid of the cell (Actin). Large offsets indicate cell polarity or asymmetric spreading.
dapi_granularity_mean,code,texture,code/dapi_granularity_mean/extract.py,Measures the granularity of the nuclear channel using morphological opening operations with increasing structuring element sizes. Specifically targets the detection of nuclear foci or chromatin condensation.
cell_elongation_mean,code,morphology,code/cell_elongation_mean/extract.py,"Measures the mean eccentricity or major/minor axis ratio of segmented cells. Elongated cells may indicate a senescent phenotype or motile state, while round cells suggest mitotic arrest or detachment."
actin_intensity_std,code,texture,code/actin_intensity_std/extract.py,"Calculates the standard deviation of intensity in the Actin channel within cells. High standard deviation may indicate the presence of distinct structures like stress fibers, while low std suggests diffuse actin."
tubulin_haralick_correlation_mean,code,texture,code/tubulin_haralick_correlation_mean/extract.py,"Computes the Haralick Correlation for the Tubulin channel. This measures the linear dependency of gray levels, which can capture the directional structure of microtubule networks."
cell_orientation_std,code,spatial,code/cell_orientation_std/extract.py,"Calculates the standard deviation of the orientation angles of cells in an image. Low variance indicates alignment (e.g., in flow or specific tissue-like structures), while high variance indicates random orientation."
cytoplasm_intensity_entropy_actin,code,texture,code/cytoplasm_intensity_entropy_actin/extract.py,Computes the Shannon entropy of pixel intensities in the Actin channel within the cytoplasm (excluding the nucleus). This captures the complexity and disorder of the cytoskeletal network.
tubulin_actin_intensity_ratio_mean,code,intensity,code/tubulin_actin_intensity_ratio_mean/extract.py,"Calculates the ratio of total Tubulin intensity to total Actin intensity per cell. This captures the balance between the microtubule and actin cytoskeletons, which can be disrupted by specific inhibitors."
tubulin_fiber_alignment_anisotropy,code,texture,code/tubulin_fiber_alignment_anisotropy/extract.py,"Measures the anisotropy of texture in the Tubulin channel, indicating how strongly the microtubules are aligned in a specific direction. This is relevant for detecting microtubule bundling (taxanes) or disruption (vinca alkaloids)."
cell_nucleus_elongation,code,morphology,code/cell_nucleus_elongation/extract.py,Measures the mean eccentricity of nuclei. Elongated nuclei can be a sign of specific stress responses or mechanical deformation.
tubulin_intensity_cv_mean,code,texture,code/tubulin_intensity_cv_mean/extract.py,"Calculates the mean Coefficient of Variation (std_dev / mean) of Tubulin intensity per cell. High CV indicates heterogeneous distribution (e.g., bundles vs diffuse), capturing cytoskeletal organization."
nuclear_fragmentation_count,code,morphology,code/nuclear_fragmentation_count/extract.py,"Counts the number of small, detached nuclear bodies (micronuclei) in the image. An increase in this count is a direct indicator of genomic instability or mitotic slippage (e.g., Vinca alkaloids)."
tubulin_fiber_skeleton_length_mean,code,morphology,code/tubulin_fiber_skeleton_length_mean/extract.py,"Applies skeletonization to the Tubulin channel within each cell and calculates the mean total length of the skeleton per cell. This quantifies the extent of the microtubule network, distinguishing between polymerized networks and depolymeri"
nucleus_cell_area_ratio_mean,code,morphology,code/nucleus_cell_area_ratio_mean/extract.py,Calculates the mean ratio of nuclear area (DAPI) to total cell area (Actin/Tubulin). The N:C ratio is a fundamental cellular metric that changes during cell cycle progression and in response to drugs affecting cell growth vs division.
tubulin_texture_haralick_contrast_mean,code,texture,code/tubulin_texture_haralick_contrast_mean/extract.py,"Computes the mean Haralick contrast of the Tubulin channel within the cell body. High contrast may indicate distinct microtubule bundles (e.g., Taxol stabilization), while low contrast might suggest diffuse staining (depolymerization)."
cell_orientation_coherence_global,code,texture,code/cell_orientation_coherence_global/extract.py,"Calculates the global coherence of local gradients in the Tubulin channel using the Structure Tensor. This measures how aligned the microtubule fibers are across the entire field of view, relevant for detecting stress fiber alignment."
tubulin_radial_distribution_peak,code,spatial,code/tubulin_radial_distribution_peak/extract.py,"Analyzes the radial intensity profile of Tubulin from the cell center to periphery. A peak near the center suggests perinuclear accumulation (e.g., collapsed network), while a uniform distribution suggests a healthy network."
nucleus_shape_form_factor_mean,code,morphology,code/nucleus_shape_form_factor_mean/extract.py,"Measures the mean form factor (4*pi*area/perimeter^2) of nuclei. This scalar quantifies nuclear circularity, which helps distinguish between normal interphase nuclei (high circularity) and lobulated or fragmented nuclei seen in apoptosis or"
tubulin_texture_gabor_energy_mean,code,texture,code/tubulin_texture_gabor_energy_mean/extract.py,"Measures the mean energy of Gabor filter responses on the Tubulin channel. This quantifies the strength and directionality of microtubule fibers, helping to detect phenotypes like microtubule bundling (high energy/directionality) or depolym"
actin_cortical_intensity_ratio_mean,code,distribution,code/actin_cortical_intensity_ratio_mean/extract.py,"Calculates the ratio of actin intensity at the cell periphery (cortical) versus the cell interior. This feature identifies cytoskeletal reorganization, such as the formation of cortical actin rings or stress fibers, which are relevant to ce"
actin_texture_haralick_contrast_mean,code,texture,code/actin_texture_haralick_contrast_mean/extract.py,"Computes the mean Haralick contrast of the Actin channel. This quantifies the local intensity variations, effectively measuring the 'roughness' of the actin cytoskeleton, which increases with the formation of distinct stress fibers or punct"
cell_nucleus_area_ratio_mean,code,morphology,code/cell_nucleus_area_ratio_mean/extract.py,"Calculates the mean ratio of nuclear area to total cell area (N:C ratio). This is a critical biological parameter that changes with cell differentiation, neoplastic transformation, and response to cytotoxic drugs."
cell_neighbors_count_mean,code,spatial,code/cell_neighbors_count_mean/extract.py,"Calculates the mean number of adjacent neighbors for each cell. This captures local cell density and clustering patterns, which can be affected by drugs that inhibit contact inhibition or cause cell detachment."
tubulin_intensity_radial_distribution,code,spatial,code/tubulin_intensity_radial_distribution/extract.py,"Calculates the ratio of Tubulin intensity in the perinuclear region (inner 50% of cell radius) versus the cell periphery. This scalar captures the spatial organization of microtubules, distinguishing between diffuse distributions and perinu"
cell_shape_eccentricity_mean,code,morphology,code/cell_shape_eccentricity_mean/extract.py,"Computes the mean eccentricity of segmented cells, measuring how elongated they are (0=circle, 1=line). This distinguishes between polarized, migratory-like phenotypes and rounded, arrested cells."
cyto_nucleus_area_ratio_mean,code,morphology,code/cyto_nucleus_area_ratio_mean/extract.py,"Calculates the mean ratio of cytoplasmic area to nuclear area (N:C ratio). Changes in this ratio are indicative of cell growth, hypertrophy, or specific developmental states and are altered by many compounds."
tubulin_texture_haralick_entropy_mean,code,texture,code/tubulin_texture_haralick_entropy_mean/extract.py,"Computes the mean Haralick entropy of the Tubulin channel within cells. High entropy suggests a disordered or complex microtubule network, while low entropy might indicate diffuse staining or distinct bundling."
tubulin_spatial_moment_inertia,code,spatial,code/tubulin_spatial_moment_inertia/extract.py,Calculates the moment of inertia of the Tubulin intensity distribution relative to the cell centroid. This quantifies how dispersed the microtubule network is; relevant for distinguishing bundled vs. spread networks.
cell_local_density_knn_dist,code,distribution,code/cell_local_density_knn_dist/extract.py,"Computes the mean distance to the k-nearest neighbors (e.g., k=3) for each cell centroid. This measures local cell density, which can indicate contact inhibition or toxicity-induced cell loss."
nuclear_margin_intensity_ratio,code,intensity,code/nuclear_margin_intensity_ratio/extract.py,"Calculates the ratio of DAPI intensity at the nuclear boundary (rim) versus the center. This can detect marginalization of chromatin, a feature of early apoptosis."
tubulin_distribution_radial_cv,code,spatial,code/tubulin_distribution_radial_cv/extract.py,"Measures the coefficient of variation of Tubulin intensity in radial bins extending from the nucleus. This captures the spatial heterogeneity of the microtubule network (e.g., perinuclear accumulation vs. uniform spreading)."
actin_intensity_total,code,intensity,code/actin_intensity_total/extract.py,"Sums the total intensity of the Actin channel across the image. A drastic reduction might indicate cell loss or actin depolymerization, while an increase could suggest stress fiber formation or cell spreading."
tubulin_fiber_linearity_index,code,texture,code/tubulin_fiber_linearity_index/extract.py,Analyzes the Tubulin channel to measure the linearity or alignment of microtubule fibers using structure tensor analysis. This distinguishes between the disordered meshwork of normal cells and the rigid bundles induced by Taxanes.
actin_boundary_roughness,code,morphology,code/actin_boundary_roughness/extract.py,Measures the roughness of the cell perimeter (perimeter / convex perimeter). This captures membrane ruffling and irregularities associated with motility or cytoskeletal disruption.
tubulin_texture_angular_second_moment_mean,code,texture,code/tubulin_texture_angular_second_moment_mean/extract.py,"Computes the average Angular Second Moment (ASM) from the Gray Level Co-occurrence Matrix (GLCM) of the Tubulin channel within cells. ASM measures textural uniformity; high values indicate uniform intensity (diffuse tubulin), while low valu"
actin_polarity_vector_magnitude_mean,code,spatial,code/actin_polarity_vector_magnitude_mean/extract.py,"Calculates the magnitude of the vector between the cell centroid and the intensity-weighted centroid of the Actin channel. This quantifies cell polarity and the asymmetry of the cytoskeleton, relevant for migration and adhesion phenotypes."
dapi_tubulin_correlation_coefficient,code,spatial,code/dapi_tubulin_correlation_coefficient/extract.py,Computes the Pearson correlation coefficient between DAPI and Tubulin pixel intensities within the cell area. This measures the degree of spatial overlap or exclusion between the nucleus and the microtubule network.
cell_perimeter_roughness_mean,code,morphology,code/cell_perimeter_roughness_mean/extract.py,"Measures the ratio of the cell perimeter to the perimeter of the convex hull of the cell. This captures membrane complexity, such as blebbing (apoptosis/pyroptosis) or filopodia extensions, versus smooth boundaries."
nuclear_intensity_edge_center_ratio,code,distribution,code/nuclear_intensity_edge_center_ratio/extract.py,"Calculates the ratio of mean DAPI intensity at the nuclear periphery (edge) versus the nuclear center. This can detect chromatin margination, a specific feature of early apoptosis."
nuclear_intensity_integrated_std,code,intensity,code/nuclear_intensity_integrated_std/extract.py,"Measures the standard deviation of the integrated intensity (sum of pixel values) of nuclei across the image. High variance suggests a heterogeneous population, potentially indicating mixed cell cycle states or subpopulations undergoing apo"
nucleus_tubulin_correlation,code,spatial,code/nucleus_tubulin_correlation/extract.py,"Computes the Pearson correlation coefficient between pixel intensities of the DAPI (nucleus) and Tubulin channels. This measures the spatial overlap or exclusion of these structures, which changes during mitosis (spindle formation)."
tubulin_intensity_spatial_distribution_ratio,code,distribution,code/tubulin_intensity_spatial_distribution_ratio/extract.py,"Calculates the ratio of tubulin intensity in the perinuclear region versus the cell periphery. This can quantify the collapse of the microtubule network around the nucleus (e.g., due to destabilizers) versus a spread-out network."
dapi_granularity_spectrum_slope,code,texture,code/dapi_granularity_spectrum_slope/extract.py,"Calculates the slope of the power spectrum of the DAPI channel image. This characterizes the distribution of granular sizes in the chromatin, potentially capturing texture changes associated with condensation or DNA damage foci."
tubulin_radial_distribution_entropy,code,distribution,code/tubulin_radial_distribution_entropy/extract.py,"Calculates the entropy of the radial distribution of tubulin intensity centered on the nucleus. This quantifies the disorder in the radial arrangement of microtubules, distinguishing organized radial arrays from disordered networks."
cytoskeleton_polarity_vector_magnitude,code,morphology,code/cytoskeleton_polarity_vector_magnitude/extract.py,"Calculates the magnitude of the vector between the nuclear centroid and the cell centroid (based on Actin/Tubulin). High values indicate polarized cells (migratory phenotype), while low values indicate symmetric/round cells."
micronucleus_count_mean,code,morphology,code/micronucleus_count_mean/extract.py,"Counts the average number of small, detached DAPI-positive objects per cell. Micronuclei are a hallmark of genomic instability and mitotic catastrophe, often induced by DNA-damaging agents."
tubulin_radial_intensity_cv,code,spatial,code/tubulin_radial_intensity_cv/extract.py,"Calculates the coefficient of variation of Tubulin intensity in radial bins extending from the nucleus center. High variation implies directional structures (like spindles), while low variation implies a uniform halo."
actin_gradient_magnitude_mean,code,texture,code/actin_gradient_magnitude_mean/extract.py,"Computes the mean magnitude of the image gradient in the Actin channel. This serves as a proxy for cytoskeletal complexity and edge sharpness, differentiating between smooth and ruffled/spiky cell margins."
microtubule_fiber_alignment_index,code,texture,code/microtubule_fiber_alignment_index/extract.py,"Measures the anisotropy of the Tubulin channel using structure tensors or gradient orientation histograms. High alignment indicates microtubule bundling (e.g., Taxol effect), while low alignment suggests a diffuse or depolymerized network."
nuclear_shape_irregularity_index,code,morphology,code/nuclear_shape_irregularity_index/extract.py,"Computes the mean compactness (perimeter squared divided by area) of segmented nuclei. This quantifies deviations from a perfect circle, capturing nuclear blebbing, fragmentation, or irregular shapes associated with apoptosis or mitotic cat"
dapi_intensity_kurtosis_global,code,intensity,code/dapi_intensity_kurtosis_global/extract.py,"Calculates the kurtosis of the pixel intensity histogram for the DAPI channel across the entire image. High kurtosis indicates a heavy tail of very bright pixels, serving as a proxy for the presence of condensed mitotic chromosomes or pykno"
micronuclei_detection_count,code,morphology,code/micronuclei_detection_count/extract.py,"Counts the number of small, distinct DAPI-positive objects that are separated from the main nuclei. An increase in this count is a marker of genomic instability or mitotic slippage (e.g., Vinca alkaloids)."
cytoskeleton_nucleus_area_ratio,code,morphology,code/cytoskeleton_nucleus_area_ratio/extract.py,Calculates the mean ratio of the Actin cell area to the DAPI nuclear area per cell (N:C ratio). Changes in this ratio track cell spreading (senescence) versus shrinkage (apoptosis) or rounding.
tubulin_texture_lacunarity,code,texture,code/tubulin_texture_lacunarity/extract.py,"Measures the lacunarity (gappiness) of the Tubulin network. High lacunarity indicates large gaps or a disrupted network (depolymerization), while low lacunarity suggests a dense, uniform meshwork."
nuclear_distribution_clustering_coefficient,code,distribution,code/nuclear_distribution_clustering_coefficient/extract.py,"Uses spatial statistics (e.g., nearest neighbor distance or Ripley's K) on nuclear centroids to quantify whether cells are clustered (colonies) or randomly distributed. This can reflect contact inhibition or toxicity-induced sparseness."
dapi_tubulin_intensity_correlation,code,spatial,code/dapi_tubulin_intensity_correlation/extract.py,Calculates the Pearson correlation coefficient between pixel intensities of DAPI and Tubulin channels. This helps identify if tubulin is spatially excluded from the nucleus (interphase) or overlapping/collapsed (mitosis/toxicity).
actin_edge_gradient_magnitude,code,intensity,code/actin_edge_gradient_magnitude/extract.py,"Computes the mean gradient magnitude at the boundaries of segmented cells in the Actin channel. This measures the sharpness of the cell cortex, distinguishing between defined cortical actin and diffuse/blebbing edges."
total_cellular_fluorescence_actin,code,intensity,code/total_cellular_fluorescence_actin/extract.py,"Calculates the integrated density (sum of pixel values) of the Actin channel across all segmented cells. This proxies total protein content or cell mass, which can increase in senescent cells."
nucleus_tubulin_center_offset_mean,code,spatial,code/nucleus_tubulin_center_offset_mean/extract.py,Calculates the Euclidean distance between the centroid of the nucleus and the intensity-weighted centroid of the Tubulin signal within the cell. Large offsets may indicate asymmetric polarization or 'nuclear cap' formation.
dapi_contrast_haralick_mean,code,texture,code/dapi_contrast_haralick_mean/extract.py,"Computes the mean Haralick Contrast feature for the DAPI channel. This texture feature is sensitive to sharp intensity transitions, such as those found in nuclear foci or condensed chromosomes."
tubulin_fiber_texture_strength,code,texture,code/tubulin_fiber_texture_strength/extract.py,"Calculates the texture contrast (e.g., Haralick contrast) of the Tubulin (green) channel within the cell cytoplasm. This quantifies the difference between diffuse tubulin and distinct microtubule bundling or polymerization phenotypes."
actin_fiber_texture_strength,code,texture,code/actin_fiber_texture_strength/extract.py,Calculates the texture contrast of the Actin (red) channel. This helps differentiate between cells with strong stress fibers (high contrast) and those with diffuse or cortical actin (low contrast/smooth).
dapi_actin_pearson_correlation,code,spatial,code/dapi_actin_pearson_correlation/extract.py,"Calculates the Pearson correlation between DAPI (blue) and Actin (red) intensities. This can serve as a negative control or detect unusual phenotypes where actin collapses onto the nucleus (e.g., nuclear cap formation)."
dapi_texture_entropy_global,code,texture,code/dapi_texture_entropy_global/extract.py,"Calculates the entropy of the pixel intensity distribution in the DAPI channel across the entire image. High entropy indicates complex, heterogeneous chromatin texture, while low entropy suggests homogeneity."
tubulin_spatial_anisotropy_global,code,spatial,code/tubulin_spatial_anisotropy_global/extract.py,"Measures the global spatial anisotropy of the Tubulin channel using structure tensors. High anisotropy indicates aligned fibers (bundles), while low anisotropy indicates a random meshwork."
tubulin_intensity_skewness_global,code,intensity,code/tubulin_intensity_skewness_global/extract.py,"Measures the skewness of the intensity histogram of the Tubulin channel. Positive skewness indicates a background-dominated image with sparse bright structures (fibers), while lower skewness suggests diffuse staining."
tubulin_spatial_frequency_mean,code,texture,code/tubulin_spatial_frequency_mean/extract.py,"Measures the mean spatial frequency of the Tubulin channel (e.g., using Laplacian variance). High values indicate fine, detailed microtubule networks; low values indicate blurred or diffuse structures."
nucleus_max_intensity_mean,code,intensity,code/nucleus_max_intensity_mean/extract.py,"Calculates the mean of the maximum pixel intensity within each segmented nucleus. This is sensitive to bright nuclear bodies or DNA damage foci (like gamma-H2AX if it were a channel, or bright DAPI spots)."
actin_intensity_mean_per_cell,code,intensity,code/actin_intensity_mean_per_cell/extract.py,Calculates the mean intensity of the Actin channel within segmented cell boundaries. Changes in actin abundance or polymerization status are captured by this intensity metric.
cell_roundness_factor,code,morphology,code/cell_roundness_factor/extract.py,"Computes the form factor (4*pi*area/perimeter^2) of the whole cell boundary defined by Actin. High roundness is a strong indicator of mitotic arrest or detachment (e.g., Vinca alkaloids)."
nuclear_intensity_variance,code,intensity,code/nuclear_intensity_variance/extract.py,Calculates the variance of pixel intensities within segmented nuclei. High variance can indicate chromatin condensation or punctate staining patterns associated with DNA damage.
nucleus_to_cytoplasm_ratio,code,morphology,code/nucleus_to_cytoplasm_ratio/extract.py,Calculates the ratio of the total nuclear area (DAPI) to the total cytoplasmic area (Actin/Tubulin minus DAPI). This N/C ratio is a fundamental cellular metric often altered in cancer and drug response.
actin_polarity_index,code,spatial,code/actin_polarity_index/extract.py,"Measures the displacement between the centroid of the nucleus (DAPI) and the centroid of the cell body (Actin). A large displacement vector magnitude indicates polarized cells, relevant for migration or adhesion studies."
dapi_boundary_irregularity,code,morphology,code/dapi_boundary_irregularity/extract.py,"Measures the irregularity of the nuclear boundary (e.g., perimeter^2 / area) in the DAPI channel. Highly irregular boundaries (blebbing) are a hallmark of apoptosis or nuclear envelope stress."
cytoskeleton_radial_distribution,code,spatial,code/cytoskeleton_radial_distribution/extract.py,Measures the radial intensity profile of Tubulin/Actin from the nuclear center to the cell periphery. Changes in this profile capture phenotypes like cell spreading vs. rounding up.
total_image_intensity_ratio_actin_dapi,code,intensity,code/total_image_intensity_ratio_actin_dapi/extract.py,Calculates the ratio of total integrated intensity of Actin to DAPI for the whole image. This global metric can indicate cell size relative to DNA content (hypertrophy vs. atrophy).
dapi_texture_contrast_mean,code,texture,code/dapi_texture_contrast_mean/extract.py,"Measures the mean Haralick contrast of the DAPI channel within segmented nuclei. High contrast suggests heterogeneous chromatin condensation, a hallmark of early apoptosis or specific mitotic phases."
actin_radial_distribution_gradient,code,distribution,code/actin_radial_distribution_gradient/extract.py,"Measures the gradient of actin intensity from the cell center (nucleus) to the cell periphery. This quantifies the distribution of the cytoskeleton (e.g., cortical actin vs. stress fibers)."
nucleus_major_axis_orientation_entropy,code,spatial,code/nucleus_major_axis_orientation_entropy/extract.py,"Calculates the entropy of the orientation angles of the major axes of all nuclei. Low entropy implies alignment (e.g., flow or stress), while high entropy implies random orientation."
actin_intensity_distribution_skewness,code,intensity,code/actin_intensity_distribution_skewness/extract.py,Calculates the skewness of the pixel intensity histogram for the Actin channel. A shift in skewness can indicate a transition from diffuse cytoplasmic actin (uniform) to stress fibers or cortical rings (high intensity subsets).
nuclear_major_axis_orientation_coherence,code,distribution,code/nuclear_major_axis_orientation_coherence/extract.py,"Calculates the coherence (alignment) of the major axes of all nuclei in an image. High coherence might indicate flow or alignment due to external forces, while random orientation is expected in static culture; deviations might suggest organ"
cytoplasm_area_mean,code,morphology,code/cytoplasm_area_mean/extract.py,"Calculates the mean area of the cytoplasm (Cell Area - Nuclear Area). Changes in cytoplasmic volume are key indicators of cell health, swelling (necrosis/pyroptosis), or shrinkage (apoptosis)."
dapi_glcm_entropy_mean,code,texture,code/dapi_glcm_entropy_mean/extract.py,Calculates the mean entropy of the Gray-Level Co-occurrence Matrix (GLCM) for the DAPI channel within nuclei. This quantifies chromatin texture heterogeneity; high entropy suggests condensed or fragmented chromatin often seen in apoptosis o
actin_glcm_contrast_mean,code,texture,code/actin_glcm_contrast_mean/extract.py,"Calculates the GLCM contrast of the Actin channel. High contrast indicates the presence of distinct structural features like stress fibers or cortical rings, as opposed to a uniform actin distribution."
dapi_actin_correlation_mean,code,spatial,code/dapi_actin_correlation_mean/extract.py,"Computes the Pearson correlation between DAPI and Actin channels. This can capture phenotypes where actin collapses onto the nucleus or where the nucleus is displaced, altering the typical spatial exclusion."
actin_major_axis_length_mean,code,morphology,code/actin_major_axis_length_mean/extract.py,"Calculates the mean length of the major axis of the ellipse fitting the actin cytoskeleton of segmented cells. This quantifies cell elongation, helping to distinguish between flattened, mesenchymal-like phenotypes and rounded, amoeboid or m"
nuclear_haralick_entropy_mean,code,texture,code/nuclear_haralick_entropy_mean/extract.py,Calculates the mean Haralick entropy (from GLCM) of the texture within segmented nuclei. This quantifies the randomness of chromatin organization; condensed chromatin (mitosis/apoptosis) typically shows different entropy levels compared to 
tubulin_structure_tensor_coherence,code,texture,code/tubulin_structure_tensor_coherence/extract.py,"Computes the coherence of the structure tensor in the Tubulin channel, averaged over the image. This measures the degree of local orientation alignment (anisotropy) of microtubule fibers; high coherence suggests aligned bundles, while low c"
nuclear_integrated_intensity_cv,code,intensity,code/nuclear_integrated_intensity_cv/extract.py,"Calculates the Coefficient of Variation (std/mean) of the integrated DAPI intensity across the population of nuclei. This measures the heterogeneity of DNA content, reflecting the distribution of cells across cell cycle phases (G1 vs G2/M) "
dapi_intensity_mass_displacement,code,morphology,code/dapi_intensity_mass_displacement/extract.py,"Calculates the distance between the geometric centroid and the intensity-weighted centroid of each nucleus. This scalar captures asymmetric chromatin distribution, which can occur during nuclear cap formation or early karyorrhexis."
tubulin_local_binary_pattern_energy,code,texture,code/tubulin_local_binary_pattern_energy/extract.py,Computes the energy of the Local Binary Pattern (LBP) histogram for the Tubulin channel. LBP is robust to illumination changes and captures local micro-texture; energy reflects the uniformity of the microtubule network texture.
actin_intensity_radial_gradient,code,distribution,code/actin_intensity_radial_gradient/extract.py,Measures the gradient of Actin intensity from the cell center (nucleus) to the cell periphery. This distinguishes cells with cortical actin rings from those with diffuse or perinuclear actin accumulation.
actin_tubulin_correlation_r,code,spatial,code/actin_tubulin_correlation_r/extract.py,Computes the Pearson correlation coefficient between Actin and Tubulin pixel intensities within each cell. This measures the degree of colocalization or spatial coordination between the two cytoskeletal networks.
tubulin_fiber_texture_contrast_mean,code,texture,code/tubulin_fiber_texture_contrast_mean/extract.py,"Calculates the Haralick contrast of the Tubulin channel within cell boundaries. High contrast corresponds to sharp, distinct microtubule fibers (bundling), while low contrast suggests diffuse or depolymerized tubulin."
tubulin_actin_manders_overlap_mean,code,spatial,code/tubulin_actin_manders_overlap_mean/extract.py,"Computes Manders' overlap coefficient for Tubulin and Actin channels. This quantifies the fraction of the cytoskeleton that is spatially co-localized, reflecting the structural integrity and organization of the cell's framework."
nucleus_orientation_disorder,code,spatial,code/nucleus_orientation_disorder/extract.py,"Calculates the standard deviation of the major axis orientations of nuclei in the image. High disorder suggests random orientation, while low disorder might indicate alignment due to flow or contact guidance."
cell_area_actin_mean,code,morphology,code/cell_area_actin_mean/extract.py,"Calculates the mean area of the entire cell body defined by the Actin channel. This captures cell spreading or shrinkage, which are key indicators of cytoskeletal disruption or senescence (enlarged, flattened cells)."
nucleocytoplasmic_ratio_mean,code,morphology,code/nucleocytoplasmic_ratio_mean/extract.py,Calculates the mean ratio of nuclear area (DAPI) to cytoplasmic area (Actin minus DAPI) per cell. The N/C ratio is a fundamental cellular metric often altered in cancer progression and response to cytotoxic drugs.
tubulin_texture_gabor_energy,code,texture,code/tubulin_texture_gabor_energy/extract.py,"Measures the mean Gabor filter energy in the Tubulin channel within cell boundaries. This texture feature specifically targets the detection of linear structures, quantifying the difference between diffuse tubulin and distinct microtubule b"
cell_polarity_nucleus_actin_offset,code,spatial,code/cell_polarity_nucleus_actin_offset/extract.py,"Measures the distance between the centroid of the nucleus (DAPI) and the centroid of the cell body (Actin). This vector magnitude quantifies cell polarity and asymmetry, which can be disrupted by cytoskeletal drugs."
tubulin_intensity_cv_intracell,code,intensity,code/tubulin_intensity_cv_intracell/extract.py,"Computes the mean Coefficient of Variation (std/mean) of Tubulin intensity within individual cells. This quantifies the heterogeneity of the microtubule network (e.g., high variance in bundled/aggregated states vs low in diffuse states)."
tubulin_radial_distribution_kurtosis,code,spatial,code/tubulin_radial_distribution_kurtosis/extract.py,"Measures the kurtosis of the radial intensity distribution of tubulin relative to the cell center. High kurtosis indicates tubulin concentrated in a specific ring or spot (e.g., monoastral spindle), while low kurtosis implies diffuse distri"
actin_edge_to_center_intensity_ratio,code,spatial,code/actin_edge_to_center_intensity_ratio/extract.py,Calculates the ratio of Actin intensity at the cell periphery (cortical actin) versus the cell center. This helps distinguish cells with strong cortical rings (rounded/mitotic) from those with basal stress fibers.
dapi_nuclear_count,code,morphology,code/dapi_nuclear_count/extract.py,"Counts the total number of distinct nuclei identified in the DAPI channel. This serves as a proxy for cell count and proliferation, which is fundamental for assessing cytotoxicity or growth inhibition."
dapi_nuclear_area_mean,code,morphology,code/dapi_nuclear_area_mean/extract.py,Calculates the average area of segmented nuclei in the DAPI channel. Changes in nuclear size can indicate cell cycle arrest (enlargement in G2/M) or apoptosis (shrinkage/pyknosis).
dapi_nuclear_circularity_mean,code,morphology,code/dapi_nuclear_circularity_mean/extract.py,"Measures the average circularity (4*pi*area/perimeter^2) of nuclei. Deviations from circularity can signal nuclear blebbing, fragmentation, or mitotic deformation."
tubulin_radial_intensity_slope,code,distribution,code/tubulin_radial_intensity_slope/extract.py,"Measures the gradient of Tubulin intensity radiating outwards from the nuclear centroid. A steep drop-off indicates perinuclear accumulation, while a flat slope indicates diffuse distribution."
tubulin_intensity_cv_cytoplasm,code,texture,code/tubulin_intensity_cv_cytoplasm/extract.py,"Computes the coefficient of variation (std/mean) of pixel intensities in the Tubulin channel within the cytoplasmic region (excluding the nucleus). This quantifies the texture heterogeneity of the microtubule network, distinguishing between"
dapi_boundary_sharpness_mean,code,intensity,code/dapi_boundary_sharpness_mean/extract.py,"Measures the gradient magnitude at the boundary of the nucleus. A sharp boundary suggests an intact nuclear envelope, while a diffuse boundary may indicate nuclear envelope breakdown (NEBD) during prometaphase."
nucleus_to_cytoplasm_ratio_mean,code,morphology,code/nucleus_to_cytoplasm_ratio_mean/extract.py,Calculates the mean ratio of nuclear area to cytoplasmic area (Cell Area - Nuclear Area). A classic cytological metric that changes drastically during cell cycle progression or toxic response.
tubulin_anisotropy_mean,code,texture,code/tubulin_anisotropy_mean/extract.py,"Measures the mean anisotropy of the Tubulin channel texture within cells. High anisotropy indicates strongly aligned fibers (e.g., Taxol-induced bundles), while low anisotropy indicates isotropic/diffuse signal."
actin_orientation_coherence_mean,code,structure,code/actin_orientation_coherence_mean/extract.py,"Computes the coherence of the structure tensor (gradient orientation) in the Actin channel. This measures how aligned the stress fibers are; high coherence indicates parallel stress fibers, low coherence indicates disorganized cytoskeleton."
nucleus_tubulin_distance_mean,code,spatial,code/nucleus_tubulin_distance_mean/extract.py,Calculates the Euclidean distance between the centroid of the nucleus and the weighted centroid of the Tubulin signal. A large shift may indicate cell polarization or displacement of the microtubule organizing center.
nuclear_intensity_mean,code,intensity,code/nuclear_intensity_mean/extract.py,Computes the mean pixel intensity of the DAPI channel within segmented nuclear regions. This serves as a proxy for DNA content (ploidy) and chromatin condensation levels.
tubulin_haralick_contrast,code,texture,code/tubulin_haralick_contrast/extract.py,"Computes the Haralick Contrast texture feature for the Tubulin channel. This measures the local intensity variation, capturing the 'roughness' or distinctness of microtubule structures versus background."
dapi_tubulin_distance_center_mass,code,spatial,code/dapi_tubulin_distance_center_mass/extract.py,Calculates the distance between the center of mass of the DAPI signal (nucleus) and the Tubulin signal (cytoskeleton) for each cell. Large offsets can indicate cell polarization or asymmetric spreading.
actin_intensity_std_cytoplasm,code,intensity,code/actin_intensity_std_cytoplasm/extract.py,"Measures the standard deviation of Actin intensity specifically within the cytoplasmic region (excluding the nucleus). High variance may indicate stress fibers or focal adhesions, while low variance suggests diffuse actin."
nuclear_shape_roughness,code,morphology,code/nuclear_shape_roughness/extract.py,"Measures the roughness of the nuclear boundary (perimeter^2 / (4 * pi * area) - 1, or similar metric). High roughness is associated with nuclear blebbing or irregularities seen in cellular stress."
vlm_nuclear_cap_presence,vlm,morphology,vlm/vlm_nuclear_cap_presence/feature.json,"Detects the presence of 'nuclear caps' (asymmetric clustering of organelles or nuclear envelope deformations), a phenotype linked to oxidative stress and specific drug mechanisms."
vlm_microtubule_bundling_severity,vlm,texture,vlm/vlm_microtubule_bundling_severity/feature.json,"Provides a visual score for the severity of microtubule bundling (thick, rigid fibers). This phenotype is characteristic of taxane treatment and involves distinguishing between fine meshworks and coarse, hyper-intense cables."
vlm_cell_blebbing_index,vlm,morphology,vlm/vlm_cell_blebbing_index/feature.json,"Estimates the extent of membrane blebbing (bulges in the plasma membrane), a key feature of apoptosis and pyroptosis."
vlm_tubulin_mesh_complexity,vlm,texture,vlm/vlm_tubulin_mesh_complexity/feature.json,Rates the visual complexity and density of the microtubule meshwork in interphase cells.
vlm_anaphase_bridge_detection,vlm,morphology,vlm/vlm_anaphase_bridge_detection/feature.json,Detects the presence of anaphase bridges (DNA strands connecting separating nuclei). This is a specific sign of chromosome segregation defects.
vlm_nucleolar_prominence,vlm,morphology,vlm/vlm_nucleolar_prominence/feature.json,Visually assesses the prominence or distinctness of nucleoli (darker or brighter spots inside the nucleus depending on staining). Nucleolar stress is a key drug response pathway.
vlm_vacuolization_index,vlm,texture,vlm/vlm_vacuolization_index/feature.json,"Detects the presence of cytoplasmic vacuoles (holes in the cytoplasmic staining), often a sign of cellular stress or death."
vlm_polarized_actin_distribution,vlm,spatial,vlm/vlm_polarized_actin_distribution/feature.json,Assesses whether actin is polarized to one side of the cell (indicative of migration) or evenly distributed.
vlm_membrane_blebbing_index,vlm,morphology,vlm/vlm_membrane_blebbing_index/feature.json,"Visually estimates the degree of plasma membrane blebbing, a key feature of pyroptosis and apoptosis. This involves recognizing balloon-like protrusions on the cell surface."
vlm_actin_stress_fiber_alignment,vlm,texture,vlm/vlm_actin_stress_fiber_alignment/feature.json,"Visually scores the alignment and prominence of actin stress fibers. While code can measure anisotropy, VLM can better judge the 'distinctness' and 'parallelism' in a biological context."
vlm_nuclear_fragmentation_severity,vlm,morphology,vlm/vlm_nuclear_fragmentation_severity/feature.json,A visual assessment score of nuclear fragmentation (karyorrhexis) and condensation. The model evaluates the DAPI channel for signs of shattered or irregular nuclear bodies indicative of late-stage apoptosis.
vlm_multinucleation_presence,vlm,morphology,vlm/vlm_multinucleation_presence/feature.json,"Visually detects cells containing multiple nuclei, a sign of cytokinesis failure."
vlm_cytoskeletal_disruption_index,vlm,texture,vlm/vlm_cytoskeletal_disruption_index/feature.json,Visually rates the overall chaos or disruption of the actin/tubulin network compared to a healthy organized meshwork.
vlm_membrane_blebbing_severity,vlm,morphology,vlm/vlm_membrane_blebbing_severity/feature.json,Visually assesses the degree of plasma membrane blebbing (irregular bulges) visible in the Actin channel. Blebbing is a key morphological feature distinguishing apoptosis and pyroptosis from healthy cells.
vlm_actin_stress_fiber_abundance,vlm,texture,vlm/vlm_actin_stress_fiber_abundance/feature.json,"Visually scores the abundance of actin stress fibers. High values indicate numerous thick, parallel contractile fibers; low values correspond to cortical or diffuse actin without prominent stress fibers."
vlm_nuclear_shape_irregularity,vlm,morphology,vlm/vlm_nuclear_shape_irregularity/feature.json,"Visually assesses nuclear shape irregularities such as lobulation, folding, or kidney shapes, which are subtle indicators of stress or specific drug effects."
vlm_apoptotic_body_presence,vlm,morphology,vlm/vlm_apoptotic_body_presence/feature.json,"Detects the presence of apoptotic bodies (small, condensed, fragmented cell remnants). Indicates late-stage apoptosis."
vlm_spindle_polarity_defects,vlm,morphology,vlm/vlm_spindle_polarity_defects/feature.json,"Visually identifies defects in spindle polarity, such as multipolar spindles (more than 2 poles). This is associated with centrosome amplification or clustering defects."
vlm_nuclear_texture_heterogeneity,vlm,texture,vlm/vlm_nuclear_texture_heterogeneity/feature.json,"Visually assesses the heterogeneity of nuclear staining (e.g., granular vs smooth). Complements code-based texture metrics with semantic interpretation."
vlm_lamellipodia_presence,vlm,morphology,vlm/vlm_lamellipodia_presence/feature.json,"Detects the visual presence of broad, sheet-like actin protrusions (lamellipodia) at cell edges. This indicates active migration and intact actin polymerization machinery, which may be inhibited by actin-targeting drugs."
vlm_monoastral_spindle_presence,vlm,morphology,vlm/vlm_monoastral_spindle_presence/feature.json,"Visually estimates the prevalence of monoastral spindles (rosette-like chromatin surrounded by a radial microtubule array). This specific phenotype is the hallmark of Eg5 inhibition (e.g., Monastrol) and is visually distinct but hard to cod"
vlm_micronuclei_presence,vlm,morphology,vlm/vlm_micronuclei_presence/feature.json,Uses a VLM to detect the presence of micronuclei (small DAPI-positive bodies distinct from the main nucleus). This is a hallmark of genomic instability and DNA damage.
vlm_multinucleation_count,vlm,morphology,vlm/vlm_multinucleation_count/feature.json,"Visually counts cells that appear to have multiple nuclei within a single cytoplasmic boundary. Multinucleation is a specific sign of cytokinesis failure, often induced by drugs like Cytochalasin or Taxanes."
vlm_invadopodia_like_structures,vlm,morphology,vlm/vlm_invadopodia_like_structures/feature.json,"Visually identifies actin-rich protrusions extending from the cell body, resembling invadopodia. This relates to cell motility and metastatic potential."
vlm_anaphase_bridge_presence,vlm,morphology,vlm/vlm_anaphase_bridge_presence/feature.json,Visually detects DNA bridges connecting separating nuclei (anaphase bridges). This indicates DNA replication stress or telomere fusion/resolution defects.
vlm_cell_rounding_severity,vlm,morphology,vlm/vlm_cell_rounding_severity/feature.json,"Visually scores the prevalence of rounded, bright cells. This morphology is typical of cells in mitosis or cells undergoing detachment/death."
vlm_overall_sample_debris,vlm,other,vlm/vlm_overall_sample_debris/feature.json,"Visually estimates the amount of cellular debris (small, irregular fragments) in the image. High debris correlates with extensive cell death and lysis."
vlm_nuclear_molding,vlm,morphology,vlm/vlm_nuclear_molding/feature.json,"Visually detects nuclear molding, where nuclei deform against each other or against vacuoles. This indicates crowding or high plasticity."
actin_intensity_std_mean,code,intensity,code/actin_intensity_std_mean/extract.py,"Calculates the standard deviation of Actin intensity within cells. High variance indicates the presence of distinct structures like stress fibers, while low variance suggests diffuse actin staining."
tubulin_radial_distribution_cv,code,distribution,code/tubulin_radial_distribution_cv/extract.py,"Measures the coefficient of variation of Tubulin intensity profiles radiating from the nucleus center to the cell periphery. This captures spatial organization, such as perinuclear clustering vs. uniform distribution."
nuclear_intensity_std,code,intensity,code/nuclear_intensity_std/extract.py,Computes the standard deviation of pixel intensities within segmented nuclei in the DAPI channel. High variation may indicate chromatin condensation or fragmentation associated with apoptosis or DNA damage.
actin_dapi_distance_mean,code,spatial,code/actin_dapi_distance_mean/extract.py,Measures the mean distance between the centroid of the nucleus and the centroid of the cell body (defined by Actin). Large offsets can indicate cell polarization or motility.
mitotic_cell_fraction,code,distribution,code/mitotic_cell_fraction/extract.py,"Estimates the fraction of cells in the image that are in mitosis, defined by high DAPI intensity and high circularity. This quantifies mitotic arrest or proliferation rate."
cytoskeleton_area_mean,code,morphology,code/cytoskeleton_area_mean/extract.py,"Measures the mean area of the cytoplasm (cell area minus nuclear area). This specifically quantifies cell spreading and cytoskeletal volume, independent of nuclear size."
tubulin_spatial_concentration,code,spatial,code/tubulin_spatial_concentration/extract.py,"Measures how concentrated the Tubulin signal is relative to the cell centroid (e.g., second moment of intensity). This helps distinguish between diffuse microtubules and concentrated structures like mitotic spindles."
nuclear_shape_factor_form_factor,code,morphology,code/nuclear_shape_factor_form_factor/extract.py,"Computes the form factor (4*pi*area / perimeter^2) of nuclei. Values close to 1 indicate perfect circles (e.g., healthy or rounded nuclei), while lower values indicate irregular shapes (e.g., blebbing or stress)."
tubulin_fiber_anisotropy_global,code,texture,code/tubulin_fiber_anisotropy_global/extract.py,"Measures the global anisotropy of the Tubulin channel using structure tensors. High anisotropy indicates aligned microtubule bundles (e.g., Taxane effect), while low anisotropy suggests a disorganized or depolymerized network."
actin_texture_haralick_contrast,code,texture,code/actin_texture_haralick_contrast/extract.py,"Computes the Haralick Contrast from the Gray Level Co-occurrence Matrix (GLCM) of the Actin channel. This quantifies the local intensity variation, capturing the roughness or distinctness of cytoskeletal filaments."
actin_boundary_tortuosity_mean,code,morphology,code/actin_boundary_tortuosity_mean/extract.py,"Measures the tortuosity (perimeter / major_axis_length) of the cell boundary defined by Actin. High tortuosity indicates membrane ruffling or irregular protrusions (e.g., invadopodia)."
nucleus_centroid_displacement,code,spatial,code/nucleus_centroid_displacement/extract.py,Calculates the distance between the geometric centroid of the nucleus and the geometric centroid of the whole cell. Large displacement indicates cell polarization or asymmetric spreading.
dapi_boundary_intensity_ratio,code,intensity,code/dapi_boundary_intensity_ratio/extract.py,"Calculates the ratio of DAPI intensity at the nuclear boundary vs. the nuclear center. High boundary intensity can indicate chromatin margination, a feature of early apoptosis."
actin_tubulin_correlation_mean,code,spatial,code/actin_tubulin_correlation_mean/extract.py,"Computes the Pearson correlation coefficient between Actin and Tubulin pixel intensities within each cell. This measures the spatial colocalization of the two cytoskeletal networks, which may decouple under specific drug treatments."
tubulin_spatial_moment_mean,code,spatial,code/tubulin_spatial_moment_mean/extract.py,Calculates the intensity-weighted average distance of Tubulin pixels from the nuclear centroid. This quantifies whether the microtubule network is collapsed around the nucleus or extended toward the cell periphery.
nuclear_boundary_intensity_gradient,code,intensity,code/nuclear_boundary_intensity_gradient/extract.py,"Measures the average intensity gradient magnitude at the boundary of segmented nuclei. Sharp gradients indicate well-defined nuclear envelopes, while diffuse gradients might suggest envelope breakdown."
dapi_tubulin_overlap_pearson,code,spatial,code/dapi_tubulin_overlap_pearson/extract.py,Calculates the Pearson correlation coefficient between pixel intensities of DAPI and Tubulin channels within the cell. This measures the degree of spatial overlap; overlap increases during mitosis when the nuclear envelope breaks down and m
actin_spatial_radial_distribution_ratio,code,distribution,code/actin_spatial_radial_distribution_ratio/extract.py,Measures the ratio of Actin intensity in the outer 10% of the cell radius (cortex) versus the inner region. This distinguishes cells with strong cortical actin rings (often rounded/mitotic) from those with stress fibers throughout the cytop
cellular_intensity_ratio_actin_tubulin,code,intensity,code/cellular_intensity_ratio_actin_tubulin/extract.py,"Calculates the ratio of total Actin intensity to total Tubulin intensity per cell. This feature captures the balance between the cytoskeleton components, which can be disrupted differentially by actin-targeting vs. tubulin-targeting drugs."
dapi_boundary_irregularity_index,code,morphology,code/dapi_boundary_irregularity_index/extract.py,"Measures the irregularity of the nuclear boundary (perimeter^2 / (4 * pi * area) - 1, or similar metric). Irregular, lobulated nuclei are signs of nuclear stress, senescence, or specific drug toxicities."
actin_skeleton_length_total,code,morphology,code/actin_skeleton_length_total/extract.py,Skeletonizes the Actin channel and sums the total length of the resulting skeleton. This proxies the complexity and density of the actin filament network.
nucleus_actin_centroid_displacement,code,spatial,code/nucleus_actin_centroid_displacement/extract.py,Measures the distance between the centroid of the nucleus and the centroid of the cell (defined by Actin). This quantifies cell polarity and the centering of the nucleus.
actin_intensity_mass_displacement,code,spatial,code/actin_intensity_mass_displacement/extract.py,"Measures the mean distance between the geometric centroid of the cell and the intensity-weighted centroid of the Actin channel. This quantifies cellular polarity and asymmetric cytoskeleton distribution, which can be affected by motility-mo"
tubulin_fiber_alignment_mean,code,texture,code/tubulin_fiber_alignment_mean/extract.py,"Estimates the coherence of local gradients in the Tubulin channel within cells to quantify fiber alignment. High alignment suggests bundling (e.g., Taxol effect), while low alignment indicates a meshwork or depolymerization."
cell_size_heterogeneity,code,distribution,code/cell_size_heterogeneity/extract.py,"Computes the standard deviation of cell areas within the image. A high value indicates a heterogeneous population (e.g., mixture of giant senescent cells and normal cells), which is a hallmark of certain drug responses."
tubulin_fiber_anisotropy,code,texture,code/tubulin_fiber_anisotropy/extract.py,"Quantifies the directionality and alignment of microtubule structures in the Tubulin channel. High anisotropy suggests ordered spindles or bundles, while low anisotropy indicates a disorganized meshwork or depolymerization."
nucleus_tubulin_center_offset,code,spatial,code/nucleus_tubulin_center_offset/extract.py,"Calculates the Euclidean distance between the centroid of the nucleus and the centroid of the tubulin intensity distribution. This measures cellular polarity and symmetry, which can be disrupted by drugs affecting cytoskeletal organization."
tubulin_skeleton_length,code,morphology,code/tubulin_skeleton_length/extract.py,"Computes the total length of the skeletonized microtubule network within a cell. This proxies the density and complexity of the microtubule network, which is reduced by depolymerizing agents like Vinca alkaloids."
nucleus_major_axis_length,code,morphology,code/nucleus_major_axis_length/extract.py,Measures the length of the major axis of the ellipse fitting the nucleus. Elongated nuclei can indicate specific cell cycle phases or deformation due to mechanical stress or drug effects.
cell_neighbor_count,code,spatial,code/cell_neighbor_count/extract.py,"Counts the number of adjacent cells touching or within a small radius of the target cell. This captures local cell density and confluence, which can influence cell morphology and drug response."
dapi_intensity_std_dev,code,intensity,code/dapi_intensity_std_dev/extract.py,Calculates the standard deviation of pixel intensities in the DAPI channel. High standard deviation correlates with the presence of bright heterochromatin foci or apoptotic bodies against a darker nuclear background.
nuclear_shape_irregularity_mean,code,morphology,code/nuclear_shape_irregularity_mean/extract.py,"Measures the mean irregularity of nuclear shapes (e.g., 1 - circularity) in the DAPI channel. Irregular nuclear envelopes can indicate DNA damage, nuclear fragmentation, or cellular stress."
tubulin_radial_distribution_peak_mean,code,distribution,code/tubulin_radial_distribution_peak_mean/extract.py,"Analyzes the radial intensity profile of Tubulin starting from the nuclear centroid. A sharp peak near the center suggests perinuclear collapse or monoastral spindles, while a flat profile indicates a spread network."
actin_filament_contrast_mean,code,texture,code/actin_filament_contrast_mean/extract.py,"Calculates the local contrast (e.g., standard deviation or Haralick contrast) of the Actin channel. High contrast indicates distinct stress fibers, while low contrast suggests diffuse cortical actin."
dapi_chromatin_heterogeneity_mean,code,texture,code/dapi_chromatin_heterogeneity_mean/extract.py,"Measures the entropy or intensity variance of the DAPI signal within nuclei. High heterogeneity correlates with chromatin condensation (e.g., in apoptosis or mitosis)."
total_cellular_occupancy_fraction,code,distribution,code/total_cellular_occupancy_fraction/extract.py,Calculates the fraction of the image area covered by cells (Actin/Tubulin foreground). This serves as a proxy for cell confluence and growth inhibition.
dapi_dna_content_mean,code,intensity,code/dapi_dna_content_mean/extract.py,"Computes the mean integrated intensity (sum of pixel values) of the DAPI channel per nucleus. This proxies for DNA content, helping distinguish G1, S, and G2/M cell cycle phases."
cell_boundary_solidity_mean,code,morphology,code/cell_boundary_solidity_mean/extract.py,"Measures the mean solidity (Area / Convex Hull Area) of cell boundaries defined by Actin. Low solidity indicates rough edges, blebbing, or dendritic protrusions."
cell_clustering_index,code,spatial,code/cell_clustering_index/extract.py,"Calculates the average nearest-neighbor distance between nuclear centroids, normalized by cell density. Measures whether cells are clustered (colonies) or randomly distributed."
dapi_nuclear_boundary_intensity_ratio,code,intensity,code/dapi_nuclear_boundary_intensity_ratio/extract.py,"Measures the ratio of mean intensity at the nuclear boundary (ring) versus the nuclear center. This can detect 'nuclear caps' or marginalization of chromatin, which are specific markers of oxidative stress or early apoptosis."
actin_star_morphology_count,code,morphology,code/actin_star_morphology_count/extract.py,Counts the number of cells exhibiting a 'star-like' or highly spiked actin morphology. This phenotype can be associated with specific cytoskeletal disruptors or cellular contraction.
dapi_tubulin_center_displacement,code,spatial,code/dapi_tubulin_center_displacement/extract.py,Measures the distance between the centroid of the nucleus (DAPI) and the centroid of the tubulin signal (cell body). Large displacements can indicate cell polarization or asymmetric cytoskeletal collapse.
actin_intensity_kurtosis,code,intensity,code/actin_intensity_kurtosis/extract.py,"Computes the kurtosis of the Actin channel intensity distribution. High kurtosis indicates a heavy-tailed distribution, potentially reflecting the formation of bright actin stress fibers or aggregates against a lower background."
actin_cortical_ratio,code,spatial,code/actin_cortical_ratio/extract.py,"Measures the ratio of Actin intensity at the cell periphery (cortex) versus the cell center. This quantifies cytoskeletal reorganization, such as cortical ring formation or stress fiber loss."
actin_haralick_contrast_mean,code,texture,code/actin_haralick_contrast_mean/extract.py,"Computes the Haralick Contrast texture feature for the Actin channel. This measures the local intensity variation, capturing the difference between smooth actin staining and distinct stress fibers."
tubulin_texture_entropy_global,code,texture,code/tubulin_texture_entropy_global/extract.py,"Calculates the entropy of the texture (e.g., via GLCM) in the Tubulin channel across the entire image. This quantifies the disorder of the microtubule network, distinguishing between organized spindles, diffuse depolymerization, and rigid b"
cell_density_local_mean,code,spatial,code/cell_density_local_mean/extract.py,"Calculates the mean distance to the nearest k-neighbors for each nucleus. This measures local cell crowding and clustering, which can indicate contact inhibition or colony formation patterns."
tubulin_radial_profile_slope_mean,code,spatial,code/tubulin_radial_profile_slope_mean/extract.py,"Measures the gradient of Tubulin intensity radiating from the nuclear centroid. A steep drop-off might indicate perinuclear clustering, while a flat profile indicates diffuse distribution."
actin_spatial_moment_displacement_mean,code,spatial,code/actin_spatial_moment_displacement_mean/extract.py,Calculates the distance between the geometric centroid of the cell and the weighted centroid (center of mass) of the Actin intensity. This quantifies cell polarity and asymmetric cytoskeletal distribution.
micronucleus_fraction,code,morphology,code/micronucleus_fraction/extract.py,"Calculates the ratio of small, detached nuclear objects (micronuclei) to normal-sized nuclei. This is a direct indicator of genomic instability or mitotic slippage mentioned in the knowledge base."
nucleus_cell_centroid_distance_mean,code,spatial,code/nucleus_cell_centroid_distance_mean/extract.py,"Measures the Euclidean distance between the centroid of the nucleus and the centroid of the cell (cytoplasm). This captures cell polarity and asymmetry, which can be affected by cytoskeletal disruption."
tubulin_fiber_texture_entropy,code,texture,code/tubulin_fiber_texture_entropy/extract.py,"Calculates the entropy of the texture in the Tubulin (green) channel within cell boundaries. High entropy suggests a disordered microtubule network, while low entropy may indicate stabilization or bundling."
nucleus_cytoplasm_centroid_distance,code,spatial,code/nucleus_cytoplasm_centroid_distance/extract.py,Calculates the Euclidean distance between the centroid of the nucleus and the centroid of the whole cell (cytoplasm). This measures cell polarity and asymmetry.
dapi_tubulin_correlation_r,code,spatial,code/dapi_tubulin_correlation_r/extract.py,"Computes the Pearson correlation coefficient between DAPI and Tubulin pixel intensities within the cell. This measures the degree of spatial overlap, identifying phenotypes where tubulin invades the nuclear space or collapses onto it."
dapi_texture_gabor_mean,code,texture,code/dapi_texture_gabor_mean/extract.py,Applies a bank of Gabor filters to the DAPI channel and calculates the mean response. This captures specific frequency and orientation patterns in chromatin texture that simple statistics might miss.
cell_orientation_entropy,code,spatial,code/cell_orientation_entropy/extract.py,"Measures the entropy of the distribution of cell orientations (major axis angles). High entropy indicates random orientation; low entropy indicates alignment (e.g., due to flow or contact guidance)."
nuclear_intensity_integrated_median,code,intensity,code/nuclear_intensity_integrated_median/extract.py,"Calculates the median integrated intensity (sum of pixel values) per nucleus in the DAPI channel. This correlates with DNA content, helping to distinguish G1 (2N) from G2/M (4N) cells."
actin_area_fraction,code,morphology,code/actin_area_fraction/extract.py,"Calculates the percentage of the image covered by Actin signal (above a threshold). This serves as a proxy for cell confluence and spreading, distinct from simple cell count."
tubulin_actin_correlation_global,code,spatial,code/tubulin_actin_correlation_global/extract.py,Computes the Pearson correlation coefficient between pixel intensities of the Tubulin and Actin channels. This measures the spatial overlap and co-regulation of the two cytoskeletal networks.
nuclear_nearest_neighbor_distance_median,code,spatial,code/nuclear_nearest_neighbor_distance_median/extract.py,"Calculates the median distance from each nucleus to its nearest neighbor. This quantifies spatial clustering, which can indicate colony formation or contact inhibition effects."
actin_per_nucleus_ratio,code,morphology,code/actin_per_nucleus_ratio/extract.py,Calculates the ratio of total Actin area to the number of nuclei. This provides an average 'cell size' estimate without requiring difficult single-cell segmentation in dense clusters.
tubulin_fiber_skeleton_length,code,morphology,code/tubulin_fiber_skeleton_length/extract.py,Estimates the total length of microtubule fibers by skeletonizing the Tubulin channel. This is sensitive to the integrity of the microtubule network versus diffuse staining.
dapi_intensity_skewness_global,code,distribution,code/dapi_intensity_skewness_global/extract.py,"Measures the skewness of the DAPI intensity histogram. A highly skewed distribution indicates a sparse signal (distinct nuclei on dark background), while lower skewness might indicate background noise or nuclear swelling/diffusion."
actin_texture_homogeneity_global,code,texture,code/actin_texture_homogeneity_global/extract.py,"Computes the GLCM homogeneity of the Actin channel. High homogeneity implies a smooth, uniform actin distribution, while low homogeneity suggests distinct structures like stress fibers or cortical rings."
tubulin_intensity_heterogeneity,code,texture,code/tubulin_intensity_heterogeneity/extract.py,Measures the coefficient of variation (std/mean) of pixel intensities in the Tubulin channel within the cytoplasmic region. High heterogeneity may indicate microtubule bundling or disruption compared to a smooth network.
nuclear_eccentricity_variance,code,distribution,code/nuclear_eccentricity_variance/extract.py,"Computes the variance of nuclear eccentricity across the cell population. High variance suggests a mix of normal and aberrant (e.g., elongated or condensed) nuclear shapes."
actin_perimeter_area_ratio,code,morphology,code/actin_perimeter_area_ratio/extract.py,"Calculates the ratio of cell perimeter to cell area based on the Actin channel. High ratios indicate complex, protrusive cell shapes (e.g., filopodia), while low ratios indicate smooth, round shapes."
dapi_entropy,code,texture,code/dapi_entropy/extract.py,Calculates the Shannon entropy of the pixel intensity histogram in the DAPI channel. This measures the complexity of chromatin texture; condensed chromatin (apoptosis) often has lower entropy than normal chromatin.
cell_aspect_ratio_mean,code,morphology,code/cell_aspect_ratio_mean/extract.py,"Calculates the mean aspect ratio (major axis / minor axis) of segmented cells. This quantifies cell elongation, helping to identify phenotypes like fibroblast-like stretching or rounding up due to mitotic arrest."
actin_radial_distribution_mean,code,spatial,code/actin_radial_distribution_mean/extract.py,"Measures how Actin intensity varies with distance from the nucleus center (e.g., ratio of peripheral to perinuclear intensity). This captures spatial organization phenotypes like cortical actin rings vs. stress fibers."
nucleus_tubulin_intensity_ratio_mean,code,spatial,code/nucleus_tubulin_intensity_ratio_mean/extract.py,"Computes the ratio of Tubulin intensity inside the nucleus region versus the cytoplasm. While Tubulin is cytoplasmic, this metric can detect segmentation errors or specific biological events where the nuclear envelope breaks down."
dapi_bright_spot_peak_count,code,texture,code/dapi_bright_spot_peak_count/extract.py,"Detects and counts local intensity maxima (peaks) within the nuclear region that exceed a relative threshold. This serves as a proxy for quantifying nuclear foci (e.g., DNA damage repair sites) mentioned in the MoA knowledge."
actin_texture_haralick_entropy,code,texture,code/actin_texture_haralick_entropy/extract.py,"Computes the Haralick entropy of the Actin channel texture. High entropy indicates a complex, disordered cytoskeletal network, while low entropy may suggest diffuse staining or loss of structural integrity."
tubulin_skeleton_branch_count,code,morphology,code/tubulin_skeleton_branch_count/extract.py,"Skeletons the Tubulin structure and counts the number of branch points. This quantifies the complexity of the microtubule network, distinguishing between dense meshworks and sparse or bundled arrays."
tubulin_spatial_radial_cv_mean,code,spatial,code/tubulin_spatial_radial_cv_mean/extract.py,"Calculates the coefficient of variation of Tubulin intensity in radial bands extending from the nuclear centroid. This specifically targets the 'monoastral spindle' phenotype (Eg5 inhibition), where tubulin is concentrated centrally rather "
tubulin_texture_fiber_alignment_mean,code,texture,code/tubulin_texture_fiber_alignment_mean/extract.py,"Measures the anisotropy or directional coherence of the Tubulin channel using structure tensors or gradient histograms. High alignment scores correspond to the 'microtubule bundling' phenotype (Taxanes), where fibers become rigid and parall"
cell_nucleus_cytoplasm_ratio_mean,code,morphology,code/cell_nucleus_cytoplasm_ratio_mean/extract.py,"Computes the ratio of nuclear area to total cell (cytoplasmic) area. Variations in N/C ratio are indicative of cell cycle stage, differentiation status, or pathological states like multinucleation."
channel_correlation_tubulin_actin,code,spatial,code/channel_correlation_tubulin_actin/extract.py,Calculates the Pearson correlation between Tubulin and Actin channels. This measures the overall integrity and co-organization of the cytoskeleton; disruption by drugs like Vinca alkaloids may uncouple these networks.
dapi_intensity_cv_inter_cell,code,distribution,code/dapi_intensity_cv_inter_cell/extract.py,"Calculates the coefficient of variation of integrated DAPI intensity *between* cells in a field. High inter-cell variance suggests a heterogeneous population with cells arrested in different cell cycle phases (e.g., G1 vs G2/M block)."
actin_spot_count_mean,code,morphology,code/actin_spot_count_mean/extract.py,"Counts the number of high-intensity actin spots (e.g., focal adhesions or aggregates) per cell using a Laplacian of Gaussian (LoG) blob detector. An increase may indicate cytoskeletal rigidification or aggregation."
cell_area_std_dev,code,distribution,code/cell_area_std_dev/extract.py,"Calculates the standard deviation of cell areas across the image. A high standard deviation indicates a heterogeneous population, potentially containing a mix of giant senescent cells and small apoptotic fragments."
actin_skeleton_branch_points,code,morphology,code/actin_skeleton_branch_points/extract.py,Skeletons the Actin channel intensity and counts the number of branch points per cell. This quantifies the complexity and interconnectivity of the actin network.
nuclear_integrated_intensity_sum,code,intensity,code/nuclear_integrated_intensity_sum/extract.py,"Sums the total integrated intensity of DAPI across all nuclei in the image. This serves as a proxy for total DNA content, which can reflect cell count (confluence) as well as ploidy changes if normalized by cell number."
tubulin_fiber_alignment,code,texture,code/tubulin_fiber_alignment/extract.py,"Measures the directional alignment of tubulin fibers in the green channel using structure tensor analysis or gradient orientation. High alignment may indicate microtubule bundling (e.g., Taxol effect), while disorder suggests depolymerizati"
cell_count_normalized,code,distribution,code/cell_count_normalized/extract.py,"Counts the number of segmented nuclei and normalizes by the image area. This provides a measure of cell density, which is a direct proxy for cytotoxicity or cytostatic effects of the drugs."
actin_perimeter_mean,code,morphology,code/actin_perimeter_mean/extract.py,Calculates the mean perimeter of cell boundaries defined by Actin. An increase in perimeter relative to area (fractal dimension) can indicate membrane ruffling or the formation of protrusions like invadopodia.
nucleus_area_median,code,morphology,code/nucleus_area_median/extract.py,Calculates the median area of segmented nuclei based on the DAPI channel. Changes in nuclear size are key indicators of cellular states such as senescence (enlarged) or apoptosis (pyknosis/shrinkage).
nucleus_chromatin_texture_entropy,code,texture,code/nucleus_chromatin_texture_entropy/extract.py,"Measures the entropy of pixel intensities within segmented nuclei in the DAPI channel. High entropy indicates heterogeneous chromatin texture, which correlates with DNA damage or condensation stages."
tubulin_radial_intensity_decay,code,spatial,code/tubulin_radial_intensity_decay/extract.py,"Measures the rate of decay of Tubulin intensity as a function of distance from the nucleus center. This captures the spatial distribution of microtubules, relevant for detecting phenotypes like monoastral spindles where tubulin is centrally"
actin_cell_eccentricity_median,code,morphology,code/actin_cell_eccentricity_median/extract.py,Calculates the median eccentricity (elongation) of cell boundaries defined by the Actin channel. This feature captures gross morphological changes such as the transition from epithelial to mesenchymal-like shapes or rounding due to mitotic 
actin_intensity_skewness_mean,code,intensity,code/actin_intensity_skewness_mean/extract.py,Computes the skewness of the actin intensity distribution within segmented cells. This helps distinguish between cells with uniform actin staining and those with bright cortical rings or localized stress fibers.
cell_packing_density_local,code,distribution,code/cell_packing_density_local/extract.py,Estimates the local density of cells by calculating the mean distance to the nearest neighbor for each nucleus. This feature relates to cell proliferation rates and contact inhibition.
cytoplasm_to_nucleus_area_ratio,code,morphology,code/cytoplasm_to_nucleus_area_ratio/extract.py,Calculates the ratio of cytoplasmic area (Cell area minus Nucleus area) to Nuclear area. This N:C ratio is a classic cytological metric that changes with cell cycle progression and senescence.
actin_tubulin_overlap_manders,code,spatial,code/actin_tubulin_overlap_manders/extract.py,Computes the Manders' Overlap Coefficient between Actin (red) and Tubulin (green) channels within the cell mask. This quantifies the spatial relationship between the two major cytoskeletal components.
