sample_id,whole_cell_average_intensity,nuc_tau_intensity_at_body,cyto_tau_intensity_at_body,tau_intensity_of_bundle,tau_intensity_of_a_single_filament,nuc_cyto_ratio,single_filament_cyto_ratio,single_filament_bundle_ratio,tau_continuity,bundle_width,single_filament_number,droplet_number,all_droplet_size,droplet_intensity
sr_P301LandS320F_1,164.04293823242188,246.88818359375,128.253662109375,216.63372802734372,261.1549987792969,1.961592589842236,1.7123953269675083,0.608086714140263,0.0021760642887833,184.0108692441835,3690.0,407.0,1084.0,447.5351886441893
sr_P301LandS320F_10,519.8529663085938,617.115966796875,519.8529663085938,576.6072998046875,602.5840454101562,1.6439782300317154,1.1738884438228712,0.8670782858315583,0.0020531404697675,162.78820596099706,3905.0,270.0,150.0,911.1190652763212
sr_P301LandS320F_11,29.10094451904297,44.11085510253906,27.04965591430664,33.604209899902344,44.75640106201172,1.6070081453735063,1.554443191091281,0.6654520588377728,0.0021513505642857,102.15674231297707,3311.0,349.0,489.0,62.66173147111333
sr_P301LandS320F_12,72.38227844238281,122.6554718017578,72.38227844238281,119.37517547607422,134.6024627685547,1.953129318233132,1.5617370184692363,0.4918576225860969,0.0019356882231267,62.48199740725323,4784.0,581.0,1669.0,211.45337499362148
sr_P301LandS320F_13,1177.663330078125,2135.781494140625,1042.4012451171875,1520.898193359375,1418.91943359375,1.9699637460260448,1.3763041242697782,0.7447468530509093,0.0025081456952432,127.26350615946428,2139.0,10.0,248.0,2626.650774470578
sr_P301LandS320F_14,87.80949401855469,154.86746215820312,87.80949401855469,120.31316375732422,180.9820709228516,2.282176684825877,1.5091886032664072,0.5989582092505262,0.0,34.40930106817051,662.0,53.0,107.0,252.1044718522301
sr_P301LandS320F_15,75.83895111083984,111.3094711303711,75.83895111083984,104.8826141357422,139.3907012939453,1.729314433176175,1.514495395994585,0.6111355624058031,0.0018940478350276,52.3450093132096,3213.0,359.0,1292.0,195.5759300603167
sr_P301LandS320F_16,593.4368286132812,1426.659912109375,593.4368286132812,1107.9832763671875,728.076416015625,2.1003330410700563,1.1877132150814131,0.5550556595904639,0.0,43.26661530556788,1823.0,0.0,0.0,1430.013518327213
sr_P301LandS320F_17,428.2291564941406,664.8638916015625,371.0414123535156,609.4891967773438,584.0525512695312,1.8260169218662836,1.4402458899037207,0.6062265876338707,0.0021508528868159,153.1012736720371,4712.0,95.0,1155.0,1004.880676655286
sr_P301LandS320F_18,334.811279296875,777.3789672851562,334.811279296875,592.709228515625,450.5894470214844,2.1812930205782672,1.25845804280517,0.531037800019666,0.002428224627688,59.22837157984339,4927.0,79.0,247.0,870.1723732096287
sr_P301LandS320F_19,1331.030517578125,3726.3515625,1331.030517578125,2328.68115234375,1374.3316650390625,2.114212132282755,1.089557477282763,0.6513545836831679,0.0049690045368828,63.90618123468183,813.0,0.0,0.0,3332.224789604264
sr_P301LandS320F_2,1731.314453125,2723.96533203125,1731.314453125,2359.17919921875,2053.80224609375,1.777311449623013,1.1523229194920543,0.7253546017745901,0.0031084024421578,79.62411694957753,1778.0,1.0,341.0,3356.9223291592566
sr_P301LandS320F_20,16.791799545288086,23.722885131835938,13.961589813232422,19.58222198486328,26.485929489135746,1.7009048415866614,1.768022049326189,0.6151643593049695,0.0021340772816549,229.71286424577968,2910.0,699.0,753.0,39.3168447142704
sr_P301LandS320F_24,126.94068145751952,183.33546447753903,105.35765075683594,188.17398071289065,184.95347595214844,1.7309375306562471,1.6177143485404424,0.5583227752273313,0.0018952908911935,109.17875251164944,7192.0,754.0,2528.0,329.9493070491596
sr_P301LandS320F_25,135.4800262451172,319.411865234375,135.4800262451172,242.2027740478516,186.0795440673828,2.198212988028773,1.23335704885883,0.5419741700838773,0.0,63.56099432828282,3228.0,30.0,528.0,389.2227912705317
sr_P301LandS320F_26,186.5306854248047,251.7250518798828,186.5306854248047,249.0394592285156,266.5990905761719,1.5143768955547938,1.258261970283009,0.6351295297211527,0.0022331223576288,76.96752561957543,2424.0,202.0,292.0,406.72414815422087
sr_P301LandS320F_27,1114.0377197265625,1549.57666015625,1114.0377197265625,1216.0709228515625,1362.885009765625,1.8386162636423304,1.2699444248130922,0.9408220509721948,0.0022238189852463,148.66068747318505,3785.0,126.0,0.0,1999.853093467504
sr_P301LandS320F_28,5293.55322265625,5702.6806640625,5293.55322265625,5935.78759765625,5451.59716796875,1.5003853285795434,1.0740478196252687,0.8810672040868872,0.0023752190306143,72.80109889280519,1495.0,13.0,110.0,8021.89999069161
sr_P301LandS320F_29,292.3229675292969,428.5279846191406,292.3229675292969,378.4046325683594,382.8218688964844,1.5268008523817167,1.2459875356075736,0.7304404236546026,0.0025201284135473,45.60701700396552,2863.0,152.0,125.0,585.7147083282249
sr_P301LandS320F_3,1445.3433837890625,2065.185302734375,1445.3433837890625,1932.279541015625,1692.1864013671875,1.721487238601085,1.1510561471875396,0.7375574796334604,0.0021169935756336,46.04345773288535,3221.0,193.0,1498.0,2715.419347048836
sr_P301LandS320F_30,1517.008056640625,2175.36572265625,1517.008056640625,1638.5849609375,1750.2513427734375,1.6662983435759915,1.1774545296458323,0.8655287280986429,0.0024569874128981,134.7145129523913,2385.0,100.0,54.0,2595.9408580098257
sr_P301LandS320F_31,2240.865478515625,3187.9287109375,2240.865478515625,2449.53125,2686.234130859375,1.7142496828061915,1.212482969864128,0.8556068093100205,0.00207667764554,68.26419266350405,3952.0,233.0,502.0,3719.565472970259
sr_P301LandS320F_32,659.5941772460938,817.2261962890625,659.5941772460938,939.3668823242188,785.8876953125,1.4079841235167043,1.1600506570183449,0.6481027316481018,0.0024845342940147,76.57675887630658,2487.0,18.0,275.0,1298.0793140290782
sr_P301LandS320F_33,165.7715301513672,278.1160583496094,141.10443115234375,259.1780700683594,267.0495300292969,2.050237065715734,1.5982233962502608,0.5178546077472321,0.0021182210390129,82.87339742040264,3775.0,345.0,2045.0,477.7152847430575
sr_P301LandS320F_34,26.52593994140625,42.8396110534668,24.221288681030277,38.90010070800781,56.79714584350586,1.7792561550291015,1.814851973798814,0.5321298203491104,0.0018391283419236,36.87817782917155,3925.0,611.0,1115.0,75.16033815555896
sr_P301LandS320F_36,303.3746337890625,391.9880065917969,303.3746337890625,368.8782348632813,422.2960510253906,1.5518210499925715,1.247605668615286,0.6899359011184013,0.0026865957550344,55.46169849544819,1439.0,155.0,527.0,606.6685551722953
sr_P301LandS320F_37,275.2033996582031,531.42578125,275.2033996582031,380.962890625,413.5688171386719,0.0,1.2631696082815704,0.5809312115916524,0.0025422784064917,203.06649157357305,2160.0,147.0,226.0,839.5098929840769
sr_P301LandS320F_38,59.28305816650391,84.06956481933594,59.28305816650391,84.57185363769531,104.91451263427734,0.0,1.4936011237130156,0.5469803407650239,0.0018280526584588,108.07404868885035,5881.0,867.0,1541.0,154.10747186038836
sr_P301LandS320F_39,102.5688934326172,166.27134704589844,102.5688934326172,162.92300415039062,177.30821228027344,0.0,1.4866234598454957,0.5155815699988614,0.0020572793622937,72.02777242147643,5368.0,600.0,2251.0,292.7497243526324
sr_P301LandS320F_4,110.91022491455078,163.760986328125,110.91022491455078,153.45372009277344,171.33644104003906,1.5857905572048738,1.3172864833744684,0.5901778785630677,0.0021601479799783,194.8332620473209,3949.0,410.0,753.0,290.4626413616438
sr_P301LandS320F_40,57.800662994384766,80.13878631591797,57.800662994384766,88.86500549316406,99.76048278808594,0.0,1.515448587481148,0.5236705813519378,0.0017523776116911,70.71067811865476,6786.0,999.0,2281.0,145.5545918903347
sr_P301LandS320F_42,294.0262451171875,756.1068115234375,294.0262451171875,687.606689453125,403.11663818359375,2.6242598905604115,1.26534969810901,0.4923586130227273,0.0,26.0,2177.0,0.0,130.0,895.1379239564931
sr_P301LandS320F_43,202.5406036376953,283.6905212402344,169.54393005371094,268.90576171875,301.7816772460937,1.7191737408390948,1.513282731590069,0.6668881695032489,0.0021855641322987,86.55634003352961,3091.0,233.0,708.0,451.9861435043443
sr_P301LandS320F_45,786.6033935546875,1787.271728515625,786.6033935546875,1149.3277587890625,902.7216186523438,0.0,1.0728047108310346,0.6391405565064114,0.0,46.51881339845203,916.0,11.0,66.0,1963.067550029527
sr_P301LandS320F_46,696.21728515625,868.6443481445312,696.21728515625,779.1905517578125,980.9840087890624,1.5825528502313546,1.2531950172804172,0.8535007164118187,0.0026549044666387,120.74767078498864,2062.0,211.0,576.0,1245.3083024029484
sr_P301LandS320F_47,65.16754913330078,97.95491027832033,65.16754913330078,92.10651397705078,118.536865234375,0.0,1.5302614565508263,0.5708607667366213,0.0018636335850525,54.91812087098393,3802.0,568.0,1662.0,169.33979114700134
sr_P301LandS320F_48,1366.955810546875,1851.1573486328125,1147.651123046875,1839.854736328125,1731.974365234375,1.5605889490729443,1.4332572324589803,0.7199151786573166,0.0031217310578503,77.79460135510689,2312.0,100.0,823.0,2573.684459109073
sr_P301LandS320F_49,152.1476593017578,299.8475036621094,152.1476593017578,257.840087890625,252.021728515625,2.1075851950834057,1.3756874959042762,0.5128259250094734,0.0022821226048601,112.0,3026.0,86.0,169.0,424.2523083971879
sr_P301LandS320F_5,1550.6597900390625,2316.29541015625,1550.6597900390625,1834.0167236328125,5485.443359375,1.825084046531411,1.257430820494599,0.8065667338506612,0.0039018874645236,89.55445270895244,972.0,28.0,62.0,2933.2504792992054
sr_P301LandS320F_50,113.53157043457033,190.3853454589844,113.53157043457033,189.0443572998047,158.2466583251953,2.0165056361478486,1.210097030901806,0.4769182003985027,0.0,102.95630140987,2502.0,33.0,238.0,320.8412052974882
sr_P301LandS320F_51,1254.2078857421875,1721.991943359375,1052.4613037109375,1556.7696533203125,1570.4822998046875,1.6700639255880996,1.4288742337133309,0.782243514147924,0.0022911035806129,76.36753236814714,2834.0,108.0,443.0,2383.19541837178
sr_P301LandS320F_52,1743.291748046875,2640.4482421875,1743.291748046875,2089.282958984375,1782.7093505859375,1.77416498786628,1.0495465108027815,0.7255584306646171,0.0034798617530517,254.566297847928,752.0,2.0,187.0,3150.506304500328
sr_P301LandS320F_53,111.62985229492188,199.52581787109372,111.62985229492188,206.55728149414065,187.65724182128903,2.2593597614271954,1.4253344894287183,0.4690827887656169,0.0019688359858045,62.80127387243033,3242.0,262.0,591.0,354.57577624332777
sr_P301LandS320F_54,184.0300445556641,263.67694091796875,184.0300445556641,227.52476501464844,289.7782287597656,1.943351987813936,1.3967628290818384,0.7399551210905922,0.001881826019543,56.85068161420758,2682.0,329.0,626.0,401.3479645643404
sr_P301LandS320F_55,63.355224609375,94.96522521972656,63.355224609375,91.1044464111328,108.4966812133789,1.6934397712775164,1.464040275796553,0.5520923940133244,0.0,44.40720662234904,2447.0,340.0,1113.0,163.21256247717594
sr_P301LandS320F_56,399.75885009765625,906.9168701171876,399.75885009765625,666.7752685546875,531.5579223632812,0.0,1.2429240864352211,0.6135835261974925,0.0021016985609471,38.47076812334269,2463.0,6.0,242.0,941.463676372225
sr_P301LandS320F_57,353.11004638671875,824.4895629882812,353.11004638671875,637.8959350585938,449.9461975097656,2.008069248674978,1.203029200421218,0.5526727902713542,0.0030233066214995,60.53098380168623,2249.0,0.0,50.0,820.7949161391736
sr_P301LandS320F_58,862.54345703125,1389.5992431640625,862.54345703125,1333.3656005859375,956.9331665039062,1.845772316269176,1.0485703562142337,0.5414977516074921,0.0,31.622776601683796,400.0,3.0,0.0,2674.2067774374545
sr_P301LandS320F_6,138.30709838867188,249.40521240234372,138.30709838867188,213.4388885498047,221.9312744140625,0.0,1.3428114270571303,0.5023167024536082,0.0033892327560118,91.76055797563568,1042.0,110.0,316.0,436.0355984292401
sr_P301LandS320F_60,1697.160400390625,2391.80029296875,1697.160400390625,2091.342041015625,1929.032470703125,1.865459733906788,1.1550247864838414,0.7714244422141854,0.0023955040980874,79.64923100695951,1253.0,0.0,270.0,3044.8910809386434
sr_P301LandS320F_61,553.4290771484375,755.023681640625,525.5048217773438,868.255615234375,668.075439453125,1.452731694449302,1.297628036446469,0.6690045057719214,0.0027188315259651,35.38361202590826,3895.0,10.0,395.0,1104.4789658291982
sr_P301LandS320F_62,1745.741943359375,4474.9638671875,1745.741943359375,3304.060791015625,1822.962646484375,0.0,1.1340843422106648,0.5975204830986952,0.0032302650173311,30.59411708155671,601.0,1.0,0.0,4694.284888230482
sr_P301LandS320F_7,247.6780242919922,376.0973205566406,247.6780242919922,342.2064819335937,394.983642578125,2.039531900437491,1.3943138994203317,0.5864910690432407,0.0023120911368873,104.01922899156676,2872.0,337.0,1000.0,656.6019056064121
sr_P301LandS320F_8,200.92144775390625,290.42144775390625,200.92144775390625,248.0420684814453,309.1866455078125,1.8982328605652563,1.3831802756202212,0.6896382009656468,0.0020478908652993,218.24756585125985,3867.0,447.0,1016.0,510.4487099319974
sr_P301LandS320F_9,24.614961624145508,37.3682975769043,24.614961624145508,29.19281768798828,46.40731430053711,1.6123621367439205,1.5625414890087483,0.632450925989872,0.0020619811040084,74.0,2175.0,462.0,645.0,60.322736937541336
sr_P301SandS320F_1,668.0001831054688,2020.7672119140625,668.0001831054688,822.3947143554688,811.2408447265625,0.0,1.1755381576805732,0.6721516206532052,0.0,117.04699910719626,659.0,0.0,0.0,1467.755861040738
sr_P301SandS320F_10,21.150739669799805,21.29933357238769,21.150739669799805,22.339284896850582,22.03874397277832,1.4565637199885426,1.1027427971446908,0.5484534881471462,0.0,778.0642646979746,1603.0,1236.0,0.0,38.47958850576543
sr_P301SandS320F_11,419.6089172363281,573.5802001953125,419.6089172363281,555.9173583984375,535.458251953125,0.0,1.2067524161069585,0.686899391440483,0.0027762217592978,142.04224723651762,2902.0,186.0,454.0,948.5033949119736
sr_P301SandS320F_12,61.364524841308594,73.42350769042969,61.364524841308594,73.57113647460938,92.3718490600586,1.775816441366088,1.4262546448571811,0.733664653217892,0.0016597731866031,118.92854997854803,3898.0,519.0,224.0,131.03432357461736
sr_P301SandS320F_13,629.0609741210938,708.9253540039062,629.0609741210938,758.2935180664062,736.5872192382812,1.472897251598253,1.163116217022446,0.7100927309201286,0.0025034274728661,64.28063471995279,2093.0,139.0,0.0,1080.571652366639
sr_P301SandS320F_14,654.7564086914062,1305.799072265625,654.7564086914062,904.7759399414062,698.1122436523438,0.0,1.0978590689263228,0.6644284133472598,0.0,45.34313619501854,525.0,0.0,0.0,1764.6330125368231
sr_P301SandS320F_15,797.5422973632812,1027.304443359375,797.5422973632812,935.52490234375,950.1322021484376,1.5715612959230072,1.1793055799556622,0.7117334768157004,0.0030739127700202,111.08555261599052,2138.0,256.0,266.0,1436.4951383662549
sr_P301SandS320F_16,191.90643310546875,297.772705078125,191.90643310546875,246.86019897460935,264.750732421875,2.653702634577933,1.5094569515417111,0.9632947728421766,0.0017129378375433,106.82696288858914,4646.0,285.0,0.0,435.078389056345
sr_P301SandS320F_17,637.2421875,840.4915161132812,637.2421875,856.0300903320312,821.6691284179688,1.6321301473359484,1.3000209949898365,0.7346465309599836,0.0023651950174036,56.356011214421486,3701.0,198.0,433.0,1175.0499279900257
sr_P301SandS320F_18,443.2069091796875,692.12060546875,443.2069091796875,647.1448364257812,539.3990478515625,0.0,1.2019649653478124,0.666167145148616,0.0026052735164014,65.7875368135941,2619.0,43.0,0.0,936.1505085212336
sr_P301SandS320F_19,438.7052917480469,568.9464111328125,438.7052917480469,612.95263671875,567.2598266601562,1.6947350769428355,1.17399644322615,0.6664870716304387,0.0,87.47571091451616,1573.0,20.0,158.0,962.7003662158552
sr_P301SandS320F_2,584.2119750976562,885.0643310546875,584.2119750976562,803.065673828125,708.6629638671875,0.0,1.1900622134000054,0.6987168547828431,0.0,60.13318551349163,2332.0,9.0,52.0,1205.2100979704396
sr_P301SandS320F_20,405.5321044921875,537.7749633789062,405.5321044921875,484.3204650878906,493.6618347167969,1.6634275495430382,1.174899288647924,0.6755226671531147,0.002970633386515,132.81566172707193,1956.0,133.0,156.0,813.7443130031997
sr_P301SandS320F_21,774.2761840820312,877.80029296875,774.2761840820312,1010.4124755859376,956.6746826171876,1.6859660034263024,1.192857949709407,0.6980609092435088,0.0029155358258792,80.91971329657564,2603.0,89.0,50.0,1482.848358547797
sr_P301SandS320F_22,99.55553436279295,131.45989990234375,99.55553436279295,121.69805145263672,123.76104736328124,1.6227714857532678,1.280026282459985,0.697695923796292,0.0031852958014508,118.06777714516352,1894.0,179.0,177.0,191.59874035969727
sr_P301SandS320F_23,714.3399047851562,1071.006103515625,580.9863891601562,1004.4622192382812,876.1958618164062,1.8808802370079276,1.4858855783317968,0.6899857574525462,0.0025274642607578,60.13318551349163,2230.0,4.0,173.0,1479.8865665623846
sr_P301SandS320F_24,901.40771484375,1249.43115234375,901.40771484375,1080.6339111328125,1053.6719970703125,0.0,1.1344234657795813,0.735717267740076,0.0025635012578531,99.6393496566492,1788.0,101.0,0.0,1601.6461146340075
sr_P301SandS320F_25,622.492431640625,819.7717895507812,622.492431640625,848.364013671875,821.5584106445312,1.5467012015434662,1.2646651859661162,0.6531368742211243,0.0021646072882724,100.17983829094555,5575.0,363.0,573.0,1233.6922833064314
sr_P301SandS320F_26,31.07110023498535,42.289947509765625,31.07110023498535,33.912960052490234,30.47159576416016,1.7545197675592776,1.0468753459217583,0.5841189056941005,0.0019392765153957,527.5187200469761,2006.0,621.0,0.0,58.34440973670562
sr_P301SandS320F_27,2087.438720703125,2466.19970703125,2087.438720703125,2250.19384765625,2430.232421875,0.0,1.1537251572987492,0.8502272650921396,0.002268414488785,74.67261881037788,2525.0,140.0,112.0,3187.6169570806046
sr_P301SandS320F_28,1578.1895751953125,2140.50341796875,1578.1895751953125,1740.1688232421875,1932.472412109375,1.7372880459686202,1.2175198740630324,0.8447906683495013,0.0020679855563233,211.8962010041709,3712.0,242.0,213.0,2737.4851621893254
sr_P301SandS320F_29,643.3715209960938,888.6038208007812,643.3715209960938,743.3931884765625,821.5714721679688,1.7997969143179586,1.282923089148363,0.7631250757805323,0.0021694040796389,66.2117814289874,5191.0,296.0,51.0,1206.1674640488673
sr_P301SandS320F_3,652.255126953125,885.4520263671875,652.255126953125,850.5323486328125,808.3570556640625,0.0,1.2190611037165855,0.718276326002051,0.0026627358634709,40.49691346263317,3191.0,140.0,217.0,1178.7883596685683
sr_P301SandS320F_34,648.2906494140625,740.6935424804688,648.2906494140625,785.0209350585938,789.4274291992188,1.423064107703534,1.144192670122068,0.6407112737884131,0.00244838028891,310.7796647144082,1861.0,223.0,278.0,1299.0377363918
sr_P301SandS320F_35,1992.59716796875,2885.384521484375,1696.7454833984375,2492.291748046875,3625.831298828125,1.7516451989533477,1.4930376750151706,0.7451977901181499,0.0033418933581633,78.63841300535,1176.0,59.0,376.0,4248.254849304186
sr_P301SandS320F_36,32.58451843261719,42.63819122314453,32.58451843261719,36.00373458862305,38.53696060180664,1.758277250970054,1.2649405814726522,0.6823951709968707,0.0020746306983391,505.35136291495246,2376.0,807.0,0.0,64.2686704887857
sr_P301SandS320F_37,224.243896484375,287.36492919921875,224.243896484375,256.7924499511719,275.25048828125,1.955032652935961,1.2952140602120494,0.8818692643605158,0.0018054315205595,154.11683879446787,4311.0,300.0,60.0,440.6868963179396
sr_P301SandS320F_38,331.0668334960937,462.2427978515625,290.9517517089844,393.17572021484375,387.1474609375,1.5956202488026925,1.3429792213790142,0.7594101784392957,0.0020776321253692,93.05912099305472,3469.0,207.0,220.0,613.7905242694575
sr_P301SandS320F_39,36.79327774047852,48.11276245117188,36.79327774047852,38.88761520385742,47.47104263305664,1.6207800472785456,1.4050042001805538,0.7649148419288087,0.0021179266188448,357.7373338079211,2041.0,565.0,81.0,70.55792354763715
sr_P301SandS320F_4,432.7567443847656,642.9400634765625,432.7567443847656,541.0564575195312,558.727294921875,0.0,1.2217767222523128,0.7019398102898539,0.0028706383590686,65.60487786742691,1991.0,91.0,172.0,907.8184693516577
sr_P301SandS320F_40,21.77011489868164,25.967498779296875,21.77011489868164,23.008195877075195,265.564697265625,1.567397183731147,1.2591492230375687,0.5592043611696054,0.0,693.4666538486188,1107.0,1087.0,54.0,43.2184437610732
sr_P301SandS320F_41,32.08605194091797,42.20219039916992,32.08605194091797,33.988990783691406,35.50959396362305,1.5973562504433731,1.1660988496652118,0.6508440008580709,0.0021896133119218,365.9289548532611,1545.0,536.0,0.0,59.67119196667624
sr_P301SandS320F_42,527.8639526367188,704.9505615234375,527.8639526367188,720.7960815429688,632.9228515625,0.0,1.1614007385781036,0.6301583671421336,0.0,58.0,866.0,7.0,57.0,1120.7927358132629
sr_P301SandS320F_43,1260.148193359375,1930.0650634765625,1260.148193359375,1316.473388671875,1738.0728759765625,1.992570728366131,1.3718540319139148,1.036034091689644,0.0,153.88307249337075,2309.0,190.0,360.0,2319.3295977193147
sr_P301SandS320F_46,980.228515625,1239.2630615234375,980.228515625,1305.2899169921875,1123.8602294921875,1.4314663299594406,1.1768623088804118,0.7380361873035738,0.003604057017979,34.92849839314596,2896.0,151.0,418.0,1588.0403778697694
sr_P301SandS320F_47,927.3746948242188,1253.459228515625,829.6142578125,1191.336669921875,1056.0606689453125,1.4920137127627509,1.308148082736358,0.7413788242497253,0.0032614287261541,21.54065922853801,3712.0,43.0,0.0,1498.2031452681429
sr_P301SandS320F_48,469.1155090332031,862.3670043945312,469.1155090332031,480.3634643554688,550.1204223632812,0.0,1.09561626325885,0.71010134142421,0.0,869.3008685144632,210.0,26.0,263.0,1059.1648074672337
sr_P301SandS320F_49,710.8956298828125,883.9341430664062,710.8956298828125,872.1824340820312,838.3533935546875,1.4721154017981173,1.2274402492968677,0.792722815942487,0.0030111863598047,22.360679774997894,3777.0,144.0,52.0,1143.8484207011238
sr_P301SandS320F_5,391.25244140625,439.3938903808594,391.25244140625,444.5387268066406,484.6399536132813,1.276809254933179,1.1545320172926676,0.7672716255132851,0.0024409086689167,165.08179790637126,2346.0,269.0,412.0,696.7455482006752
sr_P301SandS320F_50,75.40351104736328,92.53801727294922,75.40351104736328,85.73601531982422,86.87700653076172,1.429509312729899,1.2297870676844616,0.7233893240569669,0.0033829682683314,46.04345773288535,2640.0,436.0,0.0,122.83886412829376
sr_P301SandS320F_6,148.31809997558594,318.0413818359375,148.31809997558594,194.30030822753903,211.1166534423828,1.8822362933837733,1.2603673286925394,0.5927291842279648,0.0,75.15317691222374,1252.0,80.0,166.0,348.78608599034493
sr_P301SandS320F_7,168.02867126464844,300.50848388671875,168.02867126464844,201.2125701904297,242.78201293945312,0.0,1.314049847873022,0.6182265646366143,0.0,42.37924020083418,571.0,52.0,50.0,407.1216940668349
sr_P301SandS320F_8,151.3751983642578,211.3632659912109,151.3751983642578,188.59246826171875,220.2953643798828,1.6292336258178926,1.3092208324803365,0.624133471629975,0.0030969030204023,51.884487084291386,1459.0,162.0,52.0,342.38403096078065
sr_P301SandS320F_9,995.8088989257812,1452.2255859375,995.8088989257812,1194.2515869140625,1181.3504638671875,1.6820437768005128,1.1504052047121267,0.775650058978936,0.0,72.69112738154499,1277.0,4.0,68.0,1985.1281898076977
sr_S305I_1,666.6361083984375,958.1692504882812,666.6361083984375,781.8970947265625,819.7430419921875,1.8033022775714247,1.2012631926490758,0.7511641975122941,0.0019409203952653,130.06152390311286,4281.0,293.0,1699.0,1349.160652783017
sr_S305I_10,613.9970703125,799.4158935546875,613.9970703125,693.338134765625,678.9171752929688,1.628890028388813,1.0563933736406117,0.6746356879685228,0.0,296.00675667964066,1190.0,101.0,230.0,1185.2126144364845
sr_S305I_11,418.7561340332031,516.146728515625,418.7561340332031,472.1956176757813,533.9705200195312,1.5458019956814246,1.2238746210937588,0.7952525453667735,0.0019992055274137,101.82337649086284,4319.0,429.0,1073.0,765.1026595523092
sr_S305I_12,466.05560302734375,651.2172241210938,466.05560302734375,599.3795166015625,586.3329467773438,0.0,1.1832478484473758,0.6572699570804205,0.0,85.0881895447306,1083.0,33.0,0.0,1002.6297641811856
sr_S305I_13,341.77020263671875,447.46917724609375,341.77020263671875,368.7823181152344,489.2737121582031,1.661418496549183,1.2946244197605936,0.8015751525549324,0.0,207.71133815947556,2375.0,298.0,384.0,682.3568845504063
sr_S305I_14,1869.5943603515625,2599.550537109375,1869.5943603515625,2510.935791015625,4094.50537109375,1.6486639621813373,1.2757130469239863,0.7209550263727568,0.0044368710907828,59.6657355607052,1522.0,2.0,509.0,3366.688159854639
sr_S305I_15,585.2913208007812,736.423095703125,585.2913208007812,739.123046875,747.2935180664062,1.3403035627969715,1.186120360005943,0.6893507814674124,0.0,190.58856209122308,1675.0,42.0,289.0,1131.294836291631
sr_S305I_16,314.42596435546875,382.27337646484375,314.42596435546875,0.0,0.0,1.4030393170969226,0.0,0.0,0.0,0.0,2776.0,302.0,583.0,595.6978104560238
sr_S305I_17,411.7978820800781,508.4527282714844,411.7978820800781,475.9712219238281,492.6239929199219,1.399425079527378,1.1416206695645852,0.744280984878224,0.002855766477895,109.83624174196784,3054.0,431.0,550.0,674.7157362532351
sr_S305I_18,381.5863342285156,494.1990966796875,371.68060302734375,437.6378479003906,502.9249877929688,1.3247105827244707,1.2161272920867328,0.6555910648945646,0.0,168.96153408394468,576.0,102.0,159.0,774.1492600362322
sr_S305I_19,1100.802734375,1478.0904541015625,1100.802734375,1206.2347412109375,1263.844970703125,1.4807201333643871,1.094050572991653,0.7840493183742365,0.0024099269505848,115.94826432508596,2096.0,116.0,596.0,1874.402219883751
sr_S305I_2,158.28501892089844,199.0250701904297,149.8651580810547,181.32095336914065,218.17214965820312,1.3499248010265803,1.3126993126389055,0.6936359944940163,0.0026781305689178,120.41594578792296,1750.0,278.0,242.0,295.72777294352653
sr_S305I_20,821.2938842773438,1029.1044921875,821.2938842773438,942.8519287109376,918.2197875976562,1.4632329174985668,1.0906610313317353,0.7656593620837845,0.0025532562855944,146.21901381147393,2103.0,193.0,844.0,1377.2224508933089
sr_S305I_21,731.8881225585938,918.477294921875,712.9542846679688,883.6093139648438,874.6707763671875,1.310927268272476,1.1395606539427423,0.6800357700656545,0.0,233.3238093294381,814.0,77.0,251.0,1408.7554579795344
sr_S305I_22,77.61052703857422,98.01046752929688,77.61052703857422,85.14884185791016,97.31481170654295,1.4452205207333344,1.228495029660634,0.6995812155100194,0.0027490251194859,119.09659944767525,1368.0,266.0,157.0,140.22544186871565
sr_S305I_23,1601.3912353515625,2088.566650390625,1601.3912353515625,1813.868896484375,1808.75244140625,1.5614444732383927,1.1079797633778394,0.8399318606147936,0.0024190247658227,136.01470508735443,1831.0,145.0,946.0,2716.5705313451617
sr_S305I_24,933.2985229492188,1168.16015625,933.2985229492188,1044.3646240234375,1156.3768310546875,1.473541648515242,1.1489013621666164,0.8092956004062589,0.0027042331482763,101.86265262597476,2516.0,239.0,886.0,1603.5787940219486
sr_S305I_25,118.98831939697266,193.16436767578125,88.39714050292969,139.3968505859375,151.7504119873047,2.1907886053791774,1.7875736961777562,0.8937679435690549,0.0020951017430104,184.39088914585776,3440.0,273.0,58.0,255.5033040650627
sr_S305I_27,864.3648071289062,1355.5975341796875,864.3648071289062,886.846435546875,1115.9918212890625,1.960050294845089,1.2903471766375667,0.8901126815808633,0.0018354899683412,254.566297847928,3669.0,344.0,248.0,1584.5469512714524
sr_S305I_28,7004.2802734375,8332.3466796875,7004.2802734375,7499.314453125,6183.216796875,1.5092738731636803,0.8756177688769595,0.6671519963561008,0.0,583.2049382506976,353.0,103.0,458.0,10420.321104128823
sr_S305I_29,860.2469482421875,1119.887451171875,860.2469482421875,1083.8460693359375,1048.00146484375,1.5911807779766665,1.170969426887474,0.7728417037017504,0.0021529789183781,200.3696583817021,4111.0,210.0,690.0,1543.79541123849
sr_S305I_3,374.4808349609375,495.2502746582031,374.4808349609375,441.5821533203125,497.3427429199219,1.3783070328473117,1.182811033603196,0.7051590718305997,0.0019327504751994,141.22322755127783,4641.0,417.0,1108.0,741.7522684138683
sr_S305I_30,385.2659606933594,540.1469116210938,322.4691162109375,443.4299621582031,472.9459228515625,1.6776715136291058,1.4742968170777109,0.8315241543177614,0.0019862716847676,54.0,4214.0,228.0,305.0,682.2565596596239
sr_S305I_31,67.2303466796875,106.32041931152344,67.2303466796875,71.23226165771484,88.99150848388672,2.0378496460521136,1.4003240573059068,0.933294317535412,0.0015914071498902,473.8143096192853,2487.0,365.0,0.0,137.47202371390756
sr_S305I_32,490.42572021484375,682.3154907226562,490.42572021484375,589.8673095703125,629.169677734375,1.7635228082621288,1.2536977909885263,0.7212963619252466,0.0019993344629365,114.0,3848.0,358.0,1201.0,994.724733590453
sr_S305I_34,762.1590576171875,835.3015747070312,762.1590576171875,858.909912109375,881.6439819335938,1.5535258280219666,1.1313989653588568,0.747199283729731,0.0021993259851581,110.8873302050329,2231.0,199.0,810.0,1261.429277890696
sr_S305I_36,26.8177547454834,43.46939086914063,26.8177547454834,29.410667419433597,25.33156013488769,2.059367308559033,0.987965770027768,0.5122109163068228,0.0,737.531016296942,1516.0,943.0,237.0,58.51487853360244
sr_S305I_37,84.75357818603516,126.47013092041016,67.25736236572266,102.27413177490234,111.68883514404295,1.893921475835362,1.7304461870908294,0.7884683174718335,0.002088334447462,76.15773105863909,3725.0,312.0,125.0,179.63003249105688
sr_S305I_38,674.6564331054688,913.6620483398438,674.6564331054688,768.6139526367188,906.5850830078124,1.6559950376829742,1.2077261728180084,0.7736998289092728,0.0028300458075526,158.4929020492716,1495.0,136.0,497.0,1370.498759672397
sr_S305I_39,487.6832580566406,823.1954345703125,487.6832580566406,727.8062744140625,645.1704711914062,0.0,1.1930278362537787,0.6704760291482467,0.0,45.60701700396552,926.0,10.0,52.0,1325.7233385175564
sr_S305I_4,1234.35302734375,1705.6192626953125,1035.0770263671875,1412.3795166015625,1616.843994140625,1.6620821840472122,1.3725017398014974,0.8069537598985347,0.0029023592225207,113.84199576606166,2341.0,97.0,717.0,2257.940707773996
sr_S305I_40,413.5122375488281,471.2252807617188,413.5122375488281,482.056640625,532.9837646484375,1.970877967450612,1.2719150870074476,0.915698891444123,0.0021029609838349,270.1703166522925,2116.0,247.0,343.0,778.3764564395116
sr_S305I_41,1826.6959228515625,2479.6953125,1826.6959228515625,2194.126220703125,2177.87841796875,1.5014755054852875,1.1431031188647776,0.7968735680454241,0.0,141.4213562373095,2095.0,54.0,526.0,3433.502887778477
sr_S305I_42,591.8237915039062,753.9736938476562,524.3602294921875,726.3731689453125,804.8665771484375,1.4948515350995613,1.386754552757021,0.7233798302682608,0.0025526984326401,86.34813257969161,2659.0,104.0,963.0,1131.9123825362506
sr_S305I_43,46.30586624145508,72.76665496826172,46.30586624145508,51.03700256347656,73.33857727050781,2.095399654933829,1.5033703890999983,0.8676027778785802,0.0017682497897068,290.02758489495443,3302.0,611.0,194.0,105.33060681677306
sr_S305I_44,343.4370422363281,455.0893249511719,343.4370422363281,394.7990112304688,464.3390502929688,1.985360592538808,1.3262641013782888,0.924670324174845,0.0016744966800294,153.15351775261317,3796.0,303.0,1025.0,681.5495796310986
sr_S305I_45,450.1122131347656,642.7599487304688,450.1122131347656,583.8516845703125,565.0222778320312,1.5693798197515745,1.1567179868966435,0.6856504471717938,0.0,49.193495504995376,1148.0,68.0,329.0,933.7218552065724
sr_S305I_46,293.5609741210937,626.221923828125,293.5609741210937,413.3840637207031,371.1103820800781,0.0,1.185706581010456,0.6440007159254333,0.0,76.02631123499285,722.0,2.0,0.0,755.0966823994445
sr_S305I_47,79.58263397216797,110.69398498535156,69.91374206542969,96.59737396240234,119.02667999267578,1.5980166476428046,1.5528861922404775,0.7320750038236945,0.0020058366353983,94.0,4534.0,484.0,412.0,165.6757530400224
sr_S305I_48,89.27222442626953,126.10220336914062,86.1365966796875,111.86837768554688,124.4122314453125,1.5402470453496553,1.3448651807953855,0.6984129161633277,0.0019234670694796,81.04319835741924,4358.0,344.0,1015.0,181.2363844197781
sr_S305I_49,924.79345703125,1372.1197509765625,924.79345703125,1023.3504028320312,1225.5228271484375,2.008147924571943,1.234674576288262,0.747006751107387,0.0023082866292377,213.06337085477645,1874.0,148.0,519.0,1999.2036026505664
sr_S305I_5,0.0,0.0,0.0,0.0,0.0,0.0,0.0,0.0,0.0,227.01541797860335,0.0,0.0,0.0,0.0
sr_S305I_50,110.15113830566406,131.31019592285156,110.15113830566406,114.48717498779295,132.17225646972656,1.2931466254636754,1.1826781632881236,0.7870685427124198,0.0024957748353087,365.83056187256966,1564.0,493.0,487.0,178.41123314444354
sr_S305I_51,566.0071411132812,722.5706176757812,529.8916015625,739.995849609375,670.1248779296875,1.4103903364180437,1.2317279799770868,0.6800293038633899,0.0027872621109353,55.60575509783138,2448.0,131.0,412.0,1009.1288206489312
sr_S305I_52,1012.8351440429688,1339.6070556640625,1012.8351440429688,1263.57763671875,1143.624267578125,1.421645172868983,1.1238945972332208,0.7459245795040401,0.0028519579258903,48.08326112068523,2873.0,165.0,488.0,1658.9348632560182
sr_S305I_53,1623.6282958984375,2093.689697265625,1623.6282958984375,1996.0498046875,1786.14013671875,0.0,1.0673186944171975,0.7608327706709606,0.0041901425179388,45.34313619501854,548.0,0.0,55.0,2806.9229317099816
sr_S305I_54,1126.035400390625,1442.6146240234375,993.0205078125,1272.5772705078125,1232.84912109375,1.4716996658065742,1.259218146563078,0.7989973926333563,0.003420235418733,110.8873302050329,1289.0,105.0,485.0,1834.9426555635064
sr_S305I_55,109.04685974121094,134.34544372558594,99.9497528076172,127.56417083740234,159.26058959960938,1.364610281442314,1.3751958494615215,0.681940222756625,0.0027681617385873,50.35871324805669,1651.0,237.0,395.0,206.12648116246717
sr_S305I_56,102.28352355957033,129.64149475097656,102.28352355957033,131.134033203125,188.0570831298828,1.3057067748148032,1.3228444456942117,0.6101977018596901,0.0030016841061965,43.26661530556788,1302.0,164.0,302.0,212.65125059916764
sr_S305I_57,93.86265563964844,124.24440002441406,85.1048583984375,103.33379364013672,120.68893432617188,1.4586060106722938,1.3659083605330982,0.7577110145218171,0.0026057453053425,100.71742649611338,2444.0,296.0,547.0,170.17176940368282
sr_S305I_58,67.0515365600586,83.2989501953125,67.0515365600586,76.22779846191406,81.38025665283203,1.328718697883311,1.2288356284206288,0.7008546977108768,0.002954600606926,75.17978451685,2483.0,343.0,216.0,115.33434968154492
sr_S305I_6,1175.004638671875,1500.81982421875,1175.004638671875,1355.869873046875,1321.305419921875,0.0,1.072394266220291,0.7657019448342729,0.0025018506772925,58.30951894845301,1788.0,98.0,477.0,1941.28833227982
sr_S305I_60,629.103515625,863.6315307617188,629.103515625,659.5316162109375,643.7246704101562,1.5721400469982487,1.0320963959898155,0.832113785551832,0.0029540999543852,222.0360331117452,1147.0,83.0,234.0,1055.9806166311234
sr_S305I_61,627.0489501953125,1115.5150146484375,627.0489501953125,852.851318359375,689.26513671875,0.0,1.035848103417827,0.6653326723690985,0.0,34.0,349.0,9.0,57.0,1312.4701895591245
sr_S305I_62,291.6114501953125,331.3266296386719,286.4344177246094,341.85040283203125,328.0215759277344,1.2547536213380766,1.1395936854983786,0.7145518302911382,0.0070961528835312,52.3450093132096,310.0,30.0,133.0,481.2866028564941
sr_S305I_63,85.04166412353516,108.38587188720705,85.04166412353516,90.5077667236328,119.1808853149414,1.3025058035833446,1.2979212189189484,0.7642266953944958,0.0038496190238297,160.90991268408544,491.0,116.0,55.0,149.67442657864055
sr_S305I_64,1913.60546875,2437.05078125,1913.60546875,2195.20947265625,2015.0045166015625,1.2964277087869067,1.0446200929555134,0.7696338383922631,0.0,111.73182178770736,902.0,30.0,221.0,3209.121678486935
sr_S305I_65,2361.51904296875,3040.436279296875,2073.896240234375,2671.154541015625,2511.28125,1.4838707729901497,1.2021642018433845,0.7894601898609316,0.003133835492005,180.42172818150257,898.0,32.0,146.0,3871.961417915507
sr_S305I_66,825.9706420898438,977.2837524414062,825.9706420898438,945.7570190429688,840.7337646484375,1.1075797640538467,0.9921823452297328,0.6564274791717037,0.0,78.91767862779544,93.0,1.0,50.0,1693.955494781408
sr_S305I_67,664.5980834960938,904.3514404296876,642.7291870117188,816.5684814453125,751.3087158203125,0.0,1.13780318549862,0.6991858991898708,0.003374357284944,111.94641575325224,885.0,52.0,51.0,1262.5890852345683
sr_S305I_68,312.3325500488281,425.0812072753906,312.3325500488281,455.7261657714844,354.6029357910156,0.0,1.153832918051099,0.6860347215368189,0.0033056171955638,32.31098884280702,1610.0,16.0,57.0,568.0198691114032
sr_S305I_69,3845.289794921875,4675.69287109375,3845.289794921875,4248.28955078125,4465.296875,1.3858442783506948,1.0390946030421782,0.825644601777035,0.0033831035420883,134.05968819895114,1671.0,74.0,505.0,5663.370373941416
sr_S305I_7,479.7054138183594,563.1917724609375,479.7054138183594,526.1502685546875,627.2213745117188,0.0,1.2000989630951888,0.7667639563462366,0.0,176.0,1103.0,141.0,270.0,921.0286708829598
sr_S305I_70,86.83531188964844,109.32503509521484,86.83531188964844,94.48339080810548,103.94677734375,1.43321836023836,1.2074468279999993,0.7498456544048535,0.0026665335338747,119.54915307102765,1956.0,307.0,51.0,150.01313787626069
sr_S305I_8,2160.66552734375,2449.43701171875,2160.66552734375,2276.019775390625,2395.9306640625,1.2288783907896268,1.0445221662204431,0.8113905760985807,0.0,299.93332592427936,338.0,12.0,148.0,3418.032092665948
sr_WT_1,434.8978271484375,549.4326782226562,434.8978271484375,491.9944152832031,604.5459594726562,1.480013802752268,1.2388514498479133,0.6531202638650766,0.0042002226630789,118.8276062201036,503.0,106.0,235.0,868.7560111245033
sr_WT_10,39.50535202026367,54.06524658203125,38.695194244384766,45.69624328613281,59.14595413208008,1.3031902792835413,1.4228974140208777,0.6035617195343806,0.0,80.44874144447506,437.0,112.0,183.0,82.86969895424882
sr_WT_11,1377.243896484375,1403.3140869140625,1377.243896484375,1470.781494140625,1526.668212890625,1.2417011813542405,1.0759220880760696,0.8147713792540513,0.0032459724814799,130.38404810405297,1585.0,126.0,574.0,2046.3352453170955
sr_WT_12,60.17155456542969,79.30577087402344,60.17155456542969,71.70471954345703,99.20416259765624,1.3608532970746514,1.473040416877156,0.6094062418052738,0.0,58.82176467941097,325.0,76.0,52.0,135.41311016098712
sr_WT_13,485.0652465820313,780.9036254882812,485.0652465820313,527.0255737304688,681.8403930664062,1.562523761000444,1.153412431781755,0.6344779753605974,0.0,264.4617174564213,470.0,83.0,222.0,1184.887174783348
sr_WT_14,375.0740661621094,518.6956176757812,375.0740661621094,419.8179016113281,527.2279052734375,0.0,1.231705944764685,0.5442256138646507,0.0,148.92951352905172,129.0,32.0,105.0,939.1070167531202
sr_WT_15,901.1234130859376,1199.1328125,901.1234130859376,917.9552612304688,692.75,0.0,0.9060374941497285,0.7392245973097915,0.0,141.4213562373095,4.0,1.0,0.0,2117.022703068194
sr_WT_16,3496.398681640625,5349.55517578125,3496.398681640625,3911.30859375,1947.199951171875,0.0,0.6392559755070117,0.9913397332239624,0.0,41.7612260356422,8.0,0.0,0.0,0.0
sr_WT_17,618.7861328125,1229.1162109375,618.7861328125,839.3466796875,290.28875732421875,0.0,0.5030082779964699,0.9239555504909744,0.0,34.0,8.0,0.0,0.0,1944.2499941036328
sr_WT_18,302.4599914550781,417.99420166015625,302.4599914550781,338.1884155273437,433.798095703125,1.376702016742959,1.2819600910038451,0.5672869403330837,0.0,217.78888860545663,252.0,53.0,163.0,652.9855241860462
sr_WT_19,32.012638092041016,45.41690826416016,32.012638092041016,46.74362564086914,66.1533432006836,1.6902051477419466,1.7054387184447153,0.5180108734441092,0.0022723693388285,48.0,3296.0,605.0,1347.0,91.84609780108956
sr_WT_2,614.8955078125,631.3031005859375,614.8955078125,684.6686401367188,730.8988647460938,1.5629483747925883,1.1798236488794918,0.8087641997123226,0.0,98.95453501482385,2002.0,161.0,424.0,1065.0939155643578
sr_WT_20,488.68267822265625,1021.3690185546876,488.68267822265625,811.1602172851562,625.4515991210938,2.290573425546837,1.186848637039967,0.5993114945761056,0.0033431100634437,202.4252948620799,1576.0,1.0,57.0,1441.475617860679
sr_WT_21,123.6268539428711,207.7416229248047,123.6268539428711,199.50372314453125,211.34262084960935,0.0,1.4685915881779137,0.4848293169860797,0.0021722350352394,75.07329751649384,3509.0,357.0,959.0,354.7376619701343
sr_WT_22,43.09782409667969,55.88908004760742,43.09782409667969,63.10573959350586,92.21015167236328,1.3741782064929464,1.632415446260746,0.5000920395310988,0.0026194506660237,34.40930106817051,2211.0,355.0,806.0,121.93480786788686
sr_WT_23,158.0966796875,297.1893615722656,134.5740203857422,281.52947998046875,247.18804931640625,2.1493766419682148,1.5750519617812342,0.4590845921895178,0.0023791082417302,48.373546489791295,2440.0,140.0,500.0,488.9983536972135
sr_WT_24,55.135684967041016,79.998046875,55.135684967041016,88.53160095214844,118.4586944580078,0.0,1.690948116096209,0.4723649336037423,0.0019746000166185,50.635955604688654,4111.0,593.0,1942.0,160.89635252646102
sr_WT_25,39.66448974609375,57.54122543334961,37.56855392456055,49.18906784057617,78.19147491455078,1.4917004519020118,1.6753223447419114,0.6443333670338239,0.0022596322643589,63.56099432828282,2464.0,426.0,637.0,97.26440484860484
sr_WT_26,2403.53173828125,4019.472900390625,2000.3450927734373,3350.90087890625,2716.797119140625,1.961503490717601,1.3806211538015811,0.7235462632080966,0.0023435132413492,66.84309986827361,1840.0,16.0,0.0,5120.64199001466
sr_WT_27,46.971622467041016,62.101654052734375,46.971622467041016,57.668827056884766,84.3294906616211,1.574407561484198,1.5506755318512968,0.6915151917904728,0.0024752099813001,44.94441010848846,2541.0,460.0,384.0,106.24891481583788
sr_WT_28,1158.2628173828125,1702.332763671875,1158.2628173828125,1449.897705078125,1439.3115234375,1.864102056513122,1.229794649063645,0.7692395163910765,0.0034189057862705,102.1763181955584,1848.0,48.0,0.0,2187.9397006990293
sr_WT_29,33.41581344604492,43.53096771240234,32.67441177368164,42.3040771484375,65.59740447998047,1.3858522794638648,1.6177848527767789,0.665275789968095,0.0023267324483433,39.84971769034255,1907.0,355.0,246.0,82.33354683253341
sr_WT_3,131.88499450683594,141.33370971679688,131.88499450683594,183.32305908203125,216.3596649169922,1.803353606396355,1.415318605295883,0.5604428504685359,0.0031639291589035,73.348483283569,1580.0,228.0,719.0,352.9608093382723
sr_WT_30,32.59059524536133,41.24505233764648,32.59059524536133,36.979400634765625,59.15532684326172,1.4357767529822394,1.5281142964954868,0.7186715610868692,0.0021395733616175,121.4578116055118,2910.0,627.0,230.0,67.41376579807564
sr_WT_31,2399.21044921875,5202.7900390625,2399.21044921875,2440.072998046875,2629.22607421875,1.9615296810345004,1.153614887542629,0.8176487407655264,0.0,688.8018583017906,63.0,0.0,0.0,4729.70639282834
sr_WT_32,106.21942138671876,151.82395935058594,106.21942138671876,147.41439819335938,188.47979736328125,1.887068411586842,1.491128248511143,0.5694565001465168,0.0018599443571555,126.01587201618692,4859.0,694.0,1745.0,292.76535665409585
sr_WT_33,85.9329605102539,130.18270874023438,85.9329605102539,133.14418029785156,165.80577087402344,1.9084903217609976,1.5437637195836036,0.5306355423005081,0.0017950900674779,52.15361924162119,4907.0,518.0,1896.0,242.5287250857587
sr_WT_34,175.04995727539062,278.630859375,175.04995727539062,232.1858673095703,241.1539764404297,2.0371147428902074,1.240714189882918,0.5640538358065473,0.0025798630011609,314.2292157008956,2310.0,239.0,290.0,486.0596844336295
sr_WT_35,556.2416381835938,697.2210083007812,506.5484313964844,716.6074829101562,669.9825439453125,1.2946426224275276,1.2618047604910354,0.6700849782327967,0.0020155631365286,113.50770898930168,5885.0,94.0,971.0,1008.2381544976516
sr_WT_36,83.97114562988281,127.6026611328125,69.4205551147461,132.624267578125,138.69837951660156,1.87776874424785,1.7036534745907024,0.5464530495837113,0.0023252591073051,58.0,4503.0,390.0,779.0,227.65741244832597
sr_WT_37,1134.1005859375,1608.9437255859375,1134.1005859375,1288.3680419921875,1437.9893798828125,1.761738490536623,1.2123977132791122,0.8227324595815022,0.0029943951048695,144.06942770761603,1358.0,78.0,289.0,2095.5336404568025
sr_WT_38,4054.708984375,4815.12646484375,4054.708984375,4484.0576171875,4621.681640625,1.770477086451694,1.1115567306696876,0.8788128518856282,0.0034084630969495,64.28063471995279,1195.0,52.0,455.0,7117.814893882091
sr_WT_39,952.470703125,1550.7864990234375,952.470703125,1330.7244873046875,949.7045288085938,0.0,0.96661533787549,0.5867571139130313,0.0,36.22154055254967,346.0,5.0,51.0,2261.483454572561
sr_WT_4,71.26953887939453,87.67803955078125,64.68282318115234,83.96192932128906,102.1842041015625,1.4097834313960438,1.4852125596024328,0.5656902773131894,0.0,37.20215047547655,327.0,82.0,194.0,151.45716172400725
sr_WT_40,30.111778259277344,39.41342926025391,30.111778259277344,33.71684646606445,43.45794296264648,1.3695615218892725,1.3556048156912457,0.5366803202193288,0.0,94.40338976964756,8.0,0.0,52.0,63.5370375285933
sr_WT_41,33.470611572265625,34.84965896606445,33.470611572265625,35.50617218017578,47.27325439453125,1.066161611104124,1.4999589697961673,0.7531221639363913,0.0,117.881296226331,4.0,0.0,0.0,61.13461573965654
sr_WT_43,1828.4276123046875,4638.18017578125,1828.4276123046875,2907.856201171875,2012.3302001953125,1.8462640204933607,1.0700856208372251,0.694684161517325,0.0,38.05259518088089,826.0,0.0,58.0,3611.887981962986
sr_WT_44,2047.20947265625,2670.818359375,2047.20947265625,2751.675537109375,2481.635986328125,1.5453609747593116,1.130017876367258,0.7699310014428037,0.0045908978896088,37.94733192202055,1035.0,21.0,0.0,3634.671026261466
sr_WT_45,463.3593444824219,1011.8276977539062,463.3593444824219,586.5846557617188,490.5535583496094,1.474199182216677,1.0575157315093104,0.7295551838197584,0.0031100917530136,120.06664815842908,692.0,0.0,0.0,879.5882343708149
sr_WT_46,600.8211669921875,763.3389892578125,600.8211669921875,747.840087890625,603.8546142578125,1.4229027402377927,1.01690730072118,0.7271844286845789,0.0,62.60990336999412,517.0,1.0,108.0,1026.1046309372468
sr_WT_47,315.4285888671875,505.1483459472656,315.4285888671875,390.2627868652344,339.94598388671875,0.0,0.963181276529638,0.5103637381532459,0.0,145.83552379307312,64.0,3.0,0.0,780.5539575476505
sr_WT_48,325.3314819335937,423.8568420410156,325.3314819335937,373.5887145996094,264.6715393066406,0.0,0.8009540299226753,0.4394698448846127,0.0,52.0,25.0,0.0,0.0,770.070007590891
sr_WT_49,31.05812644958496,47.38867950439453,29.361133575439453,31.41994857788086,89.28260803222656,1.3329779736518528,2.123798906491243,0.6724816164743657,0.0,50.99019513592785,6.0,0.0,0.0,72.82828416955678
sr_WT_5,1573.303466796875,1998.2431640625,1573.303466796875,2156.570556640625,1855.413330078125,0.0,1.1085749918733137,0.7062674728081612,0.0028567557612911,108.16653826391968,1389.0,18.0,247.0,3252.3372513820004
sr_WT_51,1103.2669677734375,1696.0982666015625,1103.2669677734375,1277.292724609375,797.5333251953125,0.0,0.807923145949349,0.6143796781380232,0.0,152.64337522473747,42.0,0.0,0.0,2409.717454469355
sr_WT_52,750.72412109375,944.7857666015624,750.72412109375,951.4959106445312,813.5567016601562,0.0,1.0473070271206584,0.6664911948320854,0.0,168.23792675850473,804.0,30.0,91.0,1663.315985581843
sr_WT_53,325.50860595703125,400.2357482910156,325.50860595703125,362.6893005371094,436.928466796875,1.383685389653638,1.1973746013466795,0.736530962178156,0.0030902638384682,216.4162655624572,1164.0,234.0,324.0,624.315779547165
sr_WT_54,2635.866943359375,3658.8681640625,2635.866943359375,3466.5859375,2781.4150390625,1.6768043650906452,1.0482550334971237,0.7281646636148169,0.0054101834163904,31.622776601683796,493.0,4.0,97.0,4636.071279135714
sr_WT_55,574.0994262695312,1041.87353515625,574.0994262695312,679.018798828125,577.1515502929688,0.0,0.9678794859945304,0.580161723688759,0.0,76.02631123499285,83.0,2.0,0.0,1381.8719764944096
sr_WT_56,5388.1728515625,6981.12451171875,5388.1728515625,5909.94580078125,4290.62744140625,0.0,0.8448988298828232,0.9995134308511688,0.0,70.71067811865476,19.0,0.0,0.0,9657.778209928836
sr_WT_57,515.103759765625,798.9945678710938,515.103759765625,655.544921875,598.8234252929688,0.0,1.100570415621341,0.6656826400068848,0.0,100.07996802557444,896.0,27.0,0.0,1021.1577865678876
sr_WT_58,33.78691864013672,41.470401763916016,33.78691864013672,36.85887908935547,54.97852325439453,0.0,1.4793880297365636,0.6126675046401803,0.0,60.13318551349163,140.0,51.0,56.0,67.72981809283905
sr_WT_6,1380.13671875,1866.86376953125,1197.324462890625,1814.9842529296875,1679.3037109375,1.5653429934522145,1.3255890157000243,0.6966407793107564,0.0029551507364951,179.78876494375282,1533.0,103.0,692.0,2747.197627463041
sr_WT_60,1794.8670654296875,2317.201904296875,1612.542236328125,2029.10888671875,2041.6373291015625,1.3796716557069106,1.2126988255592157,0.8186114159777655,0.0028671450042658,139.2838827718412,1569.0,76.0,926.0,2891.5768250721644
sr_WT_61,2493.153076171875,3281.60400390625,2493.153076171875,2808.668212890625,2744.863037109375,1.4838115935995004,1.061905384420173,0.8051748681263455,0.0023025426059101,101.19288512538814,2051.0,133.0,1298.0,4138.614770584788
sr_WT_63,106.93771362304688,139.8651885986328,106.93771362304688,133.7603759765625,165.42921447753906,1.3328576765249731,1.432569235925721,0.6071407757134707,0.0033769861298474,42.190046219457976,1099.0,232.0,681.0,231.84969847116903
sr_WT_64,1361.228515625,1438.53515625,1361.228515625,1402.927978515625,1158.888916015625,1.2900263260191709,0.830657175052618,0.8433551996304406,0.0,45.65084884205331,2.0,0.0,0.0,2595.956541840073
sr_WT_66,158.42051696777344,161.4166717529297,0.0,158.42051696777344,0.0,0.0,0.0,0.0,0.0,44.94441010848846,0.0,0.0,0.0,0.0
sr_WT_68,2284.24951171875,2791.080078125,2284.24951171875,2354.636962890625,0.0,0.0,0.8855963787301635,0.6962347231187355,0.0,161.00931650062986,1.0,1.0,0.0,3349.065198451359
sr_WT_69,1474.4957275390625,1709.20947265625,1474.4957275390625,1701.630615234375,1582.07470703125,0.0,1.0237512510207645,0.5358298960779144,0.0221996965126229,153.88307249337075,35.0,0.0,113.0,2353.009107425264
sr_WT_7,2.236363649368286,0.625,0.0,0.0,0.0,0.0,0.0,1960784.3831181529,0.0,40.49691346263317,0.0,0.0,0.0,0.0
sr_WT_70,0.0,0.0,0.0,0.0,0.0,0.0,0.0,0.0,0.0,144.3606594609487,0.0,0.0,0.0,0.0
sr_WT_71,613.2133178710938,1575.4774169921875,613.2133178710938,1674.1307373046875,659.0423583984375,1.8291883800456423,1.0156923233866957,0.4445298980260326,0.0320602515321951,29.5296461204668,26.0,0.0,0.0,0.0
sr_WT_72,177.1299285888672,153.093017578125,177.1299285888672,0.0,202.2039794921875,0.0,1.156274424624388,1081471.3314175606,0.0,34.0,2.0,0.0,0.0,261.3333215831448
sr_WT_73,647.8235473632812,664.76708984375,647.8235473632812,701.8008422851562,750.2616577148438,0.0,1.1563684026329657,0.7841971639798935,0.0314459919114217,110.16351483136329,47.0,6.0,50.0,899.8545445813454
sr_WT_74,720.2909545898438,814.5999755859375,720.2909545898438,0.0,825.4898071289062,0.0,1.1606137893571624,25908619.16542053,0.0,73.348483283569,8.0,0.0,0.0,960.2439036934808
sr_WT_75,2237.629638671875,2394.71484375,2237.629638671875,2386.181396484375,1285.0,0.0,0.6849211992422255,0.993347445630611,0.0,180.54362353736008,0.0,0.0,0.0,0.0
sr_WT_8,0.0,4.916666507720947,0.0,0.0,0.0,0.0,0.0,309477.7697697282,0.0,133.82077566656082,0.0,0.0,0.0,0.0
sr_WT_9,0.0,0.0,0.0,0.0,0.0,0.0,0.0,0.0,0.0,89.10667763978185,0.0,0.0,0.0,0.0
sr_sm_MAPT_1,1946.4512939453125,2524.705078125,1946.4512939453125,2221.42919921875,2105.123779296875,1.481630103481056,1.0000249602826057,0.7542397819570675,0.0040969153991143,128.2497563350512,749.0,19.0,152.0,3252.950444082476
sr_sm_MAPT_11,69.16412353515625,90.4789581298828,67.77850341796875,83.70759582519531,106.34236907958984,1.3516769673929625,1.4341553403023983,0.5920822282168169,0.0,68.87670143089025,1351.0,317.0,721.0,152.78002082484474
sr_sm_MAPT_12,75.91297149658203,94.75613403320312,75.91297149658203,93.85057067871094,122.49461364746094,0.0,1.415295779288371,0.5262262351711817,0.0,56.32051136131489,841.0,220.0,695.0,179.84005141615023
sr_sm_MAPT_13,685.2125244140625,1233.2901611328125,685.2125244140625,996.677001953125,797.69677734375,1.6461923751936676,1.132692030516167,0.6431772966523696,0.0048395761690238,82.0,1476.0,1.0,57.0,1371.9648383910414
sr_sm_MAPT_14,964.5086059570312,2482.82763671875,964.5086059570312,1276.3638916015625,1053.8577880859375,0.0,1.067229134299189,0.6530329322548183,0.0,67.67569726275453,1122.0,0.0,58.0,1856.489635067387
sr_sm_MAPT_15,363.7843322753906,556.6104125976562,363.7843322753906,409.5633239746094,491.8590698242188,0.0,1.1441227432965264,0.5000887904348699,0.0,146.21901381147393,147.0,49.0,250.0,876.374457295029
sr_sm_MAPT_16,2766.7177734375,3804.224365234375,2766.7177734375,2810.64453125,2516.67578125,0.0,0.82019745728704,1.012736121688321,0.0,47.53945729601885,6.0,0.0,0.0,5018.457771891602
sr_sm_MAPT_17,3573.307861328125,5490.48046875,3573.307861328125,4535.1826171875,3318.462890625,0.0,0.9721970127742376,0.7318566293210216,0.0,54.0,86.0,0.0,0.0,8391.681323641142
sr_sm_MAPT_18,946.5865478515624,1166.767578125,946.5865478515624,1063.7213134765625,1118.9366455078125,1.4299485422737803,1.1346347903667346,0.7500721278946426,0.0026287143403077,144.49913494550754,1678.0,165.0,885.0,1663.2854753848685
sr_sm_MAPT_19,3885.5419921875,5671.998046875,3885.5419921875,4633.1162109375,2845.593017578125,0.0,0.7898998943127031,0.6517297950823618,0.0,113.59577456930342,44.0,2.0,0.0,7223.755824468895
sr_sm_MAPT_2,663.529296875,943.2947387695312,663.529296875,665.4598388671875,644.2119750976562,1.633098848483158,1.036395031877636,0.7207764147145899,0.0,772.5283166331186,36.0,19.0,143.0,1288.5415004044166
sr_sm_MAPT_20,3780.535888671875,5082.556640625,3780.535888671875,4038.780029296875,3539.27099609375,0.0,0.8733227963031648,0.671803700379582,0.0,134.72935834479432,32.0,3.0,55.0,6495.47461050387
sr_sm_MAPT_21,302.2911376953125,402.01068115234375,302.2911376953125,353.3149719238281,419.7879333496094,0.0,1.2175785393454108,0.5849817851250396,0.0,150.05332385522155,689.0,133.0,189.0,733.8818300913864
sr_sm_MAPT_22,234.3663330078125,299.0101928710937,225.35787963867188,290.1670837402344,324.8575134277344,1.3673494816098488,1.2998155466929806,0.5926325765272873,0.0,182.43903091169935,555.0,85.0,0.0,538.7621244442257
sr_sm_MAPT_23,1108.7122802734375,1365.51220703125,1108.7122802734375,1292.4827880859375,1258.9141845703125,1.330695992029982,1.081055353149614,0.7525821148928747,0.002767493154238,134.5362404707371,1472.0,1.0,289.0,1821.039774555525
sr_sm_MAPT_24,56.28072738647461,72.84927368164062,56.28072738647461,71.64452362060547,90.56945037841795,0.0,1.528273637684609,0.5384239398321368,0.0,51.884487084291386,698.0,175.0,218.0,129.21578928987694
sr_sm_MAPT_25,136.3494873046875,181.6302032470703,136.3494873046875,179.62997436523438,188.7861175537109,0.0,1.274440564825173,0.5583677056571399,0.0,36.76955262170047,677.0,80.0,240.0,307.6965637058072
sr_sm_MAPT_26,43.921913146972656,57.33277130126953,42.15380859375,52.03461456298828,74.2984390258789,1.2879680961243156,1.610447543084385,0.571152766412276,0.0076332539828011,31.304951684997057,225.0,68.0,139.0,97.79711660222809
sr_sm_MAPT_27,2514.375732421875,3716.412353515625,2514.375732421875,3118.89013671875,2508.144287109375,1.7525070402194782,0.9977239279210312,0.7657616342710275,0.0033746621981652,124.0,773.0,4.0,86.0,4855.988054783317
sr_sm_MAPT_28,230.7218017578125,290.5859680175781,230.7218017578125,300.2523803710937,322.1855163574219,1.3466021212376742,1.2789957054014447,0.5752444215088214,0.0,121.49074038789952,2280.0,345.0,340.0,494.9928287135386
sr_sm_MAPT_29,52.7361946105957,61.652645111083984,52.7361946105957,61.74965286254883,81.9719467163086,1.2700288577794692,1.4422559346164932,0.5924480656312041,0.0,50.99019513592785,415.0,0.0,135.0,109.37703966701388
sr_sm_MAPT_3,2569.062744140625,3447.01416015625,2211.07177734375,3306.41064453125,2827.75048828125,1.5916999567301575,1.2584255593960676,0.7567927432853861,0.0033471857439906,91.23595782365636,1453.0,4.0,288.0,4301.435059448048
sr_sm_MAPT_30,627.2933349609375,877.5106811523438,533.7584228515625,801.056884765625,709.7898559570312,1.6706785782431863,1.347789584493985,0.7373682396458886,0.0027193552780927,203.30272993740147,2095.0,43.0,186.0,1199.3788246329111
sr_sm_MAPT_31,5606.08349609375,7229.8203125,5606.08349609375,5950.23974609375,3673.181884765625,0.0,0.7421843719390705,0.9962114592113168,0.0,34.40930106817051,21.0,1.0,0.0,8679.918753856591
sr_sm_MAPT_32,180.15060424804688,240.58090209960935,180.15060424804688,209.6672821044922,252.27407836914065,0.0,1.2135506739343394,0.5181516070060772,0.0,288.4024965217881,409.0,118.0,189.0,433.9751473869142
sr_sm_MAPT_33,55.02898788452149,73.28089141845703,55.02898788452149,67.22610473632812,87.11260223388672,1.2918093795078305,1.5036374078505117,0.5636655416469698,0.003962222793973,51.61395160225576,778.0,204.0,269.0,125.37083139550096
sr_sm_MAPT_34,212.3656768798828,298.45538330078125,212.3656768798828,265.7821044921875,323.34295654296875,0.0,1.3677612592966748,0.5720183160358664,0.0,56.56854249492381,704.0,119.0,130.0,489.2833323512463
sr_sm_MAPT_35,176.4573211669922,247.48313903808597,173.69546508789062,249.92970275878903,305.9755554199219,0.0,1.484277238881856,0.4531245437262201,0.0028847941919302,75.15317691222374,1341.0,237.0,550.0,488.1146190288504
sr_sm_MAPT_36,938.6339721679688,1511.751220703125,873.37109375,1150.54736328125,1086.962890625,1.6025861405027133,1.1672958140691003,0.7310890315263265,0.0031896411634003,124.53112060846478,1014.0,5.0,74.0,1808.4030874746825
sr_sm_MAPT_37,6057.16357421875,8645.154296875,6057.16357421875,6177.92431640625,3800.269287109375,0.0,0.6657046138620542,0.96049719592449,0.0,761.0519036176179,6.0,1.0,0.0,10766.707292598066
sr_sm_MAPT_38,850.3527221679688,1123.611083984375,848.3462524414062,910.0205078125,828.8468627929688,0.0,0.9462114832248788,0.6287043935785792,0.0,168.58232410309213,10.0,0.0,0.0,1804.107846550685
sr_sm_MAPT_39,660.155517578125,896.9993896484375,660.155517578125,840.5137939453125,652.2161865234375,1.2608748996620451,0.942708701215788,0.5686690991883897,0.0,218.47654336335515,169.0,4.0,0.0,1604.9837019111037
sr_sm_MAPT_4,38.63554382324219,49.59708404541016,38.63554382324219,42.01490783691406,64.29277038574219,1.334895070014222,1.5040211977138895,0.6264731218064755,0.0050568217478041,155.66630977832037,257.0,79.0,95.0,80.72584429592435
sr_sm_MAPT_40,3320.1982421875,5206.29150390625,3320.1982421875,3357.070068359375,2610.292724609375,0.0,0.9356019015920312,0.711647494432748,0.0,695.3934138313361,18.0,2.0,0.0,6705.27947142526
sr_sm_MAPT_41,2417.11474609375,3428.139404296875,2417.11474609375,2801.9375,2494.97216796875,1.548318610425616,1.0296870805094351,0.7505224583737665,0.0,262.9676786222976,632.0,15.0,137.0,4834.396932731719
sr_sm_MAPT_42,3683.3857421875,4971.966796875,3683.3857421875,3892.11376953125,2643.84814453125,0.0,0.8185054590812308,0.7266710602006382,0.0,168.2973558912914,16.0,1.0,0.0,6934.923000913793
sr_sm_MAPT_43,167.60189819335938,217.07505798339844,167.60189819335938,184.5493621826172,252.45327758789065,0.0,1.3717266580135343,0.5994344170181565,0.0,312.7746792820672,629.0,198.0,166.0,392.7050428087227
sr_sm_MAPT_44,128.99026489257812,169.8117218017578,128.99026489257812,144.3123779296875,174.51280212402344,0.0,1.272384381009031,0.4542403908190263,0.0,86.37129152675674,64.0,15.0,0.0,301.4285741879787
sr_sm_MAPT_45,182.00624084472656,234.4866485595703,182.00624084472656,222.6011505126953,276.3133850097656,1.5504648523472084,1.3469333944935995,0.5425798853721889,0.0035011262024955,103.76897416858276,803.0,185.0,455.0,447.2878701594119
sr_sm_MAPT_46,1576.9580078125,2504.4931640625,1576.9580078125,1821.6807861328125,1691.11279296875,0.0,1.0451746495640637,0.7321832320203319,0.0,251.1493579525936,459.0,13.0,0.0,3394.229035184006
sr_sm_MAPT_47,5589.96630859375,6023.33837890625,5589.96630859375,6314.00048828125,3162.911865234375,0.0,0.6427220192837174,0.8789017193716763,0.0106058343990737,54.405882034941776,12.0,1.0,0.0,9309.195650150175
sr_sm_MAPT_48,42.1682243347168,54.62876510620117,41.22769546508789,50.036468505859375,62.98469924926758,1.3020221999517838,1.4900221535076308,0.5659657480537221,0.0,50.91168824543142,309.0,85.0,0.0,91.60578520240446
sr_sm_MAPT_49,2534.977294921875,3743.870361328125,2534.977294921875,2831.569580078125,2157.63916015625,0.0,0.9606274210189002,0.7829070448121395,0.0,43.86342439892262,32.0,0.0,0.0,4769.7999993186
sr_sm_MAPT_5,61.787879943847656,79.85405731201172,57.44575119018555,70.01543426513672,89.2987060546875,1.3894491568703164,1.4619459287706886,0.6306896108270617,0.0,146.4923206178399,755.0,223.0,485.0,129.30855014770114
sr_sm_MAPT_50,500.2176513671875,834.7200927734375,500.2176513671875,720.9998779296875,586.5016479492188,0.0,1.1176397090593726,0.5813383197505074,0.0,98.08159868191385,617.0,11.0,0.0,1262.151308290533
sr_sm_MAPT_51,3131.109619140625,7373.15185546875,2651.676513671875,3119.891357421875,6680.4443359375,2.1297350165487736,2.46053835154768,1.512138648868971,0.0,808.7966369860844,7.0,2.0,0.0,7584.859714576283
sr_sm_MAPT_52,49.90994644165039,57.9775276184082,48.631385803222656,51.31248092651367,85.67300415039062,1.1974155398543582,1.6136428132986718,0.6451632721057955,0.0,82.60750571225353,25.0,0.0,52.0,101.40131483357564
sr_sm_MAPT_53,63.781394958496094,74.89027404785156,61.2596435546875,75.34103393554688,100.48045349121094,1.2394094415208647,1.5120239008449623,0.5492267108220145,0.0,44.94441010848846,315.0,0.0,176.0,140.94882794015973
sr_sm_MAPT_54,67.24758911132812,86.46688842773438,67.24758911132812,82.57556915283203,113.37828826904295,1.3496033112424268,1.505457623295069,0.5637425254088735,0.0038347663088216,41.23105625617661,635.0,177.0,391.0,153.69573535988283
sr_sm_MAPT_55,47.32882308959961,60.999019622802734,47.32882308959961,57.97874450683594,88.08615112304688,0.0,1.6140521688958194,0.5482772336757717,0.0,35.38361202590826,597.0,156.0,417.0,113.19018493281422
sr_sm_MAPT_56,54.75004196166992,70.98986053466797,53.79582977294922,62.153114318847656,97.20669555664062,1.359898370986621,1.6785122431917536,0.6007612204491145,0.0,58.0,161.0,43.0,53.0,123.32299916811743
sr_sm_MAPT_57,107.80354309082033,144.54505920410156,107.80354309082033,139.17750549316406,170.52340698242188,1.448011033460828,1.3973742156007665,0.5341812415499552,0.0,52.0,849.0,155.0,244.0,257.3937012121805
sr_sm_MAPT_58,410.6025085449219,578.10107421875,410.6025085449219,471.2732238769531,446.7679138183594,0.0,0.9759405372919184,0.5172082441853179,0.0,142.12670403551894,92.0,8.0,60.0,990.2064683349938
sr_sm_MAPT_59,237.01499938964844,325.73565673828125,237.01499938964844,272.8042297363281,335.0777282714844,1.6084637321249071,1.2402784648818772,0.6028420128165124,0.0,133.46160496562297,511.0,98.0,387.0,542.4123662225346
sr_sm_MAPT_6,1698.537841796875,3527.1982421875,1698.537841796875,2447.244873046875,1750.3280029296875,0.0,1.0304580384234132,0.6461011698627621,0.0,214.56001491424257,783.0,4.0,0.0,3986.1876540329313
sr_sm_MAPT_60,64.58108520507812,80.61995697021484,64.58108520507812,79.99352264404297,103.21443939208984,1.3751647452869142,1.4915661045619393,0.5678815233269681,0.0031097797624622,80.62257748298549,1442.0,400.0,490.0,144.3844536074183
sr_sm_MAPT_61,794.8242797851562,1112.8021240234375,794.8242797851562,1069.51220703125,724.8128051757812,0.0,0.870668319909466,0.519613232413017,0.0,178.01123560045303,102.0,0.0,0.0,2392.2916748695447
sr_sm_MAPT_62,443.9085083007813,625.3403930664062,443.9085083007813,519.5866088867188,531.0744018554688,0.0,1.1197500837435437,0.663029880249376,0.0,203.30272993740147,1050.0,159.0,280.0,1001.481248355572
sr_sm_MAPT_63,342.5981750488281,467.4308166503906,342.5981750488281,440.9961242675781,382.3877258300781,0.0,1.0623915878330483,0.6164847461212597,0.0,148.4048516727132,894.0,14.0,0.0,754.3072102239479
sr_sm_MAPT_64,1466.427490234375,4089.422119140625,1466.427490234375,1979.7281494140625,1627.0418701171875,1.3236811298234237,1.0741576565396718,0.7069199723840812,0.0032901062015325,63.6553218513582,1222.0,0.0,241.0,2803.5902231568025
sr_sm_MAPT_65,198.15744018554688,266.80047607421875,169.63876342773438,223.7945556640625,276.14715576171875,1.5911498252676233,1.52325812952019,0.7780011743846833,0.0027027562086712,103.73041983911952,2488.0,322.0,609.0,384.7290015314777
sr_sm_MAPT_66,85.98924255371094,112.75767517089844,85.98924255371094,104.91150665283205,127.10614013671876,1.3755403087048246,1.3626573558262365,0.5610364818879199,0.0,47.07440918375928,884.0,200.0,471.0,190.88409282269416
sr_sm_MAPT_67,1038.1412353515625,1465.64111328125,906.6245727539062,1047.028564453125,1141.576416015625,1.664792735295021,1.2261711333212495,0.8203863081792862,0.0,924.2359006227794,118.0,9.0,123.0,2071.3230233663
sr_sm_MAPT_68,54.19607162475586,69.23809814453125,52.55776977539063,67.45137786865234,85.36760711669922,1.3447440245288584,1.522988300228222,0.5506976284350229,0.002945929680225,53.25410782277739,1281.0,349.0,260.0,121.24079036209496
sr_sm_MAPT_69,996.3231201171876,1588.0455322265625,996.3231201171876,1265.1220703125,1183.2801513671875,1.5781657121703934,1.1470013216204304,0.6860494777190513,0.0033100857208547,76.23647421018367,1236.0,4.0,52.0,1856.432958885984
sr_sm_MAPT_7,1871.9349365234373,2635.973388671875,1871.9349365234373,2359.3388671875,2047.0054931640625,1.5989898287361195,1.0662514653617463,0.7115952679038796,0.0,284.60498941515414,827.0,19.0,369.0,3524.2936122409224
sr_sm_MAPT_70,1154.8323974609375,1488.697509765625,1154.8323974609375,1371.9034423828125,1238.016845703125,1.455198427617313,1.0413540164810058,0.6392327187636683,0.0,271.1825953117198,578.0,12.0,57.0,2411.0886810871125
sr_sm_MAPT_71,1353.2156982421875,1977.077392578125,1353.2156982421875,1542.011474609375,1116.1424560546875,0.0,0.7552879908488134,0.5449143560136903,0.0,169.06803364326444,27.0,1.0,0.0,3348.732362947142
sr_sm_MAPT_8,52.81488037109375,65.05976867675781,52.81488037109375,59.47785949707031,84.65223693847656,0.0,1.5401320203851585,0.5542246258936644,0.0,34.058772731852805,86.0,34.0,56.0,119.23197940073416
sr_sm_P301L_1,61.60304641723633,74.84129333496094,61.60304641723633,66.20059204101562,76.64984130859375,1.221794806436152,1.2087169693946629,0.7229296138028883,0.0021727239004172,219.6724834839357,1880.0,405.0,157.0,106.82499980517032
sr_sm_P301L_10,317.1581115722656,561.0013427734375,317.1581115722656,432.28460693359375,349.7657165527344,0.0,1.1044382671730089,0.6420671949150771,0.0,28.284271247461906,1153.0,27.0,316.0,606.6482050311939
sr_sm_P301L_11,399.8677673339844,502.0363159179688,399.8677673339844,457.72747802734375,431.8679504394531,1.4772050595527877,1.080339745465324,0.7729714677089079,0.0028206938241804,139.9428454762872,2240.0,179.0,348.0,646.6962374088142
sr_sm_P301L_12,424.0184020996094,528.8181762695312,424.0184020996094,535.2781982421875,456.312255859375,1.4900750282315038,1.103110318750081,0.7274208991883723,0.0030996759214295,45.65084884205331,2272.0,110.0,172.0,709.9801722729335
sr_sm_P301L_13,188.31370544433597,218.91586303710935,188.31370544433597,260.3829040527344,207.6915740966797,0.0,1.1349674147080122,0.6514243607447865,0.0,48.66210024238576,1933.0,23.0,51.0,467.1054008622357
sr_sm_P301L_14,152.5198516845703,210.44273376464844,152.5198516845703,201.5411071777344,181.88314819335935,1.6626105503506516,1.18823883561893,0.6810807588737402,0.0030022833331007,30.0,1391.0,8.0,0.0,365.6026410582023
sr_sm_P301L_15,15.080487251281738,17.63474464416504,13.996509552001951,15.73255443572998,18.869874954223636,1.2639263060189443,1.3253591265341702,0.5009124842411744,0.0,425.967134882493,930.0,0.0,55.0,26.893769465553977
sr_sm_P301L_16,21.095447540283203,26.49652099609375,21.095447540283203,23.582868576049805,31.093036651611328,0.0,1.3758909731101978,0.547436537944944,0.0,148.66068747318505,1062.0,281.0,219.0,44.21344650758608
sr_sm_P301L_17,17.569435119628906,20.97163391113281,17.29946517944336,18.682416915893555,25.435266494750977,1.2636723579098998,1.3902382840201744,0.5539117485387899,0.0025604646087741,203.2732151563506,820.0,0.0,132.0,34.488592972258424
sr_sm_P301L_18,104.69309997558594,182.45713806152344,104.69309997558594,129.85304260253906,104.5846176147461,0.0,1.021088977914518,0.6574458123693279,0.0,37.20215047547655,271.0,1.0,0.0,224.81395606627945
sr_sm_P301L_19,33.8831672668457,42.97813415527344,33.8831672668457,34.678714752197266,0.0,0.0,0.0,0.0,0.0,114.1402645870422,0.0,0.0,0.0,64.72093004760467
sr_sm_P301L_2,45.76191711425781,55.30413436889648,45.76191711425781,53.92725372314453,61.460845947265625,1.3277924166525232,1.2832167351357349,0.6227347275967677,0.0027481633108665,64.28063471995279,1409.0,300.0,304.0,91.05565258499186
sr_sm_P301L_20,99.04108428955078,183.2489471435547,99.04108428955078,129.41543579101562,113.38666534423828,0.0,1.1277581433321235,0.6283907819204805,0.0,46.17358552246078,864.0,29.0,0.0,201.4738032455914
sr_sm_P301L_21,29.724586486816406,35.26744842529297,29.724586486816406,29.924436569213867,30.389698028564453,1.366338911638766,1.0173938494973465,0.5661454873752508,0.0,647.0394114735207,94.0,559.0,0.0,51.81874999029289
sr_sm_P301L_22,95.17227172851562,138.53768920898438,95.17227172851562,133.5662384033203,110.4270248413086,0.0,1.1347403725794605,0.5707416443003908,0.0,94.33981132056604,1227.0,33.0,58.0,204.67024525756997
sr_sm_P301L_23,132.25669860839844,170.4859619140625,132.25669860839844,171.05743408203125,155.82215881347656,1.4096281351209183,1.1654133940849931,0.6571028432491041,0.0027967197155904,71.21797525905943,1809.0,15.0,121.0,246.0203409555592
sr_sm_P301L_24,12.747346878051758,14.08881664276123,12.747346878051758,13.508217811584473,16.995637893676758,0.0,1.315184262505893,0.4810991572722339,0.0030093182026368,167.3439571660716,639.0,0.0,0.0,24.031480224477157
sr_sm_P301L_25,13.10007095336914,13.702935218811035,13.10007095336914,13.69485569000244,17.03052520751953,0.0,1.2961905639466802,0.4951142422238448,0.0,154.983870128475,356.0,0.0,0.0,23.557010210630864
sr_sm_P301L_26,13.35668659210205,14.378854751586914,13.35668659210205,13.55027198791504,18.47058868408203,1.0904539235188897,1.495964763010882,0.5874326276581637,0.0,162.43152403397562,5.0,0.0,0.0,23.16666669809676
sr_sm_P301L_27,10.69632339477539,11.67202377319336,10.628345489501951,11.316515922546388,15.041576385498049,1.0826184160429635,1.4474750511925676,0.4592031402140207,0.0,108.46197490365,162.0,0.0,0.0,20.93834451709281
sr_sm_P301L_28,74.63570404052734,87.27919006347656,74.63570404052734,83.6036605834961,89.11022186279297,1.2420563892827954,1.1578811304300176,0.6595008290991683,0.0026812736951338,187.5419952970534,1122.0,217.0,162.0,160.62688230128944
sr_sm_P301L_29,271.42755126953125,375.5507507324219,232.70394897460935,313.05963134765625,315.8327941894531,1.6323927829596674,1.3768062210671643,0.7848174123090854,0.0019608242310602,340.3762623920769,2268.0,144.0,115.0,500.57128218547126
sr_sm_P301L_3,144.22918701171875,191.9012451171875,131.6709747314453,202.5948028564453,160.19496154785156,1.4750323674339605,1.2336111770401066,0.6360146388022557,0.0,96.51942809610924,1558.0,9.0,124.0,302.5947657134245
sr_sm_P301L_30,106.66664123535156,131.8610076904297,106.66664123535156,131.0604705810547,122.60514831542967,0.0,1.1538400300470166,0.6583657693324084,0.0,88.09086218218096,2106.0,162.0,185.0,198.92505723813068
sr_sm_P301L_31,234.1436462402344,319.3861999511719,234.1436462402344,307.8598022460937,255.4162139892578,1.568031135248872,1.101340528930851,0.6457654570607739,0.0,89.10667763978185,777.0,31.0,54.0,465.3178426315909
sr_sm_P301L_32,36.83469009399414,45.97833251953125,36.83469009399414,37.14495086669922,48.112003326416016,1.4491585406163543,1.3184254583183548,0.7817509488862203,0.0,466.8061696250383,842.0,649.0,0.0,65.09637975038554
sr_sm_P301L_33,67.31566619873047,82.90853881835938,67.31566619873047,73.19786071777344,78.93817138671875,1.407705314531751,1.177939203055043,0.7097351079327241,0.0028292842839213,163.1318485152424,1214.0,270.0,52.0,116.24098474485614
sr_sm_P301L_34,16.968530654907227,23.488201141357425,16.968530654907227,18.66569709777832,23.30063247680664,1.217945200070004,1.364618956735571,0.5343639767245526,0.0,172.74258305351347,1037.0,195.0,355.0,34.5386111271407
sr_sm_P301L_35,44.42888259887695,61.90126419067383,44.42888259887695,48.61446762084961,37.265625,0.0,0.810498108090558,0.4817884896551976,0.0,48.16637831516918,9.0,1.0,0.0,109.59210575067172
sr_sm_P301L_36,141.31651306152344,175.3613739013672,141.31651306152344,166.5876007080078,157.15036010742188,1.2583719625101115,1.103135201290124,0.7022350351706802,0.0,248.33847869389876,1271.0,72.0,206.0,262.5061724232729
sr_sm_P301L_37,201.9796600341797,251.19378662109372,189.32421875,248.65267944335935,231.30780029296875,1.3384879989338554,1.2507178691800227,0.7327891567637383,0.0031563328089636,41.182520563948,2254.0,133.0,234.0,321.7622864876294
sr_sm_P301L_38,291.6571655273437,351.22027587890625,291.6571655273437,382.5569152832031,341.81964111328125,1.725060753740568,1.156313232262215,0.72271112263248,0.0029834165070836,61.18823416311342,1728.0,48.0,210.0,591.8563804385935
sr_sm_P301L_39,179.2236328125,277.067626953125,179.2236328125,236.87062072753903,198.70086669921875,1.6218638047234109,1.122120708968857,0.6633518368945013,0.0,172.01162751395617,1922.0,20.0,196.0,363.6976841503815
sr_sm_P301L_40,152.7282257080078,199.59423828125,139.97689819335938,176.79244995117188,176.14955139160156,1.4468321753772375,1.3315000141851003,0.7624953111945976,0.0027510452081628,58.30951894845301,2629.0,162.0,111.0,254.80991243386015
sr_sm_P301L_41,15.347489356994627,17.600854873657227,15.347489356994627,15.686373710632324,19.246192932128903,1.2455312489030874,1.2236544444341673,0.5251255725245155,0.0,394.5883931389772,281.0,0.0,0.0,28.28566266905214
sr_sm_P301L_42,262.1847229003906,332.3778991699219,262.1847229003906,307.3710632324219,293.7572326660156,1.48469594164083,1.1226164609247062,0.7405777715432285,0.0030859720070926,64.0,2257.0,188.0,496.0,455.96265534774943
sr_sm_P301L_43,277.3675537109375,387.690673828125,277.3675537109375,330.861083984375,199.6378631591797,0.0,0.7383931616518437,0.8942712593797549,0.0,24.08318915758459,21.0,2.0,0.0,558.5949265943927
sr_sm_P301L_44,61.967411041259766,49.26273727416992,61.967411041259766,84.74280548095703,80.51699829101562,1.43314716016672,1.3203050775107152,0.6138087766259751,0.0021682920250063,34.92849839314596,3948.0,285.0,147.0,120.29532886962156
sr_sm_P301L_45,22.42744255065918,26.683748245239254,22.42744255065918,22.78008079528809,25.747323989868164,1.329820309823753,1.1319338386724127,0.59590063775452,0.0,689.4200461257274,334.0,0.0,0.0,39.56002382911464
sr_sm_P301L_46,126.26171112060548,167.5065460205078,126.26171112060548,136.669921875,145.306640625,1.3755968484518697,1.1684463007496353,0.7812783705561498,0.0020349587417318,175.2826289168439,3577.0,386.0,105.0,209.6374677495747
sr_sm_P301L_47,9.879820823669434,10.446382522583008,9.847861289978027,10.430804252624512,13.40709114074707,0.0,1.4141192449763988,0.4296363881591261,0.0,68.46897107449476,152.0,0.0,0.0,18.176804558636714
sr_sm_P301L_48,147.28317260742188,203.60423278808597,127.5535125732422,173.31800842285156,176.67478942871094,1.604159799280353,1.3756862825647065,0.7554963119385527,0.002434766479073,135.60235986147143,2429.0,222.0,167.0,271.0641801556045
sr_sm_P301L_49,56.66168975830078,67.56634521484375,56.66168975830078,57.320533752441406,66.91407775878906,1.3551519191165258,1.180353588657678,0.7798914441948618,0.0,660.2060284486957,797.0,632.0,0.0,90.47408700991696
sr_sm_P301L_50,229.4148101806641,281.48858642578125,219.2559356689453,273.0982971191406,254.3101959228516,1.2967665127817387,1.164066548875283,0.7238522755554526,0.0024531006225111,88.36288813749809,2340.0,194.0,272.0,377.4012948794607
sr_sm_P301L_51,78.76527404785156,87.45928955078125,77.70616149902344,90.89031219482422,91.6807098388672,1.1222566445298543,1.1692030181403683,0.656397956700405,0.0,66.12110101926616,536.0,44.0,0.0,151.33683746995302
sr_sm_P301L_52,61.47945022583008,72.03340911865234,61.47945022583008,69.84248352050781,77.01834106445312,1.311544858727841,1.2459816102853385,0.6642917049675978,0.0031646188094869,71.69379331573968,1634.0,368.0,106.0,109.67527013177931
sr_sm_P301L_53,11.701752662658691,12.480769157409668,11.701752662658691,12.47699737548828,15.640195846557615,1.1038703023962428,1.3237255653377886,0.4434562212758215,0.0,146.32839779072276,555.0,0.0,50.0,21.563535898586743
sr_sm_P301L_54,24.12652969360352,37.00460433959961,24.12652969360352,25.81806755065918,46.31245422363281,1.4205677479133971,1.5380277875713029,0.6260229358242974,0.002931257034521,321.10434441159464,1264.0,339.0,205.0,49.44306032652243
sr_sm_P301L_55,226.6253204345703,294.037353515625,209.8916778564453,258.91864013671875,257.041015625,1.4039174014667208,1.2107290333058656,0.7377136123199936,0.0020720189569656,94.19129471453292,2915.0,189.0,469.0,393.1127196129041
sr_sm_P301L_56,228.99301147460935,304.1004333496094,199.08567810058597,238.1992034912109,261.05499267578125,1.534103817047238,1.32044374916292,0.8215014301272991,0.0030897756099281,175.2826289168439,998.0,102.0,56.0,385.8990651918136
sr_sm_P301L_57,71.68924713134766,109.66545867919922,71.68924713134766,114.12256622314452,85.01265716552734,1.7024235340203238,1.2332304539152783,0.5897157821177098,0.002196981164602,39.395431207184416,3485.0,3.0,120.0,141.91880364393433
sr_sm_P301L_58,27.75780487060547,33.621280670166016,27.75780487060547,28.056377410888672,35.6401252746582,1.3726528023998088,1.2839389914377228,0.689108941441874,0.0,705.594784561224,544.0,882.0,165.0,48.49473119379368
sr_sm_P301L_59,27.556337356567383,33.79047393798828,27.556337356567383,27.98424530029297,35.11496353149414,1.2704413355866186,1.2881746589206844,0.6886595216132904,0.0,567.6195909233578,599.0,653.0,0.0,48.55480860733891
sr_sm_P301L_60,12.798338890075684,13.2793550491333,12.798338890075684,13.487357139587402,17.449811935424805,1.159572496587374,1.3294580307645802,0.4883755915667924,0.0040057221214982,171.40595088852663,405.0,0.0,52.0,22.33211235702561
sr_sm_P301L_61,71.6251449584961,88.08415222167969,65.27216339111328,79.44810485839844,87.58638000488281,1.369479868233531,1.3042398131661554,0.7123967584694025,0.0021617887121712,206.6204249342257,2705.0,445.0,531.0,125.74300366900609
sr_sm_P301L_62,71.66144561767578,88.15208435058594,71.66144561767578,81.23495483398438,90.19010162353516,1.4037311026416317,1.2382376771823016,0.6849622230737205,0.0023343471095501,159.3988707613702,3074.0,659.0,109.0,127.72061647413275
sr_sm_P301L_63,15.919777870178224,19.185531616210938,15.919777870178224,16.083988189697266,20.497116088867188,1.3290906844492123,1.2713818164878927,0.5720402062999127,0.0,622.1928961343098,299.0,0.0,0.0,29.20132807658793
sr_sm_P301L_64,9.710579872131348,10.522494316101074,9.596724510192873,10.943153381347656,14.022455215454102,1.1334444062364624,1.4187660693193318,0.3683328285679467,0.0055864550341797,113.43720729989786,227.0,0.0,0.0,19.137632421212043
sr_sm_P301L_65,212.64108276367188,255.31524658203125,212.64108276367188,244.5724029541016,234.60525512695312,1.366668420929494,1.1193789652281927,0.7396681652821525,0.0023601637903565,104.80458005259122,2436.0,180.0,0.0,350.0262608991072
sr_sm_P301L_66,235.03292846679688,284.027587890625,216.25048828125,316.3857421875,266.9215393066406,1.383116834942207,1.260427885762059,0.6907605292965451,0.0032671516598578,39.293765408777,2653.0,138.0,164.0,397.1113392175876
sr_sm_P301L_67,42.46539688110352,51.90389633178711,42.46539688110352,43.396949768066406,50.88727188110352,1.3809427194862782,1.182183082099349,0.6771856640557574,0.0,546.4979414416856,584.0,551.0,0.0,71.1255627474462
sr_sm_P301L_68,29.816137313842773,37.61719512939453,29.816137313842773,30.119834899902344,36.7548713684082,1.4305310634167605,1.201952144276308,0.6813593841486584,0.0,640.6808878060903,343.0,550.0,173.0,53.21022054427283
sr_sm_P301L_69,143.19480895996094,179.45018005371094,128.49034118652344,146.35935974121094,185.85232543945312,1.409293971456606,1.4119793228548412,0.8618546699575864,0.0024644289074886,254.03149411047443,1558.0,307.0,266.0,229.24340058754635
sr_sm_P301L_70,16.437036514282227,19.078107833862305,16.437036514282227,16.765300750732422,20.686553955078125,0.0,1.2687221620315858,0.5700683079774197,0.0,448.7939393530176,333.0,0.0,57.0,29.60989534137496
sr_sm_S305I_1,85.43235778808594,110.78298950195312,85.43235778808594,106.12928009033205,134.90135192871094,1.4266149107090238,1.4077075921369209,0.57750818094765,0.0,85.5102333057278,1770.0,366.0,929.0,190.82228940163503
sr_sm_S305I_10,1983.544189453125,3504.06640625,1983.544189453125,2909.103515625,2237.903076171875,1.891331653744575,1.100066994086592,0.6684317979339083,0.0029699902950144,182.4828759089466,1341.0,9.0,380.0,7456.482881804641
sr_sm_S305I_11,417.0558776855469,566.9801635742188,417.0558776855469,509.3714294433594,520.74609375,1.472822001057987,1.1310165813834925,0.5708077356960141,0.0,161.20794025109308,877.0,142.0,188.0,983.304933874374
sr_sm_S305I_12,3769.857666015625,5524.10302734375,3769.857666015625,4295.60498046875,3105.648193359375,0.0,0.8192532809799076,0.6605004888302082,0.0031209796874683,62.76941930590086,20.0,0.0,0.0,6747.029253613355
sr_sm_S305I_13,1588.1357421875,2905.021484375,1588.1357421875,2171.267333984375,1794.5377197265625,0.0,1.0993029366246312,0.6896173186396534,0.0,82.09750300709517,1576.0,3.0,0.0,3075.4569073567554
sr_sm_S305I_14,1691.83447265625,2245.4443359375,1691.83447265625,2150.13037109375,1952.252197265625,0.0,1.1630666831683147,0.7702862301208587,0.0029792216867224,55.60575509783138,2604.0,11.0,255.0,3747.151068446905
sr_sm_S305I_15,1308.469482421875,2469.718017578125,1308.469482421875,1737.703857421875,1410.8165283203125,1.5061344703849913,1.077265639583288,0.7206417387650285,0.0,50.15974481593781,1691.0,4.0,221.0,2479.0444374660265
sr_sm_S305I_16,112.73908996582033,140.29183959960938,112.73908996582033,135.25778198242188,157.19845581054688,0.0,1.3141056691364326,0.5891746679623098,0.0,89.19641248391103,522.0,103.0,316.0,243.6229498317832
sr_sm_S305I_17,92.4561538696289,118.89300537109376,90.0294189453125,118.95833587646484,159.36241149902344,1.3870853481644294,1.5624153412201238,0.5155120698897961,0.0,61.05735008989499,805.0,172.0,111.0,223.7810222380558
sr_sm_S305I_18,1968.7608642578125,1976.412353515625,1968.7608642578125,2299.1650390625,1119.9266357421875,0.0,0.7451526340125577,0.7411929545166193,0.0,72.13875518748573,12.0,1.0,0.0,4011.843664822959
sr_sm_S305I_19,814.6128540039062,1053.574462890625,814.6128540039062,872.01318359375,711.3333129882812,0.0,0.9473223064574934,0.603444587074601,0.0,72.99315036357864,10.0,0.0,0.0,1586.5833125475635
sr_sm_S305I_2,3909.712646484375,0.0,3909.712646484375,4295.470703125,2635.66943359375,0.0,0.6737364622330345,0.6960331163694546,0.0,63.6553218513582,5.0,0.0,0.0,6549.960036442516
sr_sm_S305I_20,213.9549560546875,260.2911376953125,209.6020355224609,256.402587890625,336.9919738769531,1.3876601747200947,1.4130747769551373,0.6486175894633195,0.0031042685433967,112.16059914247964,1476.0,301.0,514.0,459.246893688373
sr_sm_S305I_21,1137.9827880859375,1708.115234375,1137.9827880859375,1315.081787109375,1254.7222900390625,0.0,0.9783846463602652,0.5930328981917131,0.0,125.02799686470227,34.0,0.0,0.0,2770.865859275276
sr_sm_S305I_22,2763.939453125,4766.33544921875,2763.939453125,4303.89892578125,2910.306884765625,1.6193009033407213,1.0729976143613702,0.6840343118335058,0.005247995620059,26.0,1185.0,0.0,0.0,4882.861048137384
sr_sm_S305I_23,4477.99951171875,7034.27099609375,3397.78173828125,5639.08154296875,3349.043212890625,2.0830461901442576,1.068600521620496,0.615008524903469,0.0,62.76941930590086,56.0,5.0,0.0,8896.80549652274
sr_sm_S305I_24,238.30067443847656,300.1480407714844,238.30067443847656,299.2514343261719,300.6018981933594,0.0,1.166438084244001,0.5486236080478951,0.0,99.85990186255944,500.0,79.0,283.0,549.8500153128812
sr_sm_S305I_25,2652.7470703125,4054.91357421875,2652.7470703125,2806.458740234375,1893.886474609375,0.0,0.8499160473725081,0.714799240243449,0.0,332.46954747766,13.0,1.0,0.0,5975.235875085855
sr_sm_S305I_26,244.50192260742188,316.349853515625,217.8936309814453,306.9472961425781,376.9540100097656,1.4828554546180004,1.5442871110856162,0.5980172847589021,0.0028571728811456,95.4148835350125,1695.0,259.0,663.0,541.6878236235195
sr_sm_S305I_27,103.0263671875,129.1974639892578,103.0263671875,125.16970825195312,158.7388916015625,0.0,1.4352736754405522,0.5978793511648587,0.0,49.47726750741192,1244.0,244.0,740.0,221.8361136999376
sr_sm_S305I_28,1505.0751953125,1718.1826171875,1441.556396484375,1792.662353515625,1622.366455078125,1.4684747111668215,1.1157585210812726,0.7374343522401228,0.0,109.12378292562992,1291.0,55.0,218.0,2598.7138743194832
sr_sm_S305I_29,109.1828155517578,143.93336486816406,103.07584381103516,135.37286376953125,172.67723083496094,1.4210503986609977,1.5339613896205264,0.5365164788799028,0.0,66.03029607687671,781.0,180.0,361.0,260.20132013675965
sr_sm_S305I_3,81.82054901123047,101.6653060913086,81.82054901123047,100.33368682861328,124.7422103881836,0.0,1.3843993634119036,0.5420083773745636,0.0,132.4235628579748,419.0,104.0,517.0,194.187500851681
sr_sm_S305I_30,2355.641357421875,2586.672607421875,2355.641357421875,2743.2216796875,2215.12890625,0.0,0.8105305197853765,0.6196580976733702,0.0,235.762592452662,18.0,1.0,0.0,5075.883893991836
sr_sm_S305I_31,1429.3343505859375,1816.1324462890625,1429.3343505859375,1643.5198974609375,9204.5576171875,1.417946979214809,1.0853773050251472,0.7379246250613604,0.0,159.26079241294764,1517.0,102.0,308.0,2522.5709756703545
sr_sm_S305I_32,4910.6982421875,5222.23095703125,4910.6982421875,5153.32666015625,3873.10009765625,0.0,0.7679436239619803,0.9981345432287392,0.0,27.784887978899608,10.0,1.0,0.0,7819.647580365706
sr_sm_S305I_33,146.7193145751953,188.86410522460935,135.9739227294922,197.5034942626953,234.67626953125,1.358101994104712,1.545530578472556,0.576621229437499,0.0023158511929136,97.20082304178294,2744.0,369.0,955.0,327.2722123982269
sr_sm_S305I_34,208.9228973388672,248.14468383789065,208.9228973388672,242.35739135742188,266.1369323730469,0.0,1.1767616217729937,0.6112817443363613,0.0,69.31089380465383,444.0,115.0,0.0,414.53694780124255
sr_sm_S305I_35,152.99562072753906,212.4897308349609,152.99562072753906,189.85157775878903,216.6539459228516,1.5181448131369075,1.2851087607960558,0.5787239394005232,0.0029626099444971,81.41252974819048,1201.0,225.0,506.0,342.21987075071496
sr_sm_S305I_36,295.04376220703125,401.1727294921875,268.1019897460937,338.3168640136719,423.4122009277344,1.5352263132065398,1.3780364536707042,0.6274139626063849,0.0,231.9051530259731,1293.0,308.0,834.0,697.0552195690159
sr_sm_S305I_37,2670.142578125,4977.61865234375,2670.142578125,3230.922119140625,2279.64208984375,0.0,0.8933254785781616,0.7221352579354706,0.0,68.0294054067798,117.0,2.0,0.0,5535.6148498314615
sr_sm_S305I_38,2899.954345703125,4088.301025390625,2899.954345703125,3359.508056640625,1815.9830322265625,0.0,0.709568855178042,0.7152641532209028,0.0,84.11896337925236,13.0,0.0,0.0,5617.207039184401
sr_sm_S305I_39,318.7218017578125,441.0758056640625,318.7218017578125,370.1725463867188,462.886474609375,1.537625972598017,1.2919564536745411,0.6023133590910401,0.0,260.8601157708859,1194.0,258.0,314.0,744.2093893648175
sr_sm_S305I_4,2439.572509765625,2954.453369140625,2439.572509765625,2683.693359375,1905.0933837890625,0.0,0.7549979789789186,0.7734112996153095,0.0,64.40496875241847,9.0,0.0,0.0,3954.81709948436
sr_sm_S305I_40,295.363525390625,399.9168395996094,295.363525390625,337.21539306640625,380.3738403320313,1.4947185408553778,1.1606879680614528,0.6961224434885973,0.0022948371993364,235.1935373261774,1461.0,179.0,214.0,575.9546394072926
sr_sm_S305I_41,373.1499328613281,474.2695007324219,373.1499328613281,417.0708923339844,511.7478332519531,1.4646480984719172,1.2588317183307185,0.659338972164559,0.0,224.1428116179504,1057.0,236.0,628.0,771.8438152847898
sr_sm_S305I_42,325.4529113769531,429.7786560058594,325.4529113769531,358.6808776855469,460.53955078125,0.0,1.2910380393662408,0.7254953995393972,0.0031613460095902,244.22940035958,894.0,184.0,259.0,689.5430362479102
sr_sm_S305I_43,311.9974060058594,446.51898193359375,295.34381103515625,374.2579650878906,437.8548583984375,1.555832258902814,1.2794574938194536,0.5645949277717538,0.0027208666007518,210.38060747131613,657.0,105.0,321.0,785.9125834151513
sr_sm_S305I_44,2365.99365234375,3963.110595703125,2365.99365234375,3157.022705078125,2371.9541015625,0.0,1.0096054012346003,0.7334140580543412,0.0,84.0,713.0,0.0,0.0,4493.892156844841
sr_sm_S305I_45,1634.41064453125,2331.171630859375,1371.2587890625,2032.3165283203125,1824.4027099609373,1.7201271704535073,1.3079647998115658,0.7455666745994705,0.0028366822033861,175.84083712266613,1052.0,45.0,468.0,3229.471757358434
sr_sm_S305I_46,1750.58740234375,3600.16357421875,1750.58740234375,2581.920654296875,1895.0517578125,1.625211141555972,1.0526535735852174,0.6572602712977917,0.0,36.71511950137164,553.0,0.0,0.0,3799.233685859185
sr_sm_S305I_47,135.37542724609375,171.28758239746094,135.37542724609375,169.3236846923828,228.6083221435547,1.2969367958850742,1.4551064453199292,0.5939402056529974,0.0,44.04543109109048,1517.0,202.0,350.0,341.18342677746864
sr_sm_S305I_48,829.3880615234375,1303.4632568359375,809.6320190429688,1253.5361328125,927.1441040039062,1.6244782798905135,1.0862987599348406,0.5970297992613197,0.0,44.7213595499958,692.0,8.0,0.0,1896.888880825317
sr_sm_S305I_49,429.7232971191406,1054.461181640625,429.7232971191406,767.7025146484375,498.6774291992188,0.0,1.1654068165782865,0.65901961746366,0.0049574868189393,39.395431207184416,898.0,0.0,0.0,942.2755310796176
sr_sm_S305I_5,1122.5386962890625,1885.9964599609373,1122.5386962890625,1495.6004638671875,1144.8515625,1.3690902542729733,1.0281443657511302,0.7062575596009066,0.0033015170079021,122.2620137246234,1017.0,13.0,122.0,2312.665248395854
sr_sm_S305I_50,351.1112365722656,505.3209228515625,318.7697448730469,446.2765502929688,460.4346618652344,1.5948591906610252,1.3205521027072638,0.5939857556124939,0.0031873518971281,69.57010852370435,861.0,121.0,371.0,779.4661132649396
sr_sm_S305I_51,563.58642578125,694.9541625976562,563.58642578125,615.7837524414062,673.358154296875,1.3827395419778354,1.1401952608691102,0.7714504693026217,0.0025119302656637,174.41330224498358,2557.0,368.0,543.0,940.0063017539752
sr_sm_S305I_52,414.7939453125,523.2352905273438,368.5595703125,436.05767822265625,509.7212219238281,1.4344805415469408,1.3010803215025686,0.8206800708908919,0.0,317.91822848021786,1356.0,184.0,180.0,792.6916082086123
sr_sm_S305I_53,119.60481262207033,145.68797302246094,119.60481262207033,147.42523193359375,183.99859619140625,1.3312203243255976,1.374053779338913,0.600569899498455,0.0023266411522861,59.6657355607052,2372.0,531.0,470.0,258.27032595574326
sr_sm_S305I_54,143.3940887451172,194.9747009277344,143.3940887451172,182.6823883056641,221.88998413085935,0.0,1.374326720645633,0.5448381430612343,0.0,47.53945729601885,951.0,163.0,375.0,336.7678568656515
sr_sm_S305I_55,254.6163330078125,330.0722961425781,254.6163330078125,310.7643127441406,351.7041931152344,0.0,1.2540076621761505,0.624477339049853,0.0026572578776869,59.39696961966999,1445.0,262.0,769.0,535.8981443359756
sr_sm_S305I_56,124.46131134033205,161.3328094482422,116.88992309570312,151.25167846679688,190.3853912353516,1.4018044288537392,1.4596565391758345,0.5667842877736341,0.0,77.17512552629896,1411.0,307.0,249.0,282.48357396348325
sr_sm_S305I_57,2214.285888671875,2917.77587890625,2214.285888671875,2446.95458984375,1833.2281494140625,0.0,0.8077312793143904,0.6366629021499877,0.0,23.323807579381203,17.0,0.0,0.0,4094.2208932524254
sr_sm_S305I_58,1422.7904052734375,3281.874267578125,1422.7904052734375,2035.3953857421875,1532.38232421875,1.823404385450786,1.0682961750425688,0.7178258831761748,0.0037531660871975,132.74034804836094,611.0,0.0,0.0,2962.227293537106
sr_sm_S305I_59,182.82516479492188,218.5013885498047,182.82516479492188,213.31442260742188,249.447998046875,0.0,1.2992969236363077,0.5661590701491869,0.0,80.0,229.0,74.0,202.0,389.599323014828
sr_sm_S305I_6,2119.740478515625,2998.570068359375,2119.740478515625,2316.295166015625,1646.5859375,0.0,0.8075587359622884,0.6549453272748702,0.0,44.94441010848846,11.0,1.0,0.0,3757.4374683082224
sr_sm_S305I_60,1452.9237060546875,2495.005126953125,1452.9237060546875,2022.9481201171875,792.3719482421875,0.0,0.687991389259453,0.7121552555421827,0.0,63.6553218513582,8.0,0.0,0.0,3939.00003850177
sr_sm_S305I_61,1730.73388671875,2090.470703125,1730.73388671875,2043.2850341796875,2010.13525390625,1.428742745369035,1.1038641652752958,0.7332405132649744,0.0026911728321925,150.78461459976612,1541.0,143.0,1158.0,2774.128673986857
sr_sm_S305I_62,2587.9140625,3468.61328125,2204.406982421875,2959.642578125,3334.87939453125,1.6114901486909363,1.3938535987030274,0.8250420029831422,0.002915701584322,234.0,1203.0,97.0,1513.0,4785.413286549348
sr_sm_S305I_63,396.2302856445313,496.14794921875,396.2302856445313,489.4106140136719,529.068115234375,1.3342449916299732,1.2209581047398383,0.6305983569030646,0.0025290942997032,60.0,1594.0,185.0,368.0,763.8865257514203
sr_sm_S305I_64,74.54643249511719,107.51385498046876,74.54643249511719,89.29407501220703,115.4955825805664,0.0,1.377718031326964,0.551181565562617,0.0,98.18350166906862,404.0,94.0,161.0,180.68941909770643
sr_sm_S305I_65,2908.73486328125,4050.4619140625,2908.73486328125,3439.952880859375,2138.60205078125,0.0,0.7531886799046607,0.573269296170758,0.0,58.82176467941097,53.0,1.0,0.0,5371.096453429587
sr_sm_S305I_66,605.058837890625,1282.0291748046875,605.058837890625,716.1716918945312,714.1505126953125,0.0,0.8744339413514969,0.4352321198835973,0.0,218.4032966784156,49.0,1.0,0.0,1792.7709763883738
sr_sm_S305I_67,151.06895446777344,203.28778076171875,151.06895446777344,181.8082733154297,227.8790740966797,0.0,1.3412122977298542,0.5516004924639955,0.0,164.1097193952875,714.0,150.0,110.0,375.0156273556431
sr_sm_S305I_68,486.7502136230469,660.03125,486.7502136230469,565.63720703125,586.5169067382812,1.474342958416849,1.1348150334400495,0.6682724659901107,0.0,182.1647605877712,1247.0,169.0,707.0,1009.2152551120472
sr_sm_S305I_69,278.4800720214844,408.10443115234375,278.4800720214844,309.5199890136719,368.8455200195313,0.0,1.2194836625687338,0.5967587301490516,0.0027635135466366,283.6406176837161,777.0,220.0,464.0,687.2581071705414
sr_sm_S305I_7,2797.1181640625,3225.236083984375,2797.1181640625,2921.37939453125,2122.27880859375,0.0,0.8103920957960364,0.6799147543882401,0.0,22.62741699796952,12.0,0.0,0.0,4206.053192036522
sr_sm_S305I_70,134.86343383789062,166.1160125732422,133.0969696044922,166.83961486816406,200.34385681152344,0.0,1.3609997565082117,0.602212086880162,0.0023829385563669,64.77653896280658,2249.0,468.0,1203.0,287.21441262851255
sr_sm_S305I_8,2353.0029296875,3187.7158203125,2353.0029296875,2468.796630859375,1680.0233154296875,0.0,0.7855867460720513,0.5784061007998014,0.0,211.81123671797965,9.0,5.0,0.0,3956.111575239276
sr_sm_S305I_9,1479.8021240234375,2641.527099609375,1479.8021240234375,1948.3695068359373,1450.53564453125,0.0,0.9812581341185715,0.6614047884139067,0.0,52.80151512977634,235.0,7.0,50.0,3583.307353247511
sr_sm_S320F_1,201.3320159912109,248.9986267089844,201.3320159912109,228.12782287597656,275.8773193359375,1.4103168428890438,1.262792550921609,0.731749779924175,0.0022466960914139,132.80060240827223,2708.0,448.0,513.0,372.12489364793015
sr_sm_S320F_10,98.79053497314452,125.12761688232422,88.47614288330078,124.97955322265624,141.77508544921875,1.393602111912608,1.4628396156061574,0.6368539645575901,0.0024827411466919,74.21590126111789,3285.0,500.0,1114.0,198.78899720162255
sr_sm_S320F_11,29.314626693725582,33.99977493286133,29.314626693725582,29.753890991210938,39.47206878662109,1.1770904913942837,1.2943851009816965,0.6939876320457274,0.0,444.162132559722,427.0,0.0,106.0,49.71318164069477
sr_sm_S320F_12,134.74659729003906,142.00230407714844,134.74659729003906,140.45945739746094,147.5037841796875,0.0,1.097876251241598,0.7940841320757567,0.0019809431885034,368.4562389212591,1477.0,394.0,0.0,213.05571914435043
sr_sm_S320F_13,238.99441528320312,301.5646667480469,238.99441528320312,238.99441528320312,0.0,1.9687407631886875,0.0,0.0,0.0,804.2487177484338,0.0,2.0,0.0,477.8514926550589
sr_sm_S320F_14,46.0818977355957,52.44931411743164,46.0818977355957,46.9863395690918,54.97725296020508,1.2786307126513436,1.1919142507326284,0.7236570767650788,0.0,307.5841348314312,344.0,0.0,175.0,75.83843703590087
sr_sm_S320F_15,36.025081634521484,41.75461196899414,36.025081634521484,36.32863235473633,43.2664680480957,1.3002732876921712,1.1582262949492654,0.6602271157208401,0.0,527.8825626974242,123.0,400.0,68.0,61.76024857224417
sr_sm_S320F_16,30.061580657958984,28.790939331054688,30.061580657958984,31.125688552856445,35.41693878173828,1.254004577136159,1.175458345140204,0.6463544150419145,0.0,304.1710045352778,740.0,0.0,301.0,50.17665023208356
sr_sm_S320F_17,1795.9871826171875,3270.789794921875,1795.9871826171875,2526.442138671875,1995.869384765625,1.6147391426606483,1.105547054594939,0.7174341663795515,0.0036974547112979,56.92099788303083,1748.0,0.0,253.0,3079.2836583080925
sr_sm_S320F_18,129.23373413085938,156.67051696777344,129.23373413085938,154.7061309814453,180.3125,1.364294331019879,1.2875171999303157,0.6757083098253082,0.0022686421524874,52.15361924162119,2282.0,337.0,471.0,240.49018225209093
sr_sm_S320F_19,441.0045776367188,631.6876831054688,393.1691589355469,538.0423583984375,526.7443237304688,1.5689796958854754,1.2658840658335042,0.7089715658410024,0.0,145.46477236774544,1193.0,62.0,279.0,922.8796509122774
sr_sm_S320F_2,96.12692260742188,112.09087371826172,89.33859252929688,118.8043212890625,127.32601165771484,1.265815221694047,1.4124434189712642,0.6693805948083721,0.0029794224839954,53.81449618829484,2322.0,394.0,107.0,166.51904570383488
sr_sm_S320F_20,1994.4013671875,2502.689208984375,1994.4013671875,2294.7216796875,2277.4501953125,1.514144665367892,1.1196749739326617,0.7873659270319339,0.0,153.3101431738944,1628.0,89.0,548.0,3333.328984635704
sr_sm_S320F_21,381.4565734863281,551.991455078125,381.4565734863281,481.8607177734375,503.4901123046875,1.5370349413931244,1.2001048995854775,0.6103150134660772,0.0026790246000159,88.56635930193812,1560.0,157.0,455.0,850.7238608124721
sr_sm_S320F_23,1508.8526611328125,1853.7352294921875,1508.8526611328125,1653.6865234375,1803.6396484375,1.401639386288105,1.1476289712954646,0.7942376411342286,0.0027031475368817,155.97435686676192,2604.0,258.0,1159.0,2464.5791389428737
sr_sm_S320F_25,767.0675048828125,918.2002563476562,767.0675048828125,810.0765380859375,814.1747436523438,1.3846644678999085,1.0453994761327965,0.8262445975082741,0.0027400132530706,171.40595088852663,1619.0,141.0,321.0,1152.626149294418
sr_sm_S320F_26,952.4988403320312,1357.20166015625,952.4988403320312,1290.07861328125,1067.8922119140625,1.6774792806424166,1.0962673287875524,0.6763118140857737,0.004400072053141,68.96375859826666,816.0,20.0,146.0,1853.4029673114967
sr_sm_S320F_27,219.0259704589844,288.042236328125,219.0259704589844,269.4107360839844,242.36767578125,1.4246474651162877,1.1129380860105356,0.7069042810980424,0.0026667625887408,58.54912467321779,1707.0,101.0,500.0,382.8321751343523
sr_sm_S320F_28,48.83730697631836,60.67058181762695,45.81584548950195,50.15641403198242,71.61664581298828,1.3374525639448422,1.4765629205387183,0.7704338389352215,0.0028017448529262,352.5960861949548,1474.0,440.0,469.0,86.31969621305021
sr_sm_S320F_29,477.6340026855469,579.6725463867188,472.7228088378906,543.7242431640625,583.9422607421875,1.3615417898598885,1.1747432776682891,0.762130134107437,0.0030517517208403,85.90692637965812,2455.0,293.0,793.0,776.3286258575303
sr_sm_S320F_3,606.5187377929688,698.9537353515625,592.0383911132812,673.1519775390625,708.8619384765625,1.2833154712622106,1.1174794898386573,0.6172986730308767,0.0,63.24555320336759,176.0,38.0,50.0,1215.7693842765182
sr_sm_S320F_30,611.8363037109375,789.4802856445312,611.8363037109375,693.9835815429688,735.6612548828125,1.5827842917192831,1.165499007096242,0.8120945079628018,0.00334506046055,94.76286192385707,1346.0,116.0,120.0,1066.0723465286342
sr_sm_S320F_31,206.1564178466797,232.9907073974609,206.1564178466797,260.1482238769531,296.36102294921875,1.6617033715069334,1.283301261082001,0.6983658936336489,0.0,75.17978451685,1680.0,185.0,242.0,432.4200365503515
sr_sm_S320F_32,3072.248291015625,4305.4140625,2746.082275390625,3600.515625,3499.53466796875,1.5573202066138552,1.218242288170132,0.8060050916517465,0.0033240193660238,231.10170921046864,906.0,22.0,469.0,5437.547414910685
sr_sm_S320F_33,1040.0308837890625,1276.10400390625,1040.0308837890625,1135.3201904296875,1268.50146484375,1.437219167590437,1.1488829782940646,0.8497041660730388,0.0025819243005427,72.47068372797375,2566.0,251.0,321.0,1631.7040630746767
sr_sm_S320F_34,284.7867126464844,338.33935546875,284.7867126464844,347.8096008300781,373.0609130859375,1.3180646613106173,1.204033673304313,0.671510849650446,0.0023554630771206,76.0,2038.0,254.0,1041.0,526.8924580880828
sr_sm_S320F_35,497.1640319824219,682.3360595703125,497.1640319824219,704.3561401367188,599.3016357421875,1.4005344435820533,1.1447448727971838,0.62767308456418,0.003322157718191,50.59644256269407,1054.0,2.0,156.0,1062.0128833446877
sr_sm_S320F_36,577.7049560546875,1791.297607421875,577.7049560546875,646.3795166015625,593.177490234375,2.273314228080275,1.0336288464476249,0.6912347221767432,0.0,149.34523762075577,197.0,0.0,0.0,1324.7509997039112
sr_sm_S320F_37,68.85794067382812,90.28958892822266,68.85794067382812,71.9208755493164,88.67915344238281,1.4475112006842703,1.2266445569070814,0.7560530536722728,0.0023621329782781,337.2595439717014,892.0,200.0,468.0,120.6946593443996
sr_sm_S320F_38,2432.948486328125,2632.85498046875,2432.948486328125,2714.955810546875,3244.486572265625,1.5458250604353792,1.162954322655211,0.8704702339404757,0.0036394914269971,73.53910524340094,1569.0,59.0,661.0,4105.459356225564
sr_sm_S320F_39,991.4937744140624,1167.21435546875,991.4937744140624,1110.2249755859375,1200.44970703125,1.4896291978958986,1.1475345027663897,0.8404690650764013,0.0025525496204339,154.40207252495026,2547.0,243.0,835.0,1614.2134017264
sr_sm_S320F_4,26.264331817626957,21.56415557861328,26.264331817626957,26.36277198791504,31.078947067260746,1.3154032429925482,1.200468203272262,0.6916244415639268,0.0,608.3584469702053,90.0,0.0,57.0,44.60097621618623
sr_sm_S320F_40,737.5498657226562,981.4754638671876,737.5498657226562,962.7116088867188,858.46630859375,1.660566502974364,1.126676005157507,0.67605858911614,0.0038811770080829,122.40914998479484,949.0,30.0,50.0,1523.7432031439994
sr_sm_S320F_41,621.163818359375,906.2120971679688,621.163818359375,761.42529296875,730.1171264648438,0.0,1.1257149841798078,0.6940447966470595,0.0032830168360837,193.13207915827965,1232.0,29.0,0.0,1267.1553070877935
sr_sm_S320F_42,883.2857055664062,1164.620849609375,785.58544921875,921.3360595703124,934.2689819335938,1.4855011208823568,1.187888818845713,0.8461711353077265,0.0026955667448685,332.2769928839492,1192.0,79.0,117.0,1455.8082279261516
sr_sm_S320F_43,78.79471588134766,92.05332946777344,78.79471588134766,84.27648162841797,89.77999877929688,1.6432701753072947,1.185702523944483,0.7278931297751245,0.0028143474095838,411.1447433690476,943.0,374.0,58.0,138.5449763215061
sr_sm_S320F_44,1423.5721435546875,1739.2825927734375,1423.5721435546875,1560.293212890625,1603.4178466796875,1.4309592156145774,1.095537580779934,0.8393101311369398,0.0027337778374472,114.40279716860071,2094.0,147.0,884.0,2216.0711091415465
sr_sm_S320F_45,2768.753662109375,3662.01123046875,2768.753662109375,3411.357421875,2217.587890625,0.0,0.8124707968489674,0.735451267014596,0.0,127.05904139414872,25.0,0.0,0.0,5348.1665491358535
sr_sm_S320F_46,753.925537109375,958.2938842773438,731.7007446289062,887.4639892578125,968.9207763671876,1.3131704096112795,1.258532880481391,0.7257716542378032,0.0026991244707062,147.07821048680188,1821.0,185.0,300.0,1390.6185840404562
sr_sm_S320F_47,1688.43701171875,1928.559326171875,1688.43701171875,2037.379150390625,1976.54931640625,1.5853179537142637,1.1330860410486177,0.7343832041143258,0.0028352587874213,87.86353054595519,1359.0,94.0,249.0,2943.5420079403684
sr_sm_S320F_48,1036.4219970703125,1257.1004638671875,1036.4219970703125,1335.84033203125,1224.98046875,0.0,1.1303326156857734,0.6818420533731482,0.0,117.2006825918689,2210.0,106.0,329.0,1768.7696860577262
sr_sm_S320F_49,1410.1312255859375,1731.04150390625,1410.1312255859375,1512.54443359375,1562.279296875,1.4015576067575497,1.0916232498854572,0.8431011134686405,0.0025404707050346,115.44695751729448,2330.0,162.0,357.0,2113.860960293312
sr_sm_S320F_5,34.03092193603516,39.28129959106445,34.03092193603516,35.54057693481445,43.98134613037109,1.2960999880558692,1.2439110535721392,0.6483404635226822,0.0032709472925937,365.0753346913483,584.0,0.0,116.0,60.80564649156093
sr_sm_S320F_50,1029.6263427734375,1277.2760009765625,1029.6263427734375,1104.1990966796875,1174.5130615234375,1.3659038521126745,1.0912376363294771,0.7759670605930096,0.0029063780556892,121.67168939404104,1885.0,314.0,956.0,1584.685137073091
sr_sm_S320F_56,71.4134750366211,91.7150421142578,71.4134750366211,73.5787124633789,105.8041763305664,1.4121315187286183,1.387162942217795,0.8129197470020976,0.0024977779916512,223.6604569431083,1842.0,333.0,406.0,124.76852348341536
sr_sm_S320F_57,959.5972900390624,1227.283935546875,959.5972900390624,1071.229736328125,1191.5491943359375,1.462148880966724,1.15627664649481,0.7095209137263646,0.0,154.63505424062166,1038.0,96.0,381.0,1903.5575436811691
sr_sm_S320F_58,881.0238647460938,1053.841064453125,881.0238647460938,999.6541748046876,1087.7950439453125,1.265504978164714,1.156383491290293,0.731303405966383,0.0022164251959015,162.82505949638096,2242.0,344.0,2480.0,1496.0936843524732
sr_sm_S320F_59,2858.409423828125,3287.94970703125,2858.409423828125,3101.958251953125,3184.754638671875,1.3981266440171076,1.0653787203547955,0.8807541824545874,0.0032898386494136,77.20103626247513,1583.0,99.0,573.0,4256.531701577663
sr_sm_S320F_6,36.62894058227539,42.31429290771485,36.62894058227539,37.34379196166992,47.43996047973633,1.2833090426948752,1.2556570947983718,0.7169615640802707,0.0,435.145952526276,368.0,0.0,105.0,61.27472879005556
sr_sm_S320F_60,59.95744323730469,74.23690032958984,59.95744323730469,63.44729995727539,81.73462677001953,1.463042143660372,1.332395820890112,0.7873689350469419,0.0021893880951518,183.8477631085024,2718.0,554.0,331.0,108.86637975829618
sr_sm_S320F_61,609.092529296875,815.2340698242188,609.092529296875,732.535888671875,728.8446655273438,1.589854468090101,1.1205921574840985,0.7205908749959232,0.0036131058247619,139.2838827718412,1479.0,129.0,332.0,1177.92028160848
sr_sm_S320F_62,215.337158203125,271.2445373535156,215.337158203125,231.57681274414065,266.4957580566406,1.4897818696086054,1.209745006015105,0.828337517358819,0.0026849944720233,98.67117106835208,2086.0,316.0,109.0,356.1556213965539
sr_sm_S320F_63,221.79312133789065,289.3547058105469,221.79312133789065,288.1861267089844,268.0219421386719,0.0,1.1715980409826208,0.6919376010735124,0.0,41.7612260356422,1163.0,19.0,74.0,413.06185107220006
sr_sm_S320F_64,174.74009704589844,219.0281219482422,174.74009704589844,199.1015472412109,227.7880706787109,1.5018358877356428,1.2627446051925826,0.8176550401849695,0.0022916107540636,113.77170122662314,3476.0,417.0,622.0,303.030085762321
sr_sm_S320F_65,106.7080535888672,139.0393829345703,106.7080535888672,134.396240234375,135.24815368652344,1.4470193979678534,1.283391954285847,0.6999705231000998,0.0025207503866623,60.8276253029822,5255.0,508.0,600.0,184.716648349389
sr_sm_S320F_66,948.3899536132812,1359.90771484375,948.3899536132812,1132.848876953125,1126.138916015625,1.5339286344992251,1.1573269896478144,0.7664671046012946,0.0035697351692808,106.45186705737012,1381.0,72.0,268.0,1653.4227934427397
sr_sm_S320F_7,41.22564697265625,55.3201789855957,41.22564697265625,46.71759414672852,68.28706359863281,1.3659488407160056,1.4665989512921371,0.623924931555213,0.0027841021445984,95.60334722173695,771.0,164.0,223.0,82.5651672872761
sr_sm_S320F_8,754.4535522460938,986.533935546875,754.4535522460938,840.2706298828125,964.1634521484376,1.5636970742613183,1.1953711226479409,0.760641139144948,0.0030931062978701,144.12494579357175,1238.0,170.0,179.0,1377.5565042455096
sr_sm_S320F_9,621.1873168945312,1212.768310546875,621.1873168945312,678.0783081054688,751.34814453125,1.8996791129582964,1.111025039154181,0.6738081124902918,0.0,310.6638054231616,364.0,4.0,190.0,1478.3969290962018
wf_P301LandS320F_1,735.8873291015625,992.7923583984376,735.8873291015625,780.4063720703125,700.0174560546875,1.6302430618000456,0.9581256285753142,0.8180346540105063,0.0,458.0043667914096,346.0,31.0,0.0,1173.9219256287424
wf_P301LandS320F_10,3666.619384765625,5206.5859375,3666.619384765625,3885.5048828125,4000.320556640625,1.7995539425640468,1.144100735138195,1.0208603579039208,0.0039724316646549,149.9333185119305,912.0,11.0,0.0,5812.488848672454
wf_P301LandS320F_11,220.5248565673828,289.8448486328125,205.8011779785156,233.42713928222656,221.9399871826172,1.3588310885079466,1.1335596830443726,0.8616419889603043,0.0043722878666371,149.58609561052123,889.0,4.0,0.0,309.9444415134097
wf_P301LandS320F_12,331.5611572265625,271.86871337890625,331.5611572265625,359.8150329589844,361.1651306152344,1.339032597422496,1.0992490654636211,0.8685223450794028,0.0040854825310036,72.99315036357864,1186.0,52.0,0.0,472.5070120168877
wf_P301LandS320F_13,7825.57666015625,10350.0107421875,6751.623046875,8489.0283203125,8489.373046875,1.7283843927242082,1.3078228296359595,1.0117186220378158,0.0051247015159195,42.37924020083418,364.0,0.0,0.0,0.0
wf_P301LandS320F_14,338.51690673828125,431.4888916015625,338.51690673828125,380.9896545410156,385.66644287109375,1.3959561492038728,1.1350938947543263,0.8796211735375634,0.0049899130086253,28.284271247461906,434.0,4.0,0.0,498.6380298519216
wf_P301LandS320F_15,374.6555786132813,488.5067443847656,374.6555786132813,374.36614990234375,460.1829528808594,1.586992685636243,1.2292810600293522,1.064729397102705,0.0037852155471103,67.08203932499369,862.0,15.0,0.0,575.5589323333277
wf_P301LandS320F_16,2984.6748046875,4109.0556640625,2984.6748046875,3250.825439453125,3204.791748046875,1.7292458829217718,1.113884338186116,0.9085058764378126,0.0066420585329899,35.77708763999664,599.0,0.0,0.0,4881.5383601265285
wf_P301LandS320F_17,2416.302490234375,2722.197509765625,2416.302490234375,2389.087890625,2552.6064453125,1.593064380935246,1.1096691732695996,1.0041576153716971,0.0039622442432071,92.97311439335569,1129.0,3.0,0.0,3823.231493826068
wf_P301LandS320F_18,1912.2213134765625,2477.97119140625,1815.6064453125,2045.6690673828125,1935.837646484375,1.462085479805119,1.1056360300523072,0.9620803973672636,0.0,48.373546489791295,441.0,0.0,0.0,3098.870512156219
wf_P301LandS320F_19,6776.173828125,7464.87255859375,6776.173828125,6975.22998046875,5381.66015625,1.416203579566908,0.9433810764437924,0.7670931676615478,0.0,263.1805463935357,27.0,0.0,135.0,9407.5753418214
wf_P301LandS320F_2,10244.38671875,13024.8876953125,10244.38671875,11119.9580078125,11682.9482421875,1.735363845304705,1.2111654705709258,0.9973115253851637,0.0059572912944499,92.80086206496144,522.0,2.0,0.0,16985.170647302504
wf_P301LandS320F_20,162.35107421875,185.523193359375,162.35107421875,168.7015380859375,177.722412109375,1.253346017093408,1.1039827665901454,0.8995020825495316,0.0047658157001415,39.395431207184416,1005.0,20.0,0.0,210.36274617100543
wf_P301LandS320F_24,619.952392578125,737.624755859375,619.952392578125,646.7845458984375,796.5072631835938,1.3404732526716328,1.1546464119215565,0.9742986450184354,0.0038613670951939,77.82030583337487,1507.0,41.0,0.0,1026.9062890089274
wf_P301LandS320F_25,666.2285766601562,854.17724609375,666.2285766601562,792.5003051757812,713.059326171875,0.0,1.0964415794675215,0.8709310065390955,0.0,44.94441010848846,879.0,3.0,0.0,1049.851850994481
wf_P301LandS320F_26,482.4442138671875,535.0283203125,482.4442138671875,521.4306030273438,525.8771362304688,1.492421597500349,1.0944948652201427,0.8958949584182149,0.003857147027907,135.7645019878171,697.0,29.0,65.0,735.535747537705
wf_P301LandS320F_27,3653.2744140625,5240.24609375,3653.2744140625,3964.44580078125,3929.12841796875,0.0,1.2282435785714023,0.8624965847309903,0.0047578746720916,105.60303025955268,608.0,1.0,0.0,6556.524549066041
wf_P301LandS320F_28,17411.63671875,19586.810546875,17411.63671875,18427.123046875,17147.576171875,0.0,1.052450778809095,0.8940356958083496,0.0061571130353156,49.47726750741192,206.0,1.0,0.0,24920.567736546607
wf_P301LandS320F_29,837.6851806640625,1071.819580078125,837.6851806640625,892.611572265625,947.0400390625,0.0,1.143568564364823,0.945533545148814,0.0055033978880162,62.03224967708329,592.0,1.0,0.0,1317.5410669999076
wf_P301LandS320F_3,9929.39453125,13589.138671875,9929.39453125,10765.279296875,9299.4189453125,1.6089119435675707,1.0000978589051366,0.9298368101141472,0.0044226807719829,168.77203559831824,378.0,3.0,0.0,15417.452655456656
wf_P301LandS320F_30,4709.58544921875,6688.3017578125,4709.58544921875,4669.09912109375,4887.19091796875,1.687426525065328,1.1248524789066183,1.0471880730206165,0.0050094479577375,68.81860213634101,402.0,6.0,0.0,7209.454310317231
wf_P301LandS320F_31,7805.373046875,10754.1904296875,7805.373046875,8364.4921875,8698.810546875,1.595098673627367,1.157921188602821,0.9858773570169131,0.0043691363961069,84.30895563343196,784.0,10.0,53.0,11412.799548830388
wf_P301LandS320F_32,3980.214111328125,5002.06884765625,3980.214111328125,3883.6611328125,4246.091796875,1.43390971071205,1.0715826582843904,0.9912988671199672,0.0047514937825884,39.44616584663204,682.0,10.0,191.0,5413.773045656081
wf_P301LandS320F_33,661.866455078125,778.330078125,661.866455078125,714.5510864257812,705.1004028320312,1.6099018952827695,1.081460380912504,0.8964210066563738,0.0044309142574476,121.3424904969401,800.0,26.0,0.0,1104.9719762309726
wf_P301LandS320F_34,179.98507690429688,200.16136169433597,179.98507690429688,186.4274444580078,193.56939697265625,1.1782062020553,1.072245674605226,0.849618861978899,0.0037539887351894,100.89598604503551,943.0,45.0,0.0,228.80449686378088
wf_P301LandS320F_36,1598.1116943359375,1854.9840087890625,1598.1116943359375,1665.9886474609375,1138.674072265625,0.0,0.8399291888850446,0.6941932678285802,0.0,293.48253781102545,57.0,4.0,0.0,2426.120839209889
wf_P301LandS320F_37,969.0484008789062,994.6873779296876,969.0484008789062,1020.189208984375,724.7738647460938,1.5242222810592665,0.7344133979824179,0.7076472067920354,0.0,460.1086828130937,137.0,10.0,0.0,1555.4327465973067
wf_P301LandS320F_38,297.76910400390625,294.04718017578125,297.76910400390625,313.1566162109375,309.5710754394531,1.2333695487997351,1.0502891271390749,0.8652201238781576,0.0038213997648707,102.95630140987,1286.0,81.0,81.0,393.6231011174998
wf_P301LandS320F_39,435.3815307617188,521.434814453125,435.3815307617188,453.9515380859375,476.9555969238281,1.6413330896381289,1.1463748639740308,1.012822885831772,0.0039272168746285,132.3782459469833,1025.0,42.0,53.0,697.57422860527
wf_P301LandS320F_4,573.494873046875,686.0756225585938,573.494873046875,600.1949462890625,620.8060302734375,1.4915912666749127,1.0864594397084328,0.9043935299535696,0.0046382545154838,178.5721142843977,808.0,10.0,0.0,864.6966808078248
wf_P301LandS320F_40,320.4110717773437,340.1794128417969,320.4110717773437,358.3343200683594,343.6614685058594,1.2762770556189422,1.088568590234074,0.846520245246786,0.0043355614156445,46.0,1745.0,37.0,0.0,416.3006094286865
wf_P301LandS320F_42,1666.7650146484375,2312.491455078125,1666.7650146484375,1958.9390869140625,1765.12841796875,1.5797343205897667,1.085130889608719,0.8511683995542165,0.0,42.7551166528639,323.0,2.0,0.0,2776.2928404770187
wf_P301LandS320F_43,996.3729248046876,1154.7957763671875,996.3729248046876,1007.4054565429688,1087.89990234375,1.5420676201196113,1.1506276365809902,1.0343499490671784,0.0043191176188182,100.4987562112089,725.0,8.0,0.0,1545.3696980325976
wf_P301LandS320F_45,4168.8203125,5477.58740234375,4168.8203125,4369.9404296875,4401.47314453125,1.557119338481211,1.0900422875150246,0.9669126330492211,0.0,54.3323108288245,600.0,2.0,0.0,6733.095411646265
wf_P301LandS320F_46,4566.439453125,6748.033203125,4566.439453125,4709.17041015625,5749.98876953125,0.0,1.305222010786627,1.1715450075248026,0.0045548940837787,58.137767414994535,415.0,2.0,0.0,7980.854346280855
wf_P301LandS320F_47,313.220947265625,390.5345153808594,313.220947265625,325.79803466796875,357.9931640625,1.452516498962399,1.1537250389942135,0.9681029956447892,0.0035184494835378,132.74034804836094,1179.0,44.0,0.0,464.3976964117909
wf_P301LandS320F_48,7446.47119140625,9473.5078125,7446.47119140625,7854.564453125,4916.97265625,1.792276133304705,0.7147041583825762,0.7175060931836632,0.0,462.2769732530488,128.0,8.0,98.0,12386.8935987745
wf_P301LandS320F_49,771.002197265625,990.4900512695312,771.002197265625,902.7753295898438,835.341552734375,1.4830517101585785,1.0986034784255987,0.8516102287041106,0.0050315095443763,32.0624390837628,883.0,11.0,0.0,1196.4152707689166
wf_P301LandS320F_5,8220.0625,11049.150390625,8220.0625,8756.7626953125,7969.7041015625,1.7125096348376696,1.092775702167906,0.8718643342727306,0.0073721276941592,96.54014708917737,221.0,1.0,0.0,13278.608604960387
wf_P301LandS320F_50,510.8663024902344,625.1425170898438,510.8663024902344,574.688232421875,540.1064453125,1.37702326780056,1.0689768445759338,0.8111248291990332,0.0,45.60701700396552,869.0,13.0,0.0,766.2274495120523
wf_P301LandS320F_51,8084.44482421875,10581.171875,8084.44482421875,8695.7763671875,9316.8427734375,1.7017294106795535,1.1929379717001845,1.0613559720487478,0.0041757436159342,66.48308055437865,606.0,4.0,101.0,12843.418115260958
wf_P301LandS320F_52,9792.455078125,14804.83984375,9792.455078125,9992.599609375,10908.2333984375,1.8430001297521823,1.1805726945777082,0.9913063071425644,0.0075813148044228,48.08326112068523,262.0,0.0,0.0,0.0
wf_P301LandS320F_53,481.0738525390625,633.1783447265625,481.0738525390625,540.6531372070312,557.4647216796875,1.6646171450786345,1.1485561755446485,0.9019432503914224,0.0043648053797223,136.85028315644803,738.0,24.0,0.0,817.4640588382276
wf_P301LandS320F_54,997.8365478515624,1477.43017578125,997.8365478515624,1048.421142578125,1036.634765625,0.0,1.2506926300512624,0.9618815760771448,0.0038313847085646,217.00691233230336,365.0,7.0,0.0,1803.7440489649
wf_P301LandS320F_55,291.24127197265625,364.4770812988281,291.24127197265625,305.8141174316406,319.51055908203125,1.412486373444669,1.1194971096900288,0.9216446024352204,0.0039847125374546,42.37924020083418,917.0,15.0,55.0,438.3896874136808
wf_P301LandS320F_56,2234.853271484375,2189.6298828125,2234.853271484375,2509.968505859375,2257.935302734375,0.0,1.07475596077675,0.852497590745222,0.0044091014519626,126.77539193392384,529.0,6.0,0.0,3583.648281053415
wf_P301LandS320F_57,1999.552001953125,1770.79931640625,1999.552001953125,2295.53076171875,2187.7451171875,1.5870812554750628,1.119187342373952,0.9116537210212652,0.0055739640545734,47.70744176750625,663.0,9.0,0.0,2997.1763062513746
wf_P301LandS320F_58,3585.169677734375,3409.895263671875,3585.169677734375,3952.082763671875,3684.99951171875,1.5969122893067995,1.0646378190289514,0.8715632292673517,0.0071192745721696,39.59797974644666,392.0,0.0,0.0,5770.085094766338
wf_P301LandS320F_6,507.394775390625,644.6068115234375,507.394775390625,586.1672973632812,537.7902221679688,1.4858516128635395,1.0788373272224463,0.822892625230655,0.0073077086951782,48.66210024238576,327.0,12.0,0.0,807.9691856008359
wf_P301LandS320F_60,10887.1318359375,13916.3173828125,10887.1318359375,11441.572265625,9798.17578125,1.6448449213403444,0.8944902790278804,0.8124350585679334,0.0,324.530430006186,54.0,0.0,0.0,17195.124994626523
wf_P301LandS320F_61,3705.82568359375,5198.49951171875,3430.41845703125,3593.89794921875,3927.6962890625,1.5242532747681767,1.2492693399448345,1.1082366773067955,0.004985693279819,156.0,739.0,3.0,61.0,6234.188160294089
wf_P301LandS320F_62,7795.7197265625,9877.1015625,7795.7197265625,8987.4833984375,8564.2705078125,0.0,1.150800650946679,0.8583278344083748,0.0057514273528135,34.058772731852805,128.0,2.0,0.0,13054.27916264051
wf_P301LandS320F_7,1014.5545043945312,1203.7542724609375,1014.5545043945312,1088.4429931640625,1081.875244140625,1.6877333898118478,1.0929251691323527,0.8786474469038574,0.0048888669719825,128.57682528356344,700.0,20.0,0.0,1661.464009006199
wf_P301LandS320F_8,1031.1251220703125,1409.5540771484375,1031.1251220703125,1056.95068359375,1214.6630859375,1.7867983997749135,1.2173778855915287,1.0644771952719714,0.0039460706100389,126.31706139710502,1008.0,22.0,59.0,1727.4469080771648
wf_P301LandS320F_9,176.63560485839844,195.99403381347656,176.63560485839844,182.37484741210935,191.0969390869141,1.2043946696264614,1.0868151158106245,0.8911417138379552,0.00397357245488,47.53945729601885,1016.0,35.0,0.0,222.1009384751405
wf_P301SandS320F_1,3451.99560546875,4752.6533203125,3451.99560546875,4126.431640625,3422.739501953125,0.0,1.0512903187904177,0.871648741707127,0.0061061123331981,58.0,584.0,3.0,0.0,5315.795233028594
wf_P301SandS320F_10,192.5909881591797,225.6682891845703,192.5909881591797,194.245361328125,194.92794799804688,1.3083760747521291,1.0870725783709438,0.8998700668193251,0.0,463.05075315779374,276.0,2.0,0.0,256.44737036130186
wf_P301SandS320F_11,2556.46826171875,2860.511474609375,2556.46826171875,2804.579345703125,2455.36181640625,1.4684963181620234,1.028139024647564,0.9144859857329805,0.006376975399075,70.0,756.0,10.0,0.0,3777.359352185049
wf_P301SandS320F_12,418.55120849609375,515.0346069335938,418.55120849609375,447.8015747070313,352.7734375,0.0,0.9792377532068792,0.6852638352788081,0.0035333140953991,294.462221685567,333.0,7.0,0.0,654.5337555604325
wf_P301SandS320F_13,4294.7958984375,4814.82373046875,4294.7958984375,4444.2333984375,2267.6904296875,1.54343609440731,0.5855228586727542,0.5905729244382485,0.0,306.0,32.0,4.0,0.0,6299.8377752550805
wf_P301SandS320F_14,3334.7939453125,4848.07666015625,3334.7939453125,3351.686279296875,3473.32568359375,1.6826752606925692,1.111647098577591,0.9475926997710143,0.0,31.11269837220809,278.0,0.0,0.0,0.0
wf_P301SandS320F_15,5285.9365234375,7139.66748046875,5285.9365234375,5410.55419921875,5137.07763671875,1.7235303930850647,1.050845967121491,0.8955634152461821,0.0058442196102016,142.68847185389575,442.0,5.0,0.0,8880.47224106963
wf_P301SandS320F_16,1553.069091796875,2285.185791015625,1553.069091796875,1744.0654296875,1675.157470703125,0.0,1.2828703906669574,1.0870737854434929,0.0033949281023281,145.38225476308995,631.0,2.0,0.0,3010.563342033064
wf_P301SandS320F_17,5015.29443359375,5796.26416015625,5015.29443359375,5358.42578125,8635.318359375,1.7049878760257458,1.0857049281750526,0.9307581832899336,0.005810288629034,48.373546489791295,764.0,1.0,0.0,8320.968773894001
wf_P301SandS320F_18,3047.578857421875,4009.311767578125,3047.578857421875,3408.424072265625,3301.607421875,0.0,1.1072183405031233,0.9415744401852983,0.0058621102077689,57.723478758647246,755.0,1.0,0.0,4757.448400704682
wf_P301SandS320F_19,2741.2919921875,3414.1533203125,2741.2919921875,2869.373779296875,3327.835693359375,1.6004753989490452,1.1949709003929572,1.0337751394496513,0.00647354542056,73.7563556583431,544.0,2.0,123.0,4221.714675974919
wf_P301SandS320F_2,4226.5478515625,5072.91015625,4226.5478515625,4321.7099609375,4589.798828125,1.5324431701055703,1.114762759110437,0.974454690778064,0.0,67.23094525588644,493.0,4.0,90.0,6420.640376907305
wf_P301SandS320F_20,2602.090087890625,3383.085205078125,2602.090087890625,2699.3994140625,2442.824462890625,1.637172402388531,1.0170536924670537,0.8498058569014142,0.0049551886906601,110.07270324653612,329.0,4.0,0.0,3995.148078577653
wf_P301SandS320F_21,5486.79345703125,7752.3544921875,5486.79345703125,5717.95458984375,3768.291259765625,0.0,0.7150649735729389,0.6914377407937754,0.0,420.04285495649134,72.0,0.0,0.0,8965.167921157787
wf_P301SandS320F_22,646.3408813476562,852.6470336914062,646.3408813476562,709.0995483398438,672.3214721679688,0.0,1.1159191395122887,0.9123040188735148,0.0075137304479651,43.08131845707603,577.0,0.0,0.0,1022.6875298783984
wf_P301SandS320F_23,4729.005859375,6245.14501953125,4729.005859375,4925.60595703125,5065.1796875,1.7438166771483044,1.089398104531262,0.8973927307432302,0.0054525754967271,54.0,557.0,0.0,0.0,8092.664165179055
wf_P301SandS320F_24,6005.55517578125,7891.673828125,6005.55517578125,6057.55859375,6464.56103515625,1.5958964485908282,1.146762230312683,0.946167692934489,0.0052496644412219,157.54364474646383,272.0,9.0,65.0,8967.372638723706
wf_P301SandS320F_25,4563.09619140625,5764.85107421875,4563.09619140625,4635.498046875,4872.53271484375,1.4923167093120453,1.0839318834704712,0.9688800262153796,0.0043288677025247,57.584720195551874,1292.0,11.0,81.0,6914.603982980402
wf_P301SandS320F_26,172.5163116455078,207.0202178955078,172.5163116455078,184.85873413085935,155.43563842773438,1.3356907060596028,0.978602301423308,0.542074372526892,0.0037604149062673,311.1784054204276,588.0,17.0,0.0,231.5516311333801
wf_P301SandS320F_27,7331.7412109375,8860.2060546875,7331.7412109375,7483.59228515625,7532.537109375,1.4284087478186167,1.0692590663201582,0.9211404888076768,0.0047687325858042,68.0294054067798,425.0,4.0,0.0,10410.679653228975
wf_P301SandS320F_28,5277.583984375,7567.43359375,5277.583984375,5867.88525390625,4362.0966796875,1.835509363065398,0.8633731699095784,0.6789926655109262,0.0046694037276051,275.13632984395207,430.0,7.0,0.0,8610.979252684649
wf_P301SandS320F_29,2229.22802734375,2779.3125,2229.22802734375,2362.4833984375,2265.343017578125,1.7029120688759125,1.0932610499793365,0.930684025629515,0.0040063762518908,110.07270324653612,927.0,3.0,0.0,3645.722981459917
wf_P301SandS320F_3,5038.65234375,5582.25146484375,5038.65234375,5317.23046875,8026.75830078125,1.543332426814059,1.0387093523095607,0.9311972999010154,0.0051028788692217,158.40454538932903,408.0,1.0,0.0,8307.487833638188
wf_P301SandS320F_34,4808.552734375,6195.89111328125,4808.552734375,4363.5654296875,5175.251953125,1.450769523961204,1.1016220081464383,1.0127347152909836,0.0052911578215207,29.73213749463701,583.0,5.0,0.0,6765.072530007774
wf_P301SandS320F_35,13338.564453125,17654.072265625,13338.564453125,13545.1201171875,8488.314453125,1.616467728930753,0.6815416412549827,0.6092777443263497,0.0,284.7174037532655,13.0,2.0,0.0,21087.45875563111
wf_P301SandS320F_36,249.0747985839844,337.6623229980469,249.0747985839844,261.17938232421875,219.5985107421875,0.0,1.0337475738351098,0.7144873837724232,0.0036716501318288,336.68976818430343,402.0,5.0,0.0,384.8333281829314
wf_P301SandS320F_37,1776.95166015625,2198.126708984375,1776.95166015625,1861.6578369140625,2167.9541015625,1.8663367351973,1.2159117794324128,1.1083962170573536,0.0041059047717814,184.0108692441835,636.0,1.0,0.0,3042.0908197593926
wf_P301SandS320F_38,2234.092529296875,3170.0478515625,2234.092529296875,2310.2041015625,2667.541259765625,1.7543508052758705,1.2308512997053478,1.0637029498467898,0.003860326424277,48.08326112068523,588.0,3.0,0.0,3819.532043945113
wf_P301SandS320F_39,268.8597412109375,352.6781311035156,268.8597412109375,283.5691223144531,294.29376220703125,1.6445211866141043,1.1985099652266893,0.9927615340955872,0.0038334448445511,156.5247584249853,845.0,6.0,0.0,429.4567000884471
wf_P301SandS320F_4,2755.3408203125,2374.66552734375,2755.3408203125,3077.05859375,2845.55908203125,1.5609720782521228,1.0770257443866906,0.9365298542141692,0.0065470971401934,46.8187996428785,615.0,1.0,0.0,4187.096909382082
wf_P301SandS320F_40,219.5380401611328,248.6536407470703,219.5380401611328,274.21240234375,226.7248077392578,1.2210257802987603,1.072098595656022,0.6528533851467213,0.0063319193551944,11.31370849898476,1074.0,5.0,0.0,271.88405793161104
wf_P301SandS320F_41,239.71270751953125,320.8627319335937,239.71270751953125,249.0294342041016,210.1532440185547,1.58451769206912,1.034755794615611,0.7127284323141703,0.0,436.0963196359263,331.0,6.0,0.0,376.827592455908
wf_P301SandS320F_42,2935.220458984375,4234.865234375,2935.220458984375,3114.08251953125,2850.314453125,1.7495605408285264,1.0569061113961782,0.7474172036243109,0.0,64.03124237432849,197.0,1.0,0.0,4678.346556176969
wf_P301SandS320F_43,9700.884765625,15729.97265625,9700.884765625,10159.6953125,7114.64501953125,2.0731385631836443,0.8087656812061599,0.6112128825614866,0.0,325.55798254688824,70.0,6.0,0.0,16541.60300612853
wf_P301SandS320F_46,6736.5537109375,7263.03515625,6736.5537109375,6938.392578125,7122.31494140625,1.577675656334433,1.1535790842591656,0.97320492469543,0.0043159979854075,258.1549922042957,191.0,7.0,0.0,10081.3838319087
wf_P301SandS320F_47,6364.1279296875,7132.333984375,6364.1279296875,6568.515625,6884.2177734375,1.6021887572507785,1.1419386800418525,0.983179584641926,0.0049998964622618,36.76955262170047,573.0,1.0,0.0,10983.121865134992
wf_P301SandS320F_48,2720.53271484375,3420.205078125,2720.53271484375,2786.253662109375,2684.41845703125,1.4965153120239107,0.9713710532084846,0.8635753545704281,0.0,389.6665240946417,74.0,7.0,0.0,4020.8939114017594
wf_P301SandS320F_49,5251.072265625,7098.5439453125,5251.072265625,5534.7890625,5291.56982421875,1.652940430301857,1.10219852790273,0.907595982488932,0.0054355370001444,71.55417527999327,506.0,0.0,0.0,0.0
wf_P301SandS320F_5,2741.759521484375,3483.853515625,2741.759521484375,2843.286865234375,2865.1396484375,1.528329680870198,1.098290803395065,1.0015891766727003,0.0044041928440547,137.0109484676316,425.0,8.0,0.0,4069.543949376809
wf_P301SandS320F_50,486.8919982910156,632.91650390625,486.8919982910156,505.5592956542969,480.8907775878906,1.5043607303540114,1.0303831331896598,0.913866839240058,0.0055052786966483,92.5418824100742,512.0,4.0,0.0,715.3581888070595
wf_P301SandS320F_6,685.1849365234375,852.7378540039062,685.1849365234375,771.989501953125,723.0051879882812,0.0,1.0612627571203568,0.9166882894744968,0.0042260463093843,34.92849839314596,1124.0,27.0,0.0,993.3013316899354
wf_P301SandS320F_7,744.7395629882812,940.9739990234376,744.7395629882812,798.0238037109375,789.5711669921875,1.5374381935629355,1.0871560644161553,0.9160834695830172,0.0041265751952296,72.47068372797375,781.0,20.0,0.0,1124.2913836362518
wf_P301SandS320F_8,776.8143920898438,1046.7041015625,776.8143920898438,844.0469970703125,751.9218139648438,0.0,1.0090495042544816,0.8414389955564203,0.0060401721192914,116.619037896906,384.0,7.0,0.0,1250.6693926181945
wf_P301SandS320F_9,6077.14501953125,8463.9404296875,6077.14501953125,6091.6708984375,6801.15771484375,1.78563745686121,1.1791321110317072,1.0211318437382615,0.0049757028604266,163.67040050051813,257.0,5.0,50.0,9819.521738966228
wf_S305I_1,3971.5556640625,5493.96435546875,3971.5556640625,4118.09765625,4265.7275390625,1.820647259283468,1.096897542654705,0.9948035423118076,0.0037290774089906,343.6335257218073,454.0,7.0,103.0,6784.504901701902
wf_S305I_10,2630.8564453125,4004.638916015625,2630.8564453125,2764.878173828125,1598.611083984375,2.1402766651651004,0.6805769921024526,0.6378087763003466,0.0,330.8232156303424,77.0,4.0,0.0,4963.349086311428
wf_S305I_11,2546.34765625,3372.351318359375,2546.34765625,2646.46337890625,2492.47802734375,1.7730984814593047,1.0568070075817764,0.9589269239815854,0.0037835591885741,174.91712323268982,464.0,2.0,0.0,4310.703757158897
wf_S305I_12,1825.9176025390625,2808.67919921875,1825.9176025390625,2028.0111083984373,1992.6190185546875,0.0,1.176946763369765,1.001985046675688,0.004995513014824,174.1034175425629,413.0,4.0,0.0,3467.4999609624288
wf_S305I_13,1710.293212890625,2673.44921875,1710.293212890625,1802.2056884765625,1294.1832275390625,2.10119166156012,0.9427525576428374,0.7800671747893716,0.0,349.72560672618755,131.0,5.0,0.0,3194.9055548650854
wf_S305I_14,10971.150390625,13722.8017578125,10971.150390625,11084.00390625,17513.31640625,1.4651542765604215,1.1242686563062043,1.002299127978639,0.0079452307977787,31.240998703626616,433.0,4.0,0.0,15494.82993731764
wf_S305I_15,2498.999267578125,3494.74658203125,2498.999267578125,2669.69384765625,2658.608642578125,1.6515183881278013,1.1225927253452352,0.9527595487463932,0.0049060156204146,47.70744176750625,936.0,7.0,0.0,4182.14653679811
wf_S305I_16,1352.041015625,2011.9427490234373,1352.041015625,1436.098388671875,1173.4755859375,0.0,0.9642027930791314,0.7902394179053476,0.0038206945789404,257.75181861628056,363.0,9.0,71.0,2383.8246130576613
wf_S305I_17,2111.417236328125,2947.167236328125,2111.417236328125,2184.583251953125,2027.1295166015625,1.8315961641138172,1.114787245907676,0.9153665127738146,0.0041421770075413,122.40914998479484,1063.0,2.0,0.0,3561.333275198156
wf_S305I_18,1205.1058349609375,1672.213134765625,1205.1058349609375,1283.69580078125,1000.4013061523438,1.849014259913937,0.9017489164224172,0.6975723041744374,0.0046174726150315,323.2150986572255,267.0,6.0,0.0,2117.782761398035
wf_S305I_19,5155.0732421875,7752.98974609375,5155.0732421875,5394.498046875,3437.106689453125,1.88587173288908,0.712450379299197,0.4481364332266421,0.0,426.1689805699143,114.0,5.0,0.0,8689.075867905349
wf_S305I_2,707.8982543945312,900.95751953125,707.8982543945312,739.8316650390625,692.8569946289062,0.0,1.09170496639964,0.9399107887104086,0.0,366.6606060105176,195.0,15.0,0.0,1166.0738988128735
wf_S305I_20,3467.361572265625,5381.21044921875,3467.361572265625,3716.589599609375,2090.5888671875,0.0,0.7902945808874674,0.6174142872499514,0.0,472.8509278831966,248.0,4.0,0.0,6599.3312765684495
wf_S305I_21,3150.109619140625,4054.93505859375,3150.109619140625,3233.1962890625,3330.304931640625,1.5113306339907615,1.0726803824454634,0.9462701197007888,0.0047363482036079,190.0421005987884,732.0,7.0,0.0,4653.810218688906
wf_S305I_22,343.44677734375,477.0992126464844,343.44677734375,364.53814697265625,380.6142272949219,1.7987641431279644,1.2268767086803467,1.0686542252627236,0.0035528322960254,270.83574357901875,509.0,3.0,0.0,605.8348712890289
wf_S305I_23,9384.455078125,13452.1728515625,7748.2568359375,9994.1474609375,6488.77294921875,1.760885610583403,0.84647687263218,0.5916278051368503,0.0,287.1793864468688,109.0,6.0,0.0,15801.671590074922
wf_S305I_24,5081.5732421875,7455.47705078125,5081.5732421875,5242.74267578125,3839.121826171875,0.0,0.9706819273278204,0.799382309546299,0.0,318.3520064331305,153.0,6.0,0.0,8449.421575137436
wf_S305I_25,780.9193725585938,1172.25,780.9193725585938,807.0119018554688,780.8175659179688,2.160309343808103,1.0872337144416404,0.9254703727470592,0.0,390.41516363993856,135.0,1.0,0.0,1452.296304800654
wf_S305I_27,2643.40087890625,4299.66162109375,2643.40087890625,2680.284912109375,1564.9766845703125,0.0,0.5453266582722918,0.4275995077576184,0.0,524.9152312516756,37.0,5.0,0.0,4759.16120292443
wf_S305I_28,20555.11328125,25801.234375,20555.11328125,22454.697265625,10562.6513671875,0.0,0.5899427396883055,0.4765874064516506,0.0,336.31532822635364,69.0,5.0,0.0,31905.27710019435
wf_S305I_29,2637.822509765625,3327.60546875,2637.822509765625,2710.947021484375,2908.27001953125,1.514495498609412,1.1220281769042832,0.9994032299412056,0.0044671660615422,31.11269837220809,857.0,8.0,0.0,3951.774410946653
wf_S305I_3,1931.67822265625,2501.4267578125,1931.67822265625,1940.2862548828125,1998.1280517578125,1.262775825925164,1.1095742069674772,0.9221357838033558,0.0042483268242865,63.81222453417527,1324.0,0.0,0.0,0.0
wf_S305I_30,1136.8106689453125,1599.099609375,1136.8106689453125,1164.330810546875,1453.8704833984375,1.797458866808305,1.2792282797466237,1.1292743669408292,0.0036061216572101,72.71863585079137,627.0,6.0,0.0,1911.749073366235
wf_S305I_31,273.451416015625,384.6565856933594,273.451416015625,289.9848937988281,309.4493103027344,1.6870072961343088,1.2344713259677285,1.0098729245556206,0.0033994572464562,157.175061635108,964.0,4.0,0.0,451.1473712647024
wf_S305I_32,2500.61962890625,3903.81298828125,2500.61962890625,2607.39794921875,2437.883544921875,2.20341534867565,1.1987961382179786,0.8930666866218759,0.0,373.9358233708025,277.0,4.0,0.0,4890.882687688922
wf_S305I_34,4398.458984375,5847.5869140625,4398.458984375,4660.01220703125,1938.32958984375,1.6735195554337772,0.5254563587821328,0.4507721469979244,0.0,325.92637205356675,58.0,4.0,0.0,6839.75821946257
wf_S305I_36,212.96649169921875,305.072509765625,212.96649169921875,228.6659240722656,177.77371215820312,0.0,0.9445325246322046,0.5531560656077534,0.0032516089841536,344.0058139043583,478.0,4.0,0.0,330.7671270048018
wf_S305I_37,609.8966674804688,903.074951171875,609.8966674804688,669.45703125,754.8389282226562,0.0,1.1739767648636183,0.9861529898575692,0.0040196397252077,129.6919426949878,551.0,2.0,0.0,1137.8682885174237
wf_S305I_38,4020.133056640625,5772.00341796875,4020.133056640625,4259.2421875,3763.714111328125,1.7342236138153009,1.0438024190351267,0.8861183508410723,0.0,279.55679208346913,159.0,1.0,0.0,6420.000104940277
wf_S305I_39,1895.033935546875,2383.95361328125,1895.033935546875,2445.1845703125,1877.5616455078125,1.6773181861028374,1.0424826711517268,0.7572987139963153,0.0059493301315372,62.0966987850401,446.0,3.0,0.0,3379.478600889708
wf_S305I_4,7696.5224609375,8940.4951171875,7696.5224609375,7571.62451171875,8291.298828125,0.0,1.1061748032242993,1.069849123808796,0.0071999096755176,26.0,682.0,3.0,0.0,11425.465068200472
wf_S305I_40,2798.75244140625,3075.2783203125,2798.75244140625,2905.087646484375,2976.170166015625,1.6746707731385664,1.135269620859732,1.041260693116895,0.0044231334583241,118.15244390193544,301.0,0.0,0.0,4378.285638276557
wf_S305I_41,10062.9853515625,14944.345703125,10062.9853515625,10591.2373046875,11016.2646484375,1.852114395005968,1.15130675470993,1.0239049070902806,0.0043142044059285,110.21796586763884,535.0,0.0,0.0,17399.438877234894
wf_S305I_42,4055.57421875,6120.8955078125,4055.57421875,5394.3974609375,4348.62939453125,1.3788564052514227,1.0873663707428305,0.8892100090539673,0.0218576662322495,14.560219778561036,714.0,6.0,0.0,5774.818987628464
wf_S305I_43,362.982666015625,493.8391418457031,362.982666015625,385.6468200683594,402.6528930664063,1.7142241463615695,1.202870874348157,0.966100324212512,0.0037815340449035,124.78781991845196,663.0,9.0,0.0,590.4563489407154
wf_S305I_44,2207.6357421875,2486.604248046875,2207.6357421875,2388.7392578125,1827.4791259765625,2.089120534615017,1.0595764920975848,0.8719433221794227,0.0034791427023091,324.7214190656354,305.0,1.0,0.0,4241.861816344595
wf_S305I_45,1941.386474609375,2099.263427734375,1941.386474609375,1955.1824951171875,2079.30078125,1.6392805311409588,1.1490398732624083,1.094499462693747,0.0051031636076881,213.7755832643195,257.0,1.0,0.0,3089.755802508292
wf_S305I_46,1324.05224609375,1781.571533203125,1242.023193359375,1500.972900390625,1395.84765625,1.4466320622159217,1.1719880597319567,0.9190836676417672,0.0061693541696631,31.304951684997057,370.0,4.0,0.0,2224.4033946118147
wf_S305I_47,544.9692993164062,716.4437255859375,544.9692993164062,579.9227905273438,595.1096801757812,1.564666950903347,1.121778492151412,0.9756974713943096,0.004341731440494,75.28612089887484,962.0,6.0,0.0,848.3389437544907
wf_S305I_48,583.2302856445312,722.5569458007812,583.2302856445312,617.7769165039062,614.257080078125,1.43452518463774,1.0816805144836144,0.94570981082959,0.003796467610336,84.40379138403677,985.0,3.0,0.0,889.1736748478354
wf_S305I_49,4412.29150390625,7336.23583984375,4412.29150390625,4834.8095703125,3371.139892578125,2.4389111399056427,0.8963163096500824,0.7442475808585273,0.0043805760560394,344.81879299133334,275.0,3.0,0.0,9377.435985530788
wf_S305I_5,1019.9722290039062,1492.0654296875,1019.9722290039062,1014.0237426757812,1197.0743408203125,1.7311205629127444,1.2338681335328705,1.0460478053204472,0.003849445629886,216.0092590608097,670.0,8.0,0.0,1717.6912906185169
wf_S305I_50,590.072021484375,762.5518188476562,590.072021484375,646.4708862304688,588.5841064453125,0.0,1.077896385279641,0.8334372527391309,0.0040558353126169,244.6630335788388,640.0,10.0,0.0,932.6942102976868
wf_S305I_51,2767.93212890625,3487.264404296875,2767.93212890625,2930.232421875,2949.515869140625,0.0,1.1297713330558217,0.963957349805507,0.0042171635594183,127.26350615946428,534.0,4.0,0.0,4653.420065096089
wf_S305I_52,6151.02880859375,9022.1552734375,6151.02880859375,6596.10693359375,7199.04296875,1.7784167033418654,1.2038010187395882,1.0170917938578174,0.0048733466335853,116.0,516.0,1.0,0.0,10370.0812150956
wf_S305I_53,6488.2119140625,9023.615234375,5594.7099609375,7603.806640625,6384.39501953125,1.620891033744582,1.237829035273333,0.8774058203275954,0.005081421888238,71.69379331573968,447.0,0.0,0.0,10415.666957468611
wf_S305I_54,5654.2060546875,8517.083984375,4791.0947265625,5991.4736328125,6076.88525390625,1.7828360014036186,1.4040697656613543,1.0286562222275235,0.0049434481524846,92.7793080379456,515.0,0.0,0.0,9893.477737689662
wf_S305I_55,505.5982971191406,714.4486083984375,505.5982971191406,536.21337890625,506.51025390625,1.6952622151564396,1.1458081798143611,0.9446440794292896,0.0039129031914636,75.39230729988306,842.0,4.0,0.0,813.9026977099114
wf_S305I_56,481.4137573242188,661.2471923828125,481.4137573242188,524.7073974609375,439.6888732910156,1.707258135870789,1.039792668945168,0.7834024547196244,0.004294802290564,140.05713120009278,474.0,8.0,0.0,788.9189129124705
wf_S305I_57,449.54400634765625,713.048828125,449.54400634765625,465.0333251953125,529.673828125,0.0,1.2961961373059685,1.1725828260322615,0.003219559291027,169.0562036720333,977.0,4.0,0.0,799.9507149146436
wf_S305I_58,426.6358337402344,452.384033203125,426.6358337402344,441.3150024414063,447.2915954589844,1.3101766221597426,1.0622327477077027,0.9488082646230158,0.0053324307803262,59.0592922409336,575.0,1.0,0.0,582.0735113746491
wf_S305I_6,5696.94287109375,7525.4375,5696.94287109375,6051.4111328125,2966.22314453125,1.6324154500058898,0.6013714866764122,0.5700851924265137,0.0,304.92622058458664,62.0,4.0,0.0,8769.48744655995
wf_S305I_60,2893.81494140625,3581.2236328125,2893.81494140625,3153.293212890625,3603.02685546875,0.0,1.4056785813849704,1.139421307763927,0.0040257065289299,95.01578816175764,574.0,0.0,0.0,0.0
wf_S305I_61,2197.249755859375,2547.8056640625,2197.249755859375,2787.48046875,2434.5830078125,1.4636866048084225,1.1279668130885163,0.8334616463367007,0.0086358474286014,21.54065922853801,751.0,4.0,0.0,3336.12854801822
wf_S305I_62,1147.532470703125,1434.6170654296875,1147.532470703125,1252.8724365234375,1123.396240234375,1.491989825919147,1.0602792208818836,0.8051130899102097,0.0,39.395431207184416,356.0,7.0,0.0,1719.2693795936898
wf_S305I_63,556.626220703125,825.3023681640625,556.626220703125,601.0517578125,583.79833984375,1.15260235828951,1.088554045896544,0.8931987235629796,0.006799005702263,56.0357029044876,608.0,0.0,0.0,0.0
wf_S305I_64,10446.970703125,13497.900390625,10446.970703125,10700.869140625,12001.4951171875,1.5610193724864774,1.1307996355840686,0.8874694689062054,0.0,111.42710621747295,176.0,3.0,0.0,16448.28452755446
wf_S305I_65,12150.6767578125,18595.56640625,12150.6767578125,12602.5205078125,14727.71875,1.968351835122348,1.2354815145397515,0.9895376364978488,0.0048590848245408,68.73136110975832,337.0,0.0,0.0,0.0
wf_S305I_66,3296.26171875,4218.28173828125,3296.26171875,3863.1806640625,3388.369873046875,1.501839560195492,1.0688300430260889,0.8592456875606135,0.0059007472197289,78.91767862779544,535.0,3.0,0.0,5082.916704860889
wf_S305I_67,3023.044921875,4080.032958984375,3023.044921875,3481.7255859375,3312.1845703125,1.7076908715897974,1.1660285024050474,0.9099432093566816,0.0053711776641673,52.03844732503075,632.0,2.0,0.0,4942.729698491928
wf_S305I_68,1677.3311767578125,1558.182373046875,1677.3311767578125,1726.0206298828125,1751.0380859375,1.3976696080695998,1.0711937684028874,0.9172649159641666,0.0,72.24956747275377,419.0,2.0,0.0,2460.5333219358536
wf_S305I_69,20774.017578125,35605.83984375,20774.017578125,24201.193359375,9507.203125,0.0,0.5302566297271771,0.5107141207807484,0.0052981725866828,308.4153044192197,99.0,4.0,0.0,38384.88896416778
wf_S305I_7,1696.742431640625,2208.316650390625,1696.742431640625,1817.17724609375,7854.5546875,1.6321008335727216,1.1267564929686824,0.8832921798941276,0.004672270689922,152.48606493709516,979.0,5.0,0.0,4379.031433514008
wf_S305I_70,516.0095825195312,729.4600219726562,439.9129333496094,554.0679931640625,591.7484741210938,1.6452462814113642,1.3240278383420725,1.0030997808560962,0.0043104961685199,73.43023900274328,686.0,1.0,0.0,861.2578353208978
wf_S305I_8,9742.44921875,12913.9580078125,9742.44921875,9173.390625,11002.6787109375,1.7788889114670652,1.1386173667335662,1.05589385632725,0.0084566224869507,42.04759208325728,470.0,2.0,0.0,16448.718727967575
wf_WT_1,1343.39990234375,1961.180419921875,1343.39990234375,1469.7532958984375,1205.463134765625,1.917111015062004,0.9571857020816824,0.9056080815580292,0.0070985633695529,213.56029593536343,198.0,7.0,0.0,2468.1022767485274
wf_WT_10,170.37440490722656,207.67616271972656,170.37440490722656,174.3927764892578,193.23033142089844,1.307328817226686,1.1443009577716807,1.0235296696797185,0.0035100076091312,42.190046219457976,1035.0,30.0,0.0,233.07032273363103
wf_WT_11,7847.71240234375,9759.5625,7847.71240234375,8282.9970703125,5606.5498046875,1.6618933319336626,0.5744607974736514,0.533142047202121,0.0,352.61877431583247,53.0,0.0,0.0,11680.656002209167
wf_WT_12,231.53561401367188,263.4141845703125,231.53561401367188,236.8722076416016,256.3999938964844,1.3644304057527767,1.1188615886329911,0.9678649029596086,0.0038419163375527,66.48308055437865,1057.0,30.0,0.0,317.44479739101206
wf_WT_13,1674.293701171875,2070.5205078125,1674.293701171875,1778.2315673828125,1607.74072265625,1.4189393289674204,0.9641667639938116,0.8105545583643543,0.0048530547044262,240.61587645041212,412.0,7.0,0.0,2493.571010180047
wf_WT_14,684.2235107421875,986.9495239257812,684.2235107421875,705.1286010742188,741.004150390625,1.8937025447414415,1.1254395281039848,0.8953617794884631,0.0045558165273092,222.5758297749331,821.0,19.0,0.0,1214.2579743582512
wf_WT_15,1010.233154296875,1406.593505859375,1010.233154296875,1197.68603515625,1128.0804443359375,1.7311064641066958,1.0829583256194586,0.8401132841617099,0.0,71.69379331573968,404.0,4.0,0.0,1802.0635172832383
wf_WT_16,2876.13525390625,3877.356689453125,2876.13525390625,3122.55859375,3034.186767578125,0.0,1.0948518120778696,0.947860447922862,0.0077471698235172,46.51881339845203,288.0,1.0,0.0,4767.388819747774
wf_WT_17,448.2984619140625,852.4981079101562,448.2984619140625,573.6724853515625,459.7786865234375,1.3734466261852454,1.0560094443245256,0.808483869109144,0.0067317174294207,20.591260281974,538.0,0.0,0.0,669.0500580988479
wf_WT_18,661.1135864257812,749.790771484375,661.1135864257812,720.0582885742188,560.5783081054688,1.6747009529912995,0.8860685110262001,0.7025816456506322,0.0056815130889202,326.0981447355995,238.0,18.0,0.0,1062.1374444055523
wf_WT_19,187.0955810546875,180.53390502929688,187.0955810546875,195.0969390869141,203.60548400878903,1.2220112916674208,1.0991122942322604,0.8672156764020753,0.0043047088751612,53.85164807134504,991.0,52.0,0.0,242.7525637586634
wf_WT_2,3578.8017578125,4731.55322265625,3578.8017578125,3865.88330078125,2523.780517578125,0.0,0.7932794779786129,0.6654924464574666,0.0,334.7177915797127,68.0,3.0,0.0,5856.484227226007
wf_WT_20,2480.709228515625,2789.430419921875,2480.709228515625,2656.854248046875,2623.32470703125,1.5917301180768786,1.125469331954914,0.9930752376602244,0.0070722841766088,90.44335243676012,528.0,0.0,0.0,4141.313986488337
wf_WT_21,512.5604248046875,751.2047119140625,512.5604248046875,538.3256225585938,622.9088745117188,1.4622123973033925,1.1738765794104964,0.9710857251372546,0.0046072305787236,42.80186911806539,1113.0,34.0,67.0,783.8149987904807
wf_WT_22,223.7073516845703,268.4762268066406,223.7073516845703,229.86216735839844,238.4220733642578,1.3720144810359214,1.108550336441047,0.845697207603947,0.0040594476557229,29.5296461204668,931.0,17.0,0.0,321.934188990974
wf_WT_23,559.9791259765625,530.1494140625,559.9791259765625,638.9995727539062,597.3040771484375,1.4361735770327384,1.083490377538583,0.8308332508191576,0.0047875311043917,86.02325267042627,690.0,24.0,0.0,879.3280118872523
wf_WT_24,274.1990966796875,309.4058837890625,274.1990966796875,279.479248046875,295.2092590332031,1.391764931976862,1.1145510339321398,0.8700715247017085,0.0035858296719681,80.22468448052632,1152.0,52.0,0.0,384.3224809846316
wf_WT_25,242.26670837402344,256.6246643066406,242.26670837402344,250.4765472412109,260.4201354980469,1.270989699335222,1.0841587784192737,0.8872620958901706,0.0046437886152013,38.0,798.0,35.0,0.0,313.1928281236212
wf_WT_26,6652.9794921875,9499.51171875,6652.9794921875,7551.74462890625,7165.04541015625,1.92892116029186,1.1488106465439425,0.9592693398003552,0.0053983773311241,64.40496875241847,329.0,1.0,86.0,12069.426756203244
wf_WT_27,183.77317810058597,191.1085357666016,183.77317810058597,188.93299865722656,203.84515380859372,1.2561789169343551,1.1133461736713892,0.918895456349473,0.0039834370377088,38.41874542459709,864.0,40.0,0.0,237.72222260673632
wf_WT_28,3261.7802734375,4550.26513671875,3261.7802734375,3446.837890625,3670.081787109375,1.810850599664464,1.1745738777945125,0.910905559944064,0.0062642447557492,104.86181383134664,437.0,3.0,0.0,5483.281848583451
wf_WT_29,155.6634979248047,168.8791046142578,155.6634979248047,161.4635772705078,167.60284423828125,0.0,1.079009167447465,0.8112246558597644,0.0044064430303863,26.0,859.0,31.0,0.0,187.76633195064863
wf_WT_3,532.5587768554688,650.974365234375,532.5587768554688,561.6376953125,617.98046875,1.4423511268444744,1.1362543998985308,0.9258291638030955,0.0064878882144041,74.0,319.0,27.0,50.0,765.4563702187152
wf_WT_30,162.73524475097656,170.49618530273438,162.73524475097656,165.75677490234375,177.91778564453125,1.183390823713997,1.0983872786400772,0.8812578752650424,0.0040812124929632,32.55764119219941,852.0,53.0,0.0,199.30110077131485
wf_WT_31,6704.23095703125,9151.2177734375,6704.23095703125,6917.84033203125,6161.45849609375,0.0,0.953479266422059,0.8400293222685677,0.0,347.3326935374786,20.0,0.0,0.0,10968.29393886056
wf_WT_32,464.0425720214844,610.744140625,464.0425720214844,474.9400939941406,539.7677001953125,1.5726884927383922,1.154103379440801,1.0126827996049463,0.0037546839896633,131.2097557348538,1002.0,64.0,50.0,715.8952144074019
wf_WT_33,381.309814453125,451.4067687988281,381.309814453125,401.7602233886719,446.7928771972656,1.492421108950672,1.145154608781982,0.974493262529946,0.0037275160137083,85.0881895447306,1024.0,51.0,0.0,568.805255083144
wf_WT_34,701.8438720703125,889.6793212890625,701.8438720703125,754.4348754882812,640.0347900390625,0.0,0.8951217539469348,0.7218441520933232,0.0056505197172669,403.0930413688631,237.0,20.0,0.0,1140.0211465524546
wf_WT_35,3771.18359375,4945.61181640625,3771.18359375,4005.720947265625,3620.6220703125,1.418649988353947,0.9793339292698569,0.8634072492879448,0.0041682146203949,219.24415613648637,973.0,17.0,0.0,5220.472203413044
wf_WT_36,466.8231201171875,546.11962890625,466.8231201171875,496.4066162109375,544.3126831054688,1.4347844801116147,1.1388222157767562,0.9739791565383802,0.0045180769776012,72.47068372797375,1067.0,23.0,0.0,683.4597117266196
wf_WT_37,5769.60888671875,7904.53466796875,5769.60888671875,5965.24951171875,6245.720703125,0.0,1.1437877570855788,1.0273103428590642,0.0055211699485678,79.64923100695951,347.0,4.0,0.0,9766.054517369292
wf_WT_38,26672.94140625,35299.48046875,26672.94140625,29290.34765625,21942.1796875,1.7943298306114164,0.8923248235677916,0.8504324150386997,0.006960014763235,168.23792675850473,177.0,3.0,0.0,43717.05294550868
wf_WT_39,3533.76416015625,4607.04443359375,3533.76416015625,3801.076904296875,3700.62548828125,0.0,1.1272852058147365,0.9633652276888648,0.0,51.419840528729765,643.0,6.0,0.0,5564.628962995525
wf_WT_4,224.6331024169922,331.45001220703125,210.0460357666016,233.7833404541016,240.05548095703125,1.4586251720139876,1.207558535265802,0.930263516438704,0.0036076691398675,90.62008607367352,586.0,3.0,0.0,352.56097781408613
wf_WT_40,137.64967346191406,148.49667358398438,137.64967346191406,140.68048095703125,147.08001708984375,1.125634151324559,1.0738789861861595,0.8023448571175685,0.0039349316627148,32.55764119219941,879.0,28.0,0.0,161.5386073385282
wf_WT_41,145.85902404785156,149.5287628173828,145.85902404785156,147.9401397705078,155.10049438476562,1.0937567116351228,1.0617660790125345,0.8294868137525657,0.0038893385419105,24.08318915758459,946.0,50.0,0.0,166.7743547284345
wf_WT_43,8113.4716796875,10607.4423828125,8113.4716796875,9103.4541015625,8716.44140625,0.0,1.1109059187932666,0.9800176675859964,0.0059713265330876,22.80350850198276,400.0,2.0,0.0,13088.54473071664
wf_WT_44,10646.2841796875,14107.142578125,10646.2841796875,11584.5283203125,9426.7890625,0.0,0.9303864180156086,0.8542182596771167,0.0062646073835912,328.87687665751145,97.0,1.0,123.0,17487.055387381937
wf_WT_45,2231.259033203125,3102.089599609375,2231.259033203125,2310.374267578125,2342.57861328125,1.672008767044957,1.1035719940247526,0.9504064886886296,0.0,23.323807579381203,299.0,2.0,0.0,3582.9664657562043
wf_WT_46,2030.91259765625,3021.339111328125,2030.91259765625,1950.8748779296875,2387.241943359375,2.036031048314452,1.3245947824441209,1.0433696851305785,0.0066372419196317,34.17601498127012,471.0,0.0,0.0,0.0
wf_WT_47,546.7195434570312,716.7301635742188,546.7195434570312,592.2523803710938,624.641845703125,1.574097629783071,1.14601617221014,0.9540737166282371,0.0047020884329567,71.69379331573968,457.0,9.0,0.0,1011.8979808618138
wf_WT_48,452.31048583984375,657.7896728515625,452.31048583984375,498.6667175292969,505.3148193359375,0.0,1.1304203879164247,0.942772606931275,0.0047852142772603,74.67261881037788,738.0,2.0,0.0,782.2060541409431
wf_WT_49,145.4571990966797,156.2295684814453,140.80813598632812,151.05531311035156,154.0852508544922,1.1134393115916963,1.0952700269551527,0.7608077656472282,0.0049527770021237,34.0,662.0,45.0,0.0,170.34788241694807
wf_WT_5,7769.0244140625,10626.828125,7769.0244140625,7646.93505859375,10244.6220703125,1.7526052071723677,1.2754698301695322,1.1465608500619695,0.0046474332823867,80.62257748298549,464.0,17.0,262.0,13039.447190155375
wf_WT_51,1756.1439208984375,2349.170654296875,1756.1439208984375,1763.45263671875,1957.279052734375,1.6915290394893614,1.170014508904609,1.013548966128491,0.0050350751059823,173.3666634621547,672.0,3.0,0.0,2943.706180911872
wf_WT_52,3051.140869140625,4307.31005859375,3051.140869140625,3245.1611328125,3343.17578125,1.922166976400824,1.155129120899296,0.9279329787781244,0.0043074218202616,80.0,850.0,2.0,0.0,5522.424208713973
wf_WT_53,1012.2154541015624,1647.9033203125,1012.2154541015624,1086.58740234375,682.2787475585938,2.0733985923080214,0.6953567921278798,0.5340751775321348,0.0,474.9947368129461,224.0,3.0,0.0,1927.5677861018744
wf_WT_54,15076.41015625,15957.60546875,15076.41015625,15424.009765625,9636.3486328125,0.0,0.6983697757330981,0.7324789840991264,0.0,303.6445290137795,15.0,2.0,0.0,21698.027387581948
wf_WT_55,1262.77880859375,1674.944091796875,1130.731201171875,1495.6121826171875,1417.49609375,1.5053522841168705,1.254765166593495,0.9084119110111608,0.0052618102839765,32.0,689.0,6.0,0.0,1987.3281230150208
wf_WT_56,9810.69921875,13615.4970703125,9810.69921875,10758.10546875,10171.9228515625,0.0,1.1542780143955738,1.0132730787291635,0.0057381402588132,31.304951684997057,132.0,1.0,0.0,16494.412981854235
wf_WT_57,1828.736083984375,2651.367431640625,1828.736083984375,1916.7491455078125,1900.279541015625,1.8824276743767456,1.1191086900244431,0.9004791247564073,0.0053147027616117,88.20430828479978,554.0,1.0,0.0,3130.96524259459
wf_WT_58,174.0286102294922,195.6873016357422,174.0286102294922,178.3745880126953,185.2471160888672,1.1955965169718912,1.084621414898072,0.846444125096759,0.0051927533919263,31.04834939252005,659.0,27.0,0.0,215.50862208027712
wf_WT_6,6755.02490234375,9601.1357421875,6755.02490234375,6972.3642578125,4466.74853515625,1.882219073214124,0.7548034807121334,0.7056937091412708,0.0,456.508488420533,76.0,5.0,0.0,12418.366408972524
wf_WT_60,7762.12451171875,12067.400390625,7762.12451171875,7813.6865234375,10385.96875,1.866907510245804,1.2992782020500433,1.1672793482142083,0.0038255869033543,64.77653896280658,702.0,3.0,0.0,13455.051513813649
wf_WT_61,13401.29296875,17012.9609375,13401.29296875,14314.41015625,13910.7841796875,1.6028872329706838,1.0906142160365262,0.9739389849010912,0.004307233855098,161.60445538412608,546.0,2.0,0.0,21164.34071942373
wf_WT_63,372.7786560058594,456.49700927734375,372.7786560058594,387.6849060058594,416.913330078125,1.3821645989774718,1.1299780249092486,0.9393895720496832,0.0038827476283171,69.77105417004964,1130.0,40.0,57.0,527.1615984332827
wf_WT_64,3582.731689453125,3884.4267578125,3582.731689453125,4026.57763671875,3513.52099609375,0.0,1.022664188685985,0.8931217183703336,0.005577607482395,18.43908891458577,370.0,0.0,0.0,5455.649998636088
wf_WT_66,306.40826416015625,331.18701171875,306.40826416015625,331.9839782714844,320.06500244140625,1.269322199090856,1.0622890394504665,0.8303468708990979,0.0041763959088183,109.17875251164944,660.0,53.0,163.0,419.5221080889781
wf_WT_68,21187.533203125,23608.056640625,21187.533203125,17387.517578125,24035.873046875,1.6345821075687317,1.2178140945016738,1.1668803895280693,0.0064670728125855,42.190046219457976,275.0,1.0,0.0,32023.386586748973
wf_WT_69,8378.37890625,12729.8974609375,8378.37890625,8955.33984375,7818.74951171875,2.060728987737668,0.9839980604828186,0.7299267558522748,0.005322197707802,314.331035693264,259.0,0.0,0.0,15274.981915688028
wf_WT_7,192.00099182128903,224.96749877929688,192.00099182128903,203.6207427978516,208.93911743164065,1.2804449279857713,1.0856793268626723,0.8223960281138306,0.0045470502055864,87.13208364316786,677.0,29.0,0.0,259.1440674055375
wf_WT_70,5991.2060546875,7316.53125,5991.2060546875,5973.716796875,6518.96484375,1.5305227233089786,1.091942943716958,1.0278362756848614,0.0,26.0768096208106,291.0,1.0,0.0,9206.112032924157
wf_WT_71,2846.782958984375,3992.26806640625,2377.396728515625,3354.3583984375,2905.008056640625,1.688756923332423,1.3070951117633924,0.8466402739064679,0.008547738268806,20.0,322.0,2.0,0.0,4837.930598866847
wf_WT_72,16335.2666015625,21067.234375,16335.2666015625,18192.4609375,18008.013671875,1.5989926261990624,1.107181888686405,0.8905745225403523,0.0094440051581785,22.360679774997894,139.0,0.0,0.0,26385.68268220776
wf_WT_73,3373.466064453125,4511.392578125,3373.466064453125,3986.885498046875,3366.9345703125,0.0,1.0673426731750464,0.899103165598477,0.0046448497860255,50.99019513592785,470.0,6.0,0.0,5696.833728926508
wf_WT_74,6196.7216796875,8860.96875,6196.7216796875,6354.0361328125,8636.4794921875,1.88761054592486,1.239111280329413,0.9797857550180448,0.0,30.0,307.0,1.0,0.0,10890.055796829422
wf_WT_75,1502.43505859375,1924.584716796875,1502.43505859375,1728.480712890625,1630.9886474609375,1.5742443131805903,1.098428836383613,0.8479021587696726,0.0052693463400075,97.5909831900468,879.0,17.0,0.0,2535.7347518555407
wf_WT_8,832.6366577148438,723.04833984375,832.6366577148438,866.9591674804688,898.293701171875,1.525853739110029,1.1235033722026884,0.934302423309641,0.0048304280295484,401.9950248448356,425.0,17.0,111.0,1364.51843446115
wf_WT_9,1139.81884765625,1176.4169921875,1139.81884765625,1208.3173828125,929.0946655273438,1.6680172298627414,0.8506537582780376,0.7475434505995837,0.0,351.64755082326394,135.0,2.0,0.0,1932.3768148524184
wf_sm_MAPT_1,13716.0615234375,14298.4423828125,13716.0615234375,13825.490234375,14027.2158203125,1.127784909109141,1.0217610982554837,0.9826415629548452,0.0090254044440443,39.44616584663204,225.0,1.0,0.0,16231.764638889405
wf_sm_MAPT_10,296.1961975097656,355.00836181640625,296.1961975097656,304.6006164550781,302.3382263183594,1.3197359170082508,1.0559735834777213,0.885765688395577,0.0074359064949199,45.60701700396552,438.0,5.0,0.0,403.3773026605919
wf_sm_MAPT_11,292.12896728515625,330.5416259765625,292.12896728515625,299.5302734375,318.1284484863281,1.2419809713393066,1.0829170532412753,0.9060056379166732,0.0051278377762536,82.80096617793781,564.0,28.0,0.0,382.5249392580704
wf_sm_MAPT_12,292.7530212402344,312.0374755859375,292.7530212402344,298.4638061523437,302.9663391113281,1.2440770233649412,1.0448763782057449,0.8737662982798081,0.005840040527534,106.07544484940895,286.0,39.0,0.0,381.1853587248659
wf_sm_MAPT_13,3626.7421875,4524.59765625,3626.7421875,3716.110107421875,3704.3076171875,1.496893108097203,1.0427106153694785,0.9299484360443234,0.0089235592890942,64.5600495662759,382.0,6.0,0.0,5276.91591867441
wf_sm_MAPT_14,5163.6201171875,6545.37890625,5163.6201171875,5283.2646484375,5365.1474609375,1.4150813765339934,1.0559079663952278,0.9251815299147154,0.0057660520512655,63.7808748764079,483.0,5.0,50.0,7036.478252871581
wf_sm_MAPT_15,896.869384765625,1099.158447265625,896.869384765625,986.99462890625,965.4620971679688,1.378742130807061,1.0765836676231104,0.887881179178108,0.0062516003393971,112.71202242884296,547.0,24.0,57.0,1309.5327558697447
wf_sm_MAPT_16,3345.327392578125,4987.130859375,2912.719970703125,4239.017578125,3631.865234375,1.6271668756792534,1.2000647751465632,0.8859759233981273,0.007760167838704,44.40720662234904,165.0,0.0,0.0,5867.1469430710085
wf_sm_MAPT_17,13485.451171875,16853.95703125,13485.451171875,14354.416015625,14038.630859375,1.4733395755940164,1.0632339452622706,0.92191229946757,0.0068025722510906,74.10802925459562,325.0,1.0,0.0,19745.99996709
wf_sm_MAPT_18,6200.939453125,7526.2158203125,6200.939453125,6266.09912109375,6556.79296875,1.421879938997186,1.0333032167173224,0.9278343394844673,0.0,411.6114672843797,94.0,7.0,0.0,8609.115188260708
wf_sm_MAPT_19,5207.24755859375,6559.47412109375,5207.24755859375,6002.98486328125,5324.03076171875,1.4698708887997538,1.0603692100917304,0.8169868136733129,0.0,59.36328831862332,161.0,0.0,0.0,7579.173839490104
wf_sm_MAPT_2,4386.35400390625,5391.64111328125,4386.35400390625,4445.7001953125,3073.4970703125,1.3626883320795602,0.7063161306918034,0.6950966777730406,0.0,404.3612246494464,22.0,7.0,0.0,5697.469185802702
wf_sm_MAPT_20,6544.90576171875,8912.6416015625,6544.90576171875,7375.39599609375,6306.8232421875,0.0,1.0322638066759535,0.8787711785781354,0.0054267503115004,87.72684879784524,246.0,1.0,0.0,10314.470127716611
wf_sm_MAPT_21,972.2015380859376,942.4519653320312,972.2015380859376,1001.1219482421876,1059.83935546875,1.354112844536005,1.0768945070218925,0.9569610565413954,0.0052576506440254,94.59386872308374,544.0,28.0,0.0,1344.3684133091565
wf_sm_MAPT_22,763.8602905273438,734.9744262695312,763.8602905273438,785.2926025390625,819.5856323242188,1.334200862747318,1.075757683492232,0.9475090931984737,0.0054039095131213,108.81176406988357,787.0,15.0,54.0,1061.4819143874283
wf_sm_MAPT_23,7066.626953125,8543.9130859375,6438.73388671875,7167.1708984375,6990.55029296875,1.3617891369339332,1.1294245255006774,0.9772816326482556,0.0,295.4386569154416,80.0,0.0,0.0,9868.830812784605
wf_sm_MAPT_24,230.6424102783203,258.60455322265625,230.6424102783203,237.16946411132807,231.8861083984375,0.0,1.028855838918366,0.8789216060342689,0.0047688151775028,75.39230729988306,445.0,34.0,0.0,294.0179871901622
wf_sm_MAPT_25,419.1172790527344,508.4327697753906,419.1172790527344,447.3892517089844,449.6873168945313,1.368582758678847,1.0732036347003784,0.871007696886546,0.004615976042403,66.48308055437865,765.0,15.0,0.0,597.4945086639918
wf_sm_MAPT_26,188.13726806640625,212.2489471435547,177.72105407714844,194.51043701171875,196.2657470703125,1.1965187087648077,1.1236224177227243,0.8445865061897178,0.0058560843673877,36.76955262170047,504.0,22.0,0.0,231.86042782758255
wf_sm_MAPT_27,12532.181640625,12248.7119140625,12532.181640625,12929.490234375,11673.3466796875,1.3558573587176646,0.9681410063489736,0.8503335453671026,0.0082393109897079,155.24174696260025,102.0,3.0,0.0,17234.838641810475
wf_sm_MAPT_28,861.248291015625,976.9950561523438,861.248291015625,865.3527221679688,904.906982421875,0.0,1.0633756303252722,0.95754270787598,0.0051074422974622,216.2313575779424,505.0,25.0,55.0,1187.8919460486447
wf_sm_MAPT_29,224.9776611328125,254.1613311767578,224.9776611328125,232.7323455810547,233.6212615966797,0.0,1.0559150430590163,0.8706227248082343,0.0070002701328246,33.28663395418648,321.0,22.0,0.0,286.79610199115416
wf_sm_MAPT_3,16715.021484375,17707.740234375,16715.021484375,17142.158203125,17241.162109375,1.4690184289174524,1.0685747557480434,0.9998264250893,0.0071820790256125,104.3072384832424,291.0,1.0,0.0,23596.705995856497
wf_sm_MAPT_30,3794.71484375,5127.00390625,3794.71484375,3774.610107421875,3796.417236328125,1.6820295307223678,1.08444928029756,1.040726392791614,0.0,381.41840542899865,139.0,0.0,0.0,6250.307615985517
wf_sm_MAPT_31,8083.75390625,11132.5849609375,8083.75390625,9204.4287109375,8782.5439453125,1.5726309550981237,1.0706293390327433,0.9042510463502422,0.0085393992214514,26.90724809414742,149.0,0.0,0.0,12688.11735610276
wf_sm_MAPT_32,412.0113830566406,498.8187561035156,412.0113830566406,442.8371887207031,452.8912353515625,1.361184274971694,1.0954997518767997,0.8677839740440381,0.0053181523595834,67.88225099390856,643.0,40.0,0.0,613.3282763619844
wf_sm_MAPT_33,232.88136291503903,265.3353881835937,232.88136291503903,239.9528961181641,241.566650390625,1.221086238110795,1.048327580808304,0.8545437085641697,0.0065962315890539,71.21797525905943,336.0,19.0,65.0,359.8604162714763
wf_sm_MAPT_34,634.3543701171875,795.6671142578125,634.3543701171875,661.937255859375,666.2882690429688,0.0,1.0711990133438851,0.9223823756724568,0.0053852137885447,90.35485598461214,445.0,12.0,0.0,949.8013103715614
wf_sm_MAPT_35,584.5511474609375,714.9535522460938,542.6524047851562,627.9898071289062,647.4541625976562,1.3267635619980225,1.138316984796054,0.8423758553481793,0.005518041177799,71.69379331573968,721.0,34.0,0.0,852.6507153695375
wf_sm_MAPT_36,5197.060546875,5753.02099609375,5197.060546875,5418.5947265625,5034.72705078125,1.4258407643625302,1.0170533786544729,0.9757048626262076,0.0068982291319945,135.82341477079717,288.0,1.0,0.0,7305.760890265434
wf_sm_MAPT_37,11560.3544921875,14322.5693359375,11560.3544921875,11776.4111328125,8402.046875,0.0,0.7675719050225908,0.9274425999065466,0.0,380.0631526470305,24.0,2.0,107.0,17467.214668389573
wf_sm_MAPT_38,1500.9501953125,1918.5504150390625,1500.9501953125,1706.0352783203125,1570.1094970703125,1.4317219800241137,1.053538432353211,0.8617154111198736,0.0076360103140202,30.463092423455635,511.0,3.0,0.0,2220.4409350952164
wf_sm_MAPT_39,2418.021728515625,3136.444580078125,2418.021728515625,2677.072021484375,2565.3642578125,0.0,1.0934486794822056,0.8899886039922681,0.0107434530699511,62.6418390534633,257.0,1.0,0.0,3631.199943909475
wf_sm_MAPT_4,195.02267456054688,215.12286376953125,195.02267456054688,200.87619018554688,204.88299560546875,1.1723084513272946,1.0463335201715949,0.8547541122811233,0.0063247413479327,36.05551275463989,479.0,20.0,0.0,241.57017407426636
wf_sm_MAPT_40,10196.234375,12753.6650390625,10196.234375,10640.8720703125,7997.126953125,1.444707179260426,0.8588142030060888,0.8619163419474856,0.0089016838829901,323.5428874198906,61.0,0.0,0.0,15562.933033942223
wf_sm_MAPT_41,12262.142578125,17573.205078125,10960.302734375,12678.025390625,12233.1552734375,1.557278459336717,1.1904068749515797,0.965761390878942,0.0055938482123465,105.77334257741882,298.0,0.0,0.0,21280.537109246103
wf_sm_MAPT_42,6202.39599609375,6778.599609375,6202.39599609375,7652.3984375,6529.94140625,1.4268134011063427,1.061329940615523,0.8498937953166281,0.0085306651804645,20.396078054371134,116.0,1.0,0.0,9229.089440821796
wf_sm_MAPT_43,538.6452026367188,673.323974609375,538.6452026367188,566.6519775390625,542.2460327148438,1.487287722583774,1.0082935578453114,0.8675510241754804,0.0067487001748523,181.0414317221337,183.0,15.0,0.0,818.0916135156302
wf_sm_MAPT_44,247.5184631347656,266.8121337890625,247.5184631347656,259.20916748046875,269.51422119140625,1.1259736182438005,1.0750074746643152,0.8806220617852581,0.0046455223071874,68.46897107449476,902.0,71.0,0.0,307.28367794087774
wf_sm_MAPT_45,575.3308715820312,725.6636962890625,575.3308715820312,616.3311767578125,557.4988403320312,0.0,0.9593529580775604,0.7939530238903731,0.0062110513807241,195.8979326077741,220.0,12.0,0.0,906.902756782698
wf_sm_MAPT_46,8479.068359375,10662.6787109375,8479.068359375,9119.0517578125,8250.4833984375,1.4691738563960903,0.9991643023490714,0.8840551953235488,0.0053685341430541,171.97674261364529,280.0,1.0,0.0,12370.28595400838
wf_sm_MAPT_47,6321.85595703125,9094.896484375,6321.85595703125,8163.74755859375,6625.7216796875,0.0,1.0449224351175213,0.8439811443376446,0.0089730691340425,17.88854381999832,303.0,0.0,0.0,9492.175035434571
wf_sm_MAPT_48,192.3603515625,215.54071044921875,192.3603515625,196.9566650390625,203.61463928222656,1.1731900638897506,1.064242351209035,0.8782281718492982,0.0054987127630538,112.0,587.0,19.0,0.0,239.7573967177329
wf_sm_MAPT_49,4427.6396484375,5037.95068359375,4427.6396484375,4700.560546875,4428.2333984375,1.231192985933486,1.034937447931595,0.9586175997789738,0.0046440637969486,51.419840528729765,602.0,2.0,0.0,5790.379066451047
wf_sm_MAPT_5,308.1434936523437,364.259521484375,308.1434936523437,311.0869140625,306.2277526855469,1.3109824936857812,1.003868480541234,0.892676735940239,0.0,274.0,102.0,8.0,0.0,416.8114693116084
wf_sm_MAPT_50,2163.635009765625,2628.0615234375,2163.635009765625,2254.720458984375,2137.548583984375,1.3407646908969584,1.0104463325233373,0.9165645294688098,0.0055136846129521,108.0,537.0,1.0,0.0,2999.9414049312195
wf_sm_MAPT_51,17937.630859375,20281.408203125,17937.630859375,18210.958984375,12561.5146484375,1.3812216915212123,0.7540366375807297,0.8536961293338234,0.0,411.0960958218893,17.0,1.0,0.0,25060.983788479687
wf_sm_MAPT_52,191.70591735839844,208.51812744140625,191.70591735839844,197.7247467041016,536.3333129882812,0.0,1.1205380064856725,0.8301941654172587,0.0069358899548835,10.0,543.0,31.0,0.0,237.5331488729304
wf_sm_MAPT_53,236.0878753662109,268.126953125,236.0878753662109,241.30319213867188,259.0457763671875,1.239176105789877,1.1053536798143253,0.9019905561829584,0.0063425261267312,70.25667228100119,527.0,32.0,0.0,309.9620573082925
wf_sm_MAPT_54,264.5080261230469,308.8106384277344,264.5080261230469,270.1319274902344,284.0237731933594,1.2939396203653906,1.094876905936975,0.8851468677766452,0.0059002234486412,59.46427498927402,411.0,17.0,0.0,359.5615247266239
wf_sm_MAPT_55,200.45382690429688,187.10113525390625,200.45382690429688,210.2906646728516,214.32530212402344,1.0844894335186648,1.0666094133095043,0.835181074182718,0.0052922723801571,46.389654018972806,721.0,28.0,0.0,251.2570421789346
wf_sm_MAPT_56,192.85220336914065,226.8833770751953,180.28504943847656,202.445556640625,210.9981384277344,1.2515156084280894,1.1789141933171614,0.8499841639831611,0.0065641605728987,28.635642126552707,415.0,11.0,0.0,256.91572238994155
wf_sm_MAPT_57,361.0164489746094,431.382080078125,361.0164489746094,359.54571533203125,361.6009216308594,1.3678609640983856,1.075360528439576,0.9082436730773288,0.0,263.21094202179364,145.0,16.0,0.0,513.9388440266118
wf_sm_MAPT_58,955.2796020507812,1103.1239013671875,955.2796020507812,976.7201538085938,1009.6604614257812,0.0,1.0683433281249248,0.930269711986766,0.0046054949060426,157.69590990257166,351.0,8.0,0.0,1376.104058781327
wf_sm_MAPT_59,738.6878051757812,989.213134765625,738.6878051757812,784.296630859375,769.038330078125,1.5305468047586483,1.08350576784911,0.9245707521734392,0.0060500027641541,95.60334722173695,391.0,3.0,0.0,1167.6666702524635
wf_sm_MAPT_6,8190.1767578125,9283.0830078125,8190.1767578125,8763.9208984375,8439.265625,1.4377038652033958,1.063502736043609,0.8990942807729028,0.0067444585736125,44.04543109109048,354.0,1.0,0.0,12170.334238172798
wf_sm_MAPT_60,290.2102966308594,342.5722961425781,290.2102966308594,294.4670715332031,313.510986328125,1.2528793891775205,1.0860729213470577,0.8914281925374942,0.0055606603980071,164.92422502470643,356.0,22.0,0.0,383.2495713291092
wf_sm_MAPT_61,2665.53955078125,3284.84375,2665.53955078125,2826.9208984375,2674.22314453125,1.4612431242284156,1.0314967416303964,0.8863763142537169,0.0066726851196382,67.08203932499369,351.0,5.0,0.0,3838.885717663755
wf_sm_MAPT_62,1942.1900634765625,2500.5244140625,1714.6761474609375,2192.343505859375,1956.375732421875,1.470648748351285,1.1677755093734845,0.8981742772018564,0.0056875836195232,159.81239000778382,624.0,2.0,0.0,2947.6614325857217
wf_sm_MAPT_63,1455.412841796875,1176.4310302734375,1455.412841796875,1412.0421142578125,1716.9688720703125,1.5031209006082298,1.1974817537695526,1.1069396521952175,0.0055383199729092,394.5883931389772,227.0,6.0,0.0,2137.891104715095
wf_sm_MAPT_64,8158.46240234375,9347.6103515625,8158.46240234375,9090.7900390625,8231.9140625,1.4263528571852926,1.0410833842890603,0.925614617777764,0.0071833780412868,41.03656905736639,347.0,2.0,0.0,11299.297493722224
wf_sm_MAPT_65,1222.593994140625,1603.2847900390625,1222.593994140625,1241.9417724609375,1154.4376220703125,0.0,0.9356950084242855,0.8880916757626753,0.0,290.68883707497264,85.0,8.0,0.0,1839.0771276106627
wf_sm_MAPT_66,297.7455749511719,362.0655822753906,275.1771850585937,310.6488037109375,323.7490539550781,1.306168797773893,1.1770845000673498,0.9011014167041944,0.0051538828018236,64.40496875241847,715.0,20.0,0.0,416.0314819824035
wf_sm_MAPT_67,5856.4052734375,5815.46240234375,5856.4052734375,5987.16748046875,5184.607421875,1.4858543829129474,0.9167687322842482,0.950231409412186,0.0,465.1881339845203,86.0,6.0,0.0,8497.78316491152
wf_sm_MAPT_68,252.46047973632807,286.33526611328125,252.46047973632807,256.9281921386719,272.7680053710937,1.24303421495487,1.083584472842046,0.8958908545936198,0.0056033961100192,98.08159868191385,466.0,27.0,0.0,328.982318597646
wf_sm_MAPT_69,5257.07373046875,7482.93359375,5257.07373046875,5075.25146484375,6071.9443359375,0.0,1.2021433732261395,1.1189435387823274,0.0072133280190228,284.5698508275253,213.0,2.0,53.0,8562.024968848567
wf_sm_MAPT_7,10878.4931640625,12891.3515625,10878.4931640625,11516.380859375,11340.615234375,0.0,1.0630790558734065,0.949309483148216,0.0074491005726984,72.99315036357864,262.0,1.0,0.0,16767.369495047114
wf_sm_MAPT_70,5731.09326171875,7075.53369140625,5731.09326171875,5903.55615234375,5834.93798828125,0.0,1.0548125336356406,0.9374069909909538,0.0067936388709433,94.25497334358543,363.0,5.0,55.0,8299.264538833344
wf_sm_MAPT_71,2797.91650390625,3708.711669921875,2797.91650390625,2889.26318359375,2928.904296875,0.0,1.0854546482564664,0.9054128868029916,0.0073073633619284,186.11824198610947,296.0,4.0,0.0,4330.404510354379
wf_sm_MAPT_8,190.8899078369141,219.17755126953125,182.4421844482422,198.8405914306641,206.590576171875,1.1905425617996594,1.129515994167519,0.8156803547369382,0.005211975920813,53.81449618829484,570.0,37.0,0.0,243.71943224511756
wf_sm_MAPT_9,1737.3441162109375,2345.197265625,1737.3441162109375,1741.27197265625,1696.5220947265625,1.6704484556632646,1.0011580681465693,0.8961735073291508,0.0,404.8160075886328,45.0,8.0,0.0,2774.7092466877207
wf_sm_P301L_1,357.097900390625,401.3841247558594,357.097900390625,362.8236083984375,360.4098815917969,1.2913705062584182,1.0495252527099437,0.9746322662495632,0.0045156093779644,104.78549517943787,686.0,7.0,0.0,456.8660327747537
wf_sm_P301L_10,1447.864990234375,1673.18359375,1447.864990234375,1552.576171875,1523.1138916015625,1.292159446580182,1.069055156806048,0.944003615850394,0.0048092284813832,35.608987629529715,539.0,6.0,0.0,1901.8189994229235
wf_sm_P301L_11,2598.1259765625,2785.30322265625,2598.1259765625,2814.28173828125,2785.1865234375,1.4200437937921442,1.0860602838317126,0.9667471444266708,0.0073953832803474,60.53098380168623,556.0,1.0,0.0,3569.062544661035
wf_sm_P301L_12,2446.807861328125,2480.979736328125,2446.807861328125,2757.26171875,2671.66455078125,1.4922259519393644,1.1323605522734568,0.9456746819902944,0.0076497869523951,47.53945729601885,445.0,5.0,0.0,3576.6057126862474
wf_sm_P301L_13,1154.0533447265625,1395.5479736328125,1154.0533447265625,1154.5596923828125,1697.4464111328125,0.0,1.1305006713987766,0.9564667150966436,0.0079694186158587,22.360679774997894,488.0,2.0,0.0,1677.931595618139
wf_sm_P301L_14,770.2385864257812,1039.0611572265625,770.2385864257812,795.5982055664062,1417.5335693359375,1.5819860296768122,1.2586802945637752,0.98838683434035,0.0070951205802728,68.46897107449476,397.0,1.0,0.0,1220.4756036526098
wf_sm_P301L_15,154.23199462890625,167.10096740722656,148.76039123535156,154.33108520507812,147.78074645996094,0.0,1.0085009365769084,0.7363048031036481,0.0,548.5471720827662,8.0,19.0,0.0,178.1055278592729
wf_sm_P301L_16,160.2554473876953,169.2039031982422,160.2554473876953,163.47850036621094,164.699951171875,1.1037791807369437,1.045065932325558,0.8654986071110525,0.0056763226003593,34.0,774.0,30.0,0.0,183.6795936540632
wf_sm_P301L_17,149.1880645751953,159.42088317871094,149.1880645751953,150.8736572265625,151.15081787109375,1.1100625912851838,1.037000512040873,0.8445218829014098,0.0044511252345324,90.0,607.0,34.0,0.0,169.8493508453109
wf_sm_P301L_18,463.5607299804688,558.1497192382812,463.5607299804688,517.9104614257812,489.5945739746094,0.0,1.073271828641548,0.8580735763584996,0.0082841557072694,30.52867504494749,702.0,1.0,0.0,635.3055536836607
wf_sm_P301L_19,123.76451873779295,124.40396118164062,123.76451873779295,125.78060913085938,125.36671447753906,1.0334559819294988,1.028198324630617,0.7376779972600497,0.005943039689843,22.80350850198276,967.0,60.0,0.0,132.56989230666946
wf_sm_P301L_2,245.156982421875,276.0355529785156,245.156982421875,255.25997924804688,243.77772521972656,1.203760305253604,1.0296554194466687,0.8647796420280335,0.0041779332162431,81.58431221748455,704.0,4.0,0.0,304.2254020691307
wf_sm_P301L_20,475.3753967285156,540.4725341796875,475.3753967285156,522.2525634765625,494.1870422363281,1.3594648111651884,1.0662177769567407,0.8845743114143156,0.0067294106863604,34.92849839314596,590.0,5.0,0.0,631.7475727541993
wf_sm_P301L_21,247.9482269287109,305.24859619140625,247.9482269287109,248.4647216796875,254.91693115234372,0.0,1.0670165022753402,0.9612726465436168,0.0,273.408119850161,46.0,2.0,0.0,318.5909011820495
wf_sm_P301L_22,463.3771362304688,449.5167236328125,463.3771362304688,497.5179138183594,495.5690612792969,1.4076385648210128,1.0992427394440654,0.9036140168489925,0.0057016198021253,70.68238818828917,618.0,2.0,0.0,731.1356285115523
wf_sm_P301L_23,796.6054077148438,953.9080200195312,796.6054077148438,819.2755737304688,835.0742797851562,0.0,1.0690693994609577,0.9257274843458412,0.0063851156467763,78.0,421.0,3.0,0.0,1043.602265732164
wf_sm_P301L_24,138.07373046875,141.49594116210938,138.07373046875,138.30625915527344,133.0642852783203,1.0755540457081203,0.9800615550523502,0.6884859837520183,0.0,289.3579098625092,23.0,46.0,0.0,151.63613285523328
wf_sm_P301L_25,136.13096618652344,125.88352966308594,136.13096618652344,136.8067169189453,135.9239959716797,0.0,1.0180761507517748,0.8046604668050817,0.0,200.0099997500125,105.0,15.0,0.0,153.81625338708426
wf_sm_P301L_26,123.48029327392578,126.83270263671876,123.48029327392578,124.18608856201172,123.891845703125,1.0468107507188318,1.018562220824784,0.7347660754318048,0.0051495555352563,154.2595215861893,286.0,51.0,0.0,132.64836790527588
wf_sm_P301L_27,125.17926025390624,129.70179748535156,125.17926025390624,125.30841827392578,125.08342742919922,1.0535839485878535,1.021405825645865,0.7335897590756558,0.0,411.0328454028948,59.0,40.0,0.0,135.31701766703355
wf_sm_P301L_28,446.2493591308594,524.399658203125,446.2493591308594,457.1804809570313,462.2512512207031,1.3242144651276078,1.0847347674765482,0.9383881092754514,0.0062292627235033,60.0,621.0,9.0,0.0,623.3939179797712
wf_sm_P301L_29,1639.25244140625,2367.982666015625,1444.80908203125,1753.4229736328125,1695.5537109375,1.5821347984165406,1.2557356971209508,0.905968275662301,0.0058651667341467,63.150613615387776,458.0,0.0,0.0,0.0
wf_sm_P301L_3,884.64892578125,1091.1402587890625,884.64892578125,909.8768310546876,932.7650756835938,1.4559128484071986,1.097521210014744,0.909292616433289,0.0111246391482145,28.284271247461906,377.0,1.0,0.0,1219.8571594244322
wf_sm_P301L_30,614.9644165039062,778.5514526367188,614.9644165039062,697.5031127929688,642.4385375976562,0.0,1.1069308487065943,0.8518317114062429,0.0072784837653729,24.73863375370596,965.0,4.0,0.0,896.7500134803357
wf_sm_P301L_31,1172.3643798828125,1673.2867431640625,1172.3643798828125,1194.8482666015625,1206.3746337890625,1.627913417476856,1.1479024019975372,0.9549313231495437,0.0068080327709241,176.64653973401235,232.0,0.0,0.0,1881.520018778642
wf_sm_P301L_32,278.7332458496094,339.120849609375,278.7332458496094,279.3728332519531,274.820068359375,1.3670820487883122,1.038836349234441,0.9512814306459286,0.0,363.08125812275136,52.0,1.0,0.0,387.16666634402776
wf_sm_P301L_33,426.8668518066406,520.098876953125,426.8668518066406,432.6995849609375,446.5489501953125,1.407777678245845,1.112315624707411,0.9189292522727868,0.007497554657549,64.5600495662759,384.0,1.0,0.0,589.6470477057683
wf_sm_P301L_34,153.6725311279297,165.2349090576172,153.6725311279297,162.7769012451172,157.57518005371094,1.089587195504481,1.0451398324604273,0.7845863075415179,0.0061466879539948,16.1245154965971,834.0,32.0,0.0,173.01133107488735
wf_sm_P301L_35,155.27159118652344,139.8349609375,155.27159118652344,163.34840393066406,157.92144775390625,0.0,1.0424157951678514,0.79880055007007,0.0045459907677746,33.28663395418648,934.0,28.0,0.0,178.72430366198523
wf_sm_P301L_36,848.515869140625,974.5204467773438,848.515869140625,894.4620361328125,823.813232421875,1.334229301984026,1.0077010036649827,0.8793397930838601,0.0067418557153113,108.29589096544709,250.0,5.0,0.0,1109.723587611298
wf_sm_P301L_37,971.6531372070312,1257.6051025390625,971.6531372070312,973.9903564453124,1020.4591674804688,1.4718698265279853,1.158934430671323,0.9882130490993992,0.0067856209845322,46.51881339845203,693.0,1.0,0.0,1489.7000732237277
wf_sm_P301L_38,1770.2196044921875,1977.6912841796875,1770.2196044921875,1818.71826171875,1836.414794921875,1.4470473404985649,1.0726888181337382,1.0138702593142352,0.0065966843065371,156.98407562552325,234.0,0.0,0.0,2816.892839722595
wf_sm_P301L_39,993.3594360351562,1276.092529296875,954.3856201171876,1010.1693115234376,875.7752685546875,1.3740113126852267,0.9606230974889264,0.8946063901438384,0.0,387.30349856411055,61.0,2.0,0.0,1407.4071375752935
wf_sm_P301L_40,967.853271484375,1437.7933349609375,808.2625122070312,1206.4268798828125,974.1625366210938,1.7471450993490334,1.401293540142872,0.7608312065091382,0.0069144274107756,23.40939982143925,860.0,0.0,0.0,0.0
wf_sm_P301L_41,153.67674255371094,157.29232788085938,153.67674255371094,154.22789001464844,153.97357177734375,1.1230730663762116,1.026688950252607,0.8761395981144964,0.0,260.768096208106,99.0,15.0,0.0,176.09865586384944
wf_sm_P301L_42,1734.5408935546875,2151.998046875,1734.5408935546875,1760.2938232421875,1541.095947265625,1.4320210366665689,0.9371303096728876,0.90273529693975,0.0,387.3241536491108,76.0,6.0,0.0,2453.1212718412858
wf_sm_P301L_43,491.1868591308594,597.6859130859375,491.1868591308594,562.558837890625,494.49517822265625,0.0,1.047733639506601,0.7935735922183832,0.0099325517764851,24.08318915758459,65.0,1.0,0.0,687.2058641993052
wf_sm_P301L_44,454.6085205078125,510.9876708984375,454.6085205078125,480.373779296875,455.9085998535156,1.3093901147090612,1.0559601068789322,0.8982947705350375,0.0059129743210378,30.0,811.0,3.0,0.0,596.9791792579535
wf_sm_P301L_45,197.5892639160156,220.19000244140625,197.5892639160156,197.25254821777344,202.12237548828125,0.0,1.0963424795243495,1.01570803705899,0.0,286.0069929215018,105.0,14.0,0.0,241.90151410198024
wf_sm_P301L_46,931.3536987304688,1128.1146240234375,931.3536987304688,951.15283203125,894.139892578125,1.2743490972196188,0.9959867750043312,0.9549472118199164,0.0046155950802761,313.0814590485997,411.0,1.0,0.0,1215.19229313989
wf_sm_P301L_47,123.0792465209961,120.05189514160156,123.0792465209961,123.13323211669922,123.9088363647461,1.0457422110125678,1.0136644977807097,0.7843863119629393,0.0,385.4400083022,43.0,45.0,0.0,132.1380587880548
wf_sm_P301L_48,912.5590209960938,1217.584716796875,781.7850952148438,969.3204956054688,855.9700927734375,1.558922239780595,1.1199076382462507,0.8502307407002253,0.0063490134234931,213.84106247397852,317.0,2.0,0.0,1404.6851669706311
wf_sm_P301L_49,407.2698059082031,364.1393432617188,407.2698059082031,421.3704833984375,394.80078125,1.232424212946731,1.0051572760649314,0.9182716713065228,0.0054981701780107,243.6554944999189,765.0,1.0,0.0,534.0740874396369
wf_sm_P301L_50,1499.9923095703125,1629.6302490234375,1499.9923095703125,1588.241943359375,1559.49658203125,1.2658061123585036,1.0505024561823473,0.9550169245425048,0.0050973637722819,42.7551166528639,703.0,6.0,0.0,1885.454861679592
wf_sm_P301L_51,348.7191162109375,460.7489929199219,321.5328674316406,359.56787109375,371.42376708984375,1.3767806882618725,1.200662035581716,0.914597230316393,0.0058857472288547,82.46211251235322,901.0,3.0,0.0,515.6513061184193
wf_sm_P301L_52,386.67333984375,468.8651123046875,386.67333984375,420.1971130371094,397.5093383789063,1.3690564836397503,1.0790857543599188,0.8789490453907768,0.0064741748861937,34.9857113690718,782.0,2.0,0.0,534.3488157937015
wf_sm_P301L_53,131.4949493408203,130.5653839111328,131.4949493408203,131.6026153564453,128.79432678222656,1.0563443492788964,0.9867763298607296,0.7154354211185979,0.0,415.74030355499576,27.0,28.0,0.0,143.6126139371434
wf_sm_P301L_54,193.152587890625,203.00033569335935,193.152587890625,198.2985382080078,204.41722106933597,1.144986014508116,1.042684537576539,0.8983620378617985,0.0064900347633695,31.240998703626616,756.0,6.0,0.0,228.63396369503164
wf_sm_P301L_55,1298.4508056640625,1557.5643310546875,1298.4508056640625,1406.549072265625,1301.2911376953125,1.3619651129280688,1.035366571239369,0.9182333817844716,0.0051010447156896,47.53945729601885,653.0,4.0,0.0,1770.870173234876
wf_sm_P301L_56,1326.845458984375,1729.3099365234375,1326.845458984375,1364.068359375,1102.2933349609375,1.465488129646657,0.912910489676287,0.8161160178201398,0.0,278.5390457368589,101.0,0.0,0.0,0.0
wf_sm_P301L_57,426.6284790039063,350.9577331542969,426.6284790039063,487.713134765625,441.3764343261719,1.36230021438511,1.077647673804953,0.8296665542899732,0.0049723806121136,30.463092423455635,959.0,3.0,0.0,594.2500044004895
wf_sm_P301L_58,230.2895355224609,278.4781188964844,230.2895355224609,235.5333251953125,229.7491912841797,0.0,1.037959271117521,0.8824503178763695,0.0051722642908298,148.66068747318505,398.0,2.0,0.0,298.9523772481568
wf_sm_P301L_59,223.12620544433597,254.6282958984375,223.12620544433597,223.97445678710935,222.66000366210935,1.216690559289178,1.047272755326368,0.9457264702103256,0.0,333.2866633995426,97.0,4.0,0.0,284.701151162809
wf_sm_P301L_60,137.98170471191406,145.8740997314453,137.98170471191406,138.42074584960938,136.79751586914062,1.089541554273779,1.021014359576239,0.796567110267916,0.0,157.09869509324386,65.0,20.0,0.0,152.64415276918524
wf_sm_P301L_61,466.1011657714844,561.147216796875,466.1011657714844,490.5357055664063,455.72265625,1.3573436486101862,1.0423027180126172,0.91554703449575,0.0049635384548769,62.12889826803627,858.0,1.0,0.0,632.1363688976795
wf_sm_P301L_62,490.8507690429688,624.0076293945312,490.8507690429688,520.11474609375,480.27545166015625,0.0,1.0615273450160312,0.8917057282953237,0.0053248374306457,92.0,670.0,2.0,0.0,709.6222288462124
wf_sm_P301L_63,158.6288299560547,178.4360809326172,158.6288299560547,159.05020141601562,151.64688110351562,1.1645042558267364,0.9637166539775366,0.7546003834205468,0.0,374.0,38.0,7.0,0.0,191.12925054586407
wf_sm_P301L_64,123.96681213378906,122.54544830322266,123.96681213378906,124.39263916015624,123.90383911132812,0.0,1.0169790241747323,0.7299841860614361,0.0,194.164878389476,108.0,30.0,0.0,134.30956571925896
wf_sm_P301L_65,1335.590576171875,1600.959228515625,1335.590576171875,1410.23193359375,1269.015625,0.0,0.9891251913114656,0.9065610908804644,0.0054634496724817,116.4989270336856,516.0,2.0,0.0,1795.749995510625
wf_sm_P301L_66,1447.130859375,1509.98486328125,1447.130859375,1692.011962890625,1501.49658203125,0.0,1.0794763614890903,0.8624487294493032,0.0081532567368197,16.1245154965971,654.0,2.0,0.0,2027.32054386068
wf_sm_P301L_67,304.2877502441406,377.1259460449219,304.2877502441406,322.8153686523437,289.0286865234375,0.0,1.021801038809349,0.8392433389971912,0.0060048380384453,72.44308110509934,482.0,3.0,0.0,425.99999777179687
wf_sm_P301L_68,222.3285217285156,259.9747009277344,222.3285217285156,235.0471954345703,218.87652587890625,0.0,1.03769020762056,0.8585287337440497,0.0056080864901575,80.049984384758,615.0,4.0,0.0,354.1855025690172
wf_sm_P301L_69,889.484130859375,1017.0911865234376,889.484130859375,943.372802734375,859.5987548828125,0.0,1.021518312783387,0.9169559760057314,0.0056621774793192,120.41594578792296,600.0,1.0,0.0,1241.4845384714
wf_sm_P301L_70,163.1208038330078,178.65211486816406,163.1208038330078,163.1905059814453,151.61111450195312,0.0,0.0,0.65175939675561,0.0,376.0053191113126,1.0,5.0,0.0,191.06666534057365
wf_sm_S305I_1,341.5213928222656,343.2508239746094,341.5213928222656,365.1207580566406,371.7282104492188,1.3342196565663804,1.090556111576951,0.9076235505501616,0.0052782642027257,65.11528238439882,958.0,24.0,0.0,463.9216907438007
wf_sm_S305I_10,12506.31640625,16060.17578125,11079.193359375,13073.3037109375,21613.568359375,1.4573758598836497,1.1696285636758956,0.9564460926143415,0.0066094656965359,308.3180176376334,263.0,0.0,0.0,18496.367558265552
wf_sm_S305I_11,1488.514892578125,1825.8536376953125,1488.514892578125,1550.382080078125,1363.8253173828125,0.0,0.9315435552459768,0.8633599044130358,0.0056488699640448,286.5658737533135,285.0,13.0,0.0,2076.3037390459785
wf_sm_S305I_12,8448.67578125,11002.2158203125,8448.67578125,9547.9697265625,9068.5322265625,0.0,1.1368776125683016,0.91428303188516,0.005141917682613,48.08326112068523,226.0,0.0,0.0,0.0
wf_sm_S305I_13,8891.7666015625,10948.37109375,8891.7666015625,8933.064453125,9487.0048828125,1.3476930419380215,1.0982863689832394,1.0226347002251654,0.0054026630154834,300.8853602287755,218.0,1.0,0.0,12540.93272550453
wf_sm_S305I_14,10559.67578125,14651.8671875,10559.67578125,11820.8271484375,14361.1015625,1.677068587804227,1.1524732759525012,0.938328823529398,0.0077388194024953,49.193495504995376,639.0,2.0,0.0,16721.06382622956
wf_sm_S305I_15,8334.0732421875,8831.5517578125,8334.0732421875,8808.748046875,8055.24169921875,1.3733796071049835,1.005040255604224,0.9156026576039856,0.0065668502149623,175.31685600648902,355.0,7.0,0.0,11366.583061385269
wf_sm_S305I_16,389.8883666992188,408.1087951660156,389.8883666992188,411.541259765625,421.8735656738281,1.2672576235638155,1.084260302721234,0.9057059731173812,0.0051155949015237,83.23460818673925,888.0,35.0,0.0,517.7287019995645
wf_sm_S305I_17,293.9190673828125,338.1313171386719,293.9190673828125,308.25054931640625,321.5498352050781,1.2520184888706416,1.0654283916183214,0.8479196895601038,0.0048247271706118,114.97825881443848,639.0,38.0,0.0,392.70225968207205
wf_sm_S305I_18,2426.62646484375,3203.607177734375,2426.62646484375,2789.43505859375,2476.425537109375,1.4739016073312383,1.0535685935473014,0.8522703746012199,0.0074172799770446,37.57658845611187,353.0,2.0,0.0,3679.780033443732
wf_sm_S305I_19,1464.241943359375,1423.83154296875,1464.241943359375,1828.196044921875,1551.063720703125,1.5726152353687912,1.0941071623517304,0.8245453365732297,0.0081306108235104,49.47726750741192,429.0,2.0,0.0,2382.966824203218
wf_sm_S305I_2,4848.208984375,5900.26025390625,4409.93505859375,6293.11669921875,4824.68603515625,1.3619079795388358,1.1179300733282025,0.8198083751336505,0.0071570718019734,28.0713376952364,150.0,0.0,0.0,0.0
wf_sm_S305I_20,863.0187377929688,915.6582641601562,863.0187377929688,870.6685791015625,795.7467041015625,1.3704628643276793,0.9155476364701962,0.8142410322700985,0.0,380.74663491618674,84.0,26.0,0.0,1205.7655411217509
wf_sm_S305I_21,1927.2635498046875,2018.3636474609373,1927.2635498046875,2110.19580078125,1857.889404296875,0.0,0.99039741405426,0.8844927698537624,0.0069446394077645,70.71067811865476,395.0,2.0,55.0,2692.985057217904
wf_sm_S305I_22,18077.6953125,19259.740234375,18077.6953125,19453.01171875,17084.236328125,1.215427106232117,0.9490311999631732,0.8433766657070804,0.0096250695943495,38.05259518088089,236.0,2.0,77.0,22038.58543016905
wf_sm_S305I_23,11159.3662109375,14162.2314453125,11159.3662109375,13262.7255859375,10773.6748046875,1.3124557336854936,1.020596837839636,0.8703014375690514,0.0065419998327827,45.254833995939045,213.0,1.0,96.0,17738.80145584746
wf_sm_S305I_24,563.1480712890625,693.7832641601562,563.1480712890625,585.1412353515625,627.1836547851562,1.3681311846192996,1.0973767419243114,0.953393662455305,0.0049548369771703,106.90182411914212,857.0,31.0,0.0,816.2356072770959
wf_sm_S305I_26,977.6342163085938,1164.044921875,977.6342163085938,1010.9964599609376,957.1586303710938,1.3638158451713127,0.9960788656896348,0.8736516553621081,0.0062033620687353,142.22517358048822,361.0,25.0,52.0,1327.9143720472944
wf_sm_S305I_27,393.4741821289063,385.99896240234375,393.4741821289063,411.7757263183594,419.2447204589844,1.2804388196766483,1.0650407550529497,0.8997920546694621,0.0052763595568319,43.9089968002003,747.0,36.0,0.0,526.2421602384549
wf_sm_S305I_28,9498.5078125,10018.353515625,9498.5078125,10100.455078125,8871.9169921875,1.392577395142509,0.95087499352183,0.862235329558869,0.0059375989571157,156.46085772486356,193.0,1.0,0.0,13336.83886565453
wf_sm_S305I_29,380.3915710449219,471.8858642578125,380.3915710449219,400.7147521972656,416.3942260742188,1.3430464495711727,1.1018151220869734,0.9101855233382158,0.0049544518092256,70.3420215802759,548.0,23.0,0.0,542.2259271240911
wf_sm_S305I_3,275.2010192871094,309.0323181152344,275.2010192871094,282.5123596191406,299.65728759765625,1.218751142675172,1.0806181161349124,0.8810173202789315,0.0053127678821685,140.42791745233566,673.0,44.0,51.0,362.7163996757662
wf_sm_S305I_30,4520.54052734375,5363.2236328125,4520.54052734375,5132.271484375,4559.3408203125,1.4531504434432791,1.0302360093072238,0.8900459096161232,0.0080666675483174,47.07440918375928,273.0,1.0,0.0,6589.110427230415
wf_sm_S305I_31,10209.6982421875,10800.4287109375,10209.6982421875,11040.8828125,9831.0908203125,1.343129617349946,0.9837310017818656,0.8908969514284698,0.0054350811947085,131.52946437965906,366.0,4.0,0.0,14129.952615063094
wf_sm_S305I_32,8345.3291015625,12813.2265625,8345.3291015625,13423.2666015625,8704.376953125,1.593576653331658,1.05288266487829,0.7688194650878911,0.0103165969086332,15.231546211727816,182.0,0.0,0.0,0.0
wf_sm_S305I_33,661.6281127929688,765.6406860351562,661.6281127929688,680.939697265625,687.5418701171875,1.3406047221705366,1.0394979204399295,0.8911437250104389,0.0050677576166926,110.16351483136329,651.0,24.0,0.0,900.0316751942377
wf_sm_S305I_34,792.7942504882812,915.3089599609376,792.7942504882812,833.5181274414062,3160.60400390625,1.2649550483779688,1.1416458563205183,0.8943149408416861,0.0059943130371325,24.166091947189145,1116.0,19.0,0.0,1587.669668704438
wf_sm_S305I_35,582.9066772460938,697.65625,582.9066772460938,594.1205444335938,527.285400390625,1.3198537247438609,0.92435214105384,0.876033552713271,0.0,270.05925275761246,123.0,15.0,0.0,804.8999940003788
wf_sm_S305I_36,1016.2786865234376,1211.3524169921875,1016.2786865234376,1022.9689331054688,1059.5042724609375,1.3605875089775896,1.063484620164891,0.9634126878820094,0.0055854517818807,215.37873618349607,243.0,18.0,0.0,1444.1024569720646
wf_sm_S305I_37,9359.2900390625,12185.0966796875,9359.2900390625,9649.1611328125,8954.2763671875,0.0,1.034777026877164,0.9204810897645964,0.009418586940933,278.1726082848561,66.0,0.0,0.0,0.0
wf_sm_S305I_38,3727.6328125,4557.80029296875,3727.6328125,4568.55615234375,3870.146484375,1.3190591511420915,1.056045813358948,0.8596121421354799,0.0069724039127865,25.612496949731398,551.0,3.0,0.0,5215.438536452665
wf_sm_S305I_39,1039.1080322265625,1255.1795654296875,1039.1080322265625,1097.7843017578125,1087.559814453125,1.39728490295294,1.0555036768141544,0.9220594867632796,0.0055942965327865,49.47726750741192,624.0,18.0,0.0,1490.958254424099
wf_sm_S305I_4,3508.587646484375,4593.06494140625,3508.587646484375,4208.32177734375,3403.955078125,1.5845278254499229,1.0211307008618415,0.8658049405670641,0.0070566607004251,54.589376255824725,226.0,2.0,0.0,5621.829594753557
wf_sm_S305I_40,1676.69970703125,1831.44482421875,1676.69970703125,1671.0023193359375,1692.3780517578125,1.3926387620374625,1.067960057433012,0.994399447476234,0.0,258.1937257177254,191.0,4.0,0.0,2382.299408001625
wf_sm_S305I_41,1847.0792236328125,2475.2138671875,1847.0792236328125,1890.35107421875,1781.3936767578125,1.4336475205291983,0.9653951785762452,0.8800683315986174,0.0,400.7043798113517,112.0,5.0,0.0,2746.514003152691
wf_sm_S305I_42,1308.3634033203125,1680.1690673828125,1308.3634033203125,1342.0509033203125,1172.383544921875,0.0,0.9112329754244384,0.8706343561629345,0.0,196.4993638666548,140.0,7.0,0.0,1921.8333294342087
wf_sm_S305I_43,1136.364990234375,1357.8092041015625,1136.364990234375,1151.5030517578125,1153.40087890625,1.361127680499458,1.0431071654295494,0.9196093239839732,0.0051937460425087,108.25894882179486,358.0,20.0,62.0,1563.6455632651655
wf_sm_S305I_44,11909.66015625,15412.5517578125,11909.66015625,13125.068359375,12072.9453125,1.6024603296131896,1.0750957812927096,0.8898828256184517,0.006114929607725,112.8007092176286,242.0,1.0,0.0,18068.83396931764
wf_sm_S305I_45,9441.5390625,12515.8359375,9441.5390625,9499.0859375,7723.55078125,1.60853915917624,0.872862669700867,0.902442542414756,0.0,336.7194678066595,33.0,4.0,0.0,15016.534159629962
wf_sm_S305I_46,8100.87060546875,10645.7373046875,8100.87060546875,8693.447265625,8369.6865234375,1.5277298744654155,1.0568201250057552,0.9379756276887574,0.0075291134362266,96.16652224137046,326.0,0.0,0.0,12138.05885539589
wf_sm_S305I_47,527.0158081054688,577.131103515625,527.0158081054688,594.3607177734375,611.080078125,1.410029096826123,1.1724487924965266,0.8959540777404421,0.006573671678863,55.02726596879042,964.0,26.0,57.0,814.1954551347696
wf_sm_S305I_48,3857.79150390625,4758.55859375,3857.79150390625,3710.927734375,4770.9755859375,0.0,1.2379754243770118,1.0725103091357866,0.0,273.12268305653413,102.0,0.0,0.0,6355.57139142435
wf_sm_S305I_49,1788.988525390625,2293.646728515625,1630.295166015625,2085.3095703125,1801.8792724609373,1.4286530164611702,1.1447401937935582,0.8759171010832236,0.0059090801170236,40.79215610874228,898.0,0.0,0.0,2564.849092971255
wf_sm_S305I_5,5703.6630859375,6307.82666015625,5703.6630859375,5841.6767578125,4352.17138671875,1.339277105024313,0.7821838213538398,0.714416249195646,0.0,335.0462654619508,41.0,0.0,0.0,7935.134180195488
wf_sm_S305I_50,1482.18505859375,1750.4822998046875,1482.18505859375,1522.189453125,1767.0267333984375,0.0,1.1521294574319034,0.9665234098775708,0.0073265914131956,158.24032355881985,221.0,5.0,0.0,2240.966418304497
wf_sm_S305I_51,4070.355224609375,4811.72509765625,4070.355224609375,4104.00048828125,3496.970703125,1.3454613755084093,0.8936894556327171,0.8802169276989198,0.0,379.1042073098108,112.0,6.0,0.0,5369.587280117345
wf_sm_S305I_52,2461.33544921875,3044.8837890625,2461.33544921875,2489.015380859375,2176.33203125,1.3996133012758698,0.8901305642007831,0.8369333805712522,0.0,619.3803354966963,34.0,4.0,0.0,3417.122310694474
wf_sm_S305I_53,520.7618408203125,544.8140258789062,520.7618408203125,550.8770141601562,531.3160400390625,1.3558294504697872,1.024940571901011,0.8631304205373658,0.0050360350162495,154.67385040788247,639.0,15.0,0.0,711.8593013989164
wf_sm_S305I_54,478.187744140625,509.54534912109375,478.187744140625,506.7610473632813,485.9023742675781,1.3884804117297265,1.0301943499846085,0.803563559944301,0.0061104915058336,62.12889826803627,397.0,36.0,53.0,671.7963812361697
wf_sm_S305I_55,1143.7550048828125,1381.214599609375,1143.7550048828125,1154.4090576171875,1210.8138427734375,1.3350081760291743,1.076515845154773,0.9732618767441108,0.005093336969453,91.0823802938856,441.0,13.0,0.0,1560.8258669999318
wf_sm_S305I_56,503.5398864746094,608.5294189453125,503.5398864746094,513.1228637695312,504.3210754394531,1.355698973519545,1.031845767205498,0.868876936533814,0.005181421452142,180.01111076819674,283.0,11.0,0.0,714.8452394131712
wf_sm_S305I_57,4272.24169921875,5483.51416015625,4272.24169921875,4846.1796875,4841.306640625,1.472983446348023,1.1209164904550009,0.9323131933442688,0.0059672920992855,70.8801805866774,339.0,0.0,0.0,6573.612678004349
wf_sm_S305I_58,7250.2919921875,9485.0341796875,7250.2919921875,8087.77783203125,7333.3857421875,1.519253700043484,1.0610952629991242,0.9083573630173316,0.0065544542932958,74.96665925596525,343.0,0.0,0.0,10763.5995986114
wf_sm_S305I_59,435.7127075195313,533.8118896484375,435.7127075195313,475.9201965332031,414.2539978027344,1.3863181368327564,0.9582956573069072,0.7607149278491749,0.0043633399159461,263.71196408202644,507.0,30.0,0.0,633.3077502912731
wf_sm_S305I_6,4629.50048828125,5819.546875,4629.50048828125,5254.2978515625,4433.8974609375,1.4674929771136094,0.995478534029926,0.8600714824568025,0.0059153765521268,138.7515765676196,378.0,2.0,0.0,7028.224015254841
wf_sm_S305I_60,2037.324462890625,2182.744384765625,2037.324462890625,2306.334228515625,2088.731201171875,1.2967691606256535,1.0488823028101943,0.874432918080381,0.0076465855639736,38.62641583165593,650.0,6.0,0.0,2780.265584258975
wf_sm_S305I_61,11064.8486328125,14673.4013671875,11064.8486328125,11407.28125,11100.201171875,1.4722923533659449,1.0824173540124042,0.9841690798814,0.0059680745311815,110.72488428533129,420.0,1.0,0.0,15508.999948303332
wf_sm_S305I_62,15409.443359375,15961.427734375,15409.443359375,16372.0478515625,12970.9697265625,1.5952937872632058,0.8942214056791501,0.8677256241748514,0.0061670404487133,394.2638710305574,185.0,5.0,0.0,23319.78865655199
wf_sm_S305I_63,1784.552490234375,2381.869873046875,1784.552490234375,1794.5330810546875,1752.6397705078125,1.525780708513338,0.9722186538144232,0.8121277355848705,0.0,361.386219991853,45.0,14.0,0.0,2558.9368825802203
wf_sm_S305I_64,235.7422332763672,245.9255523681641,235.7422332763672,250.56402587890625,255.09503173828125,1.193285355119216,1.084324108476404,0.8625999166322189,0.0056813499577469,42.190046219457976,929.0,57.0,50.0,306.0509775592456
wf_sm_S305I_65,5526.24951171875,7144.345703125,4857.1298828125,6447.70556640625,5798.42724609375,1.480148757469166,1.2187943143320277,0.9012181057642894,0.008596185331309,17.88854381999832,159.0,0.0,0.0,8633.211483813713
wf_sm_S305I_66,1140.111328125,1330.9549560546875,1140.111328125,1278.475341796875,1184.3809814453125,1.3049977891602105,1.0456450207793002,0.858587783294618,0.0,68.35202996254024,717.0,20.0,57.0,1589.426811323377
wf_sm_S305I_67,469.5814514160156,484.8283996582031,469.5814514160156,492.7111511230469,495.4881591796875,1.2747245505708762,1.0522326121183618,0.8846982735390129,0.0050596627446438,76.94153624668537,562.0,36.0,0.0,635.8828582620604
wf_sm_S305I_68,1928.0478515625,2338.31787109375,1928.0478515625,2030.724365234375,1892.7718505859373,1.3905034881616587,1.0088831805920462,0.919205661890754,0.0050911482371836,263.10454196003536,546.0,18.0,0.0,2645.524421710307
wf_sm_S305I_69,904.282958984375,1011.009521484375,904.282958984375,911.6914672851562,982.06494140625,1.2525583312415014,1.0762833013239983,0.9820917172905876,0.005254674663013,234.95531490051465,281.0,27.0,0.0,1201.5061244024976
wf_sm_S305I_7,5918.45556640625,7604.38720703125,5918.45556640625,7201.3486328125,5903.52587890625,1.5131412425941178,1.0294303348131275,0.8388051808751965,0.0115109413718117,104.0,108.0,1.0,0.0,9297.789468790636
wf_sm_S305I_70,553.0550537109375,649.1163940429688,553.0550537109375,580.2372436523438,563.3028564453125,1.3099937009132674,1.02537971011871,0.8959083811288011,0.004883847581093,66.57326790837296,818.0,25.0,0.0,749.6156464732716
wf_sm_S305I_8,4273.53271484375,5665.31201171875,4273.53271484375,4503.4501953125,4217.37548828125,1.3692031900844472,1.0134081793172165,0.9631441170163668,0.0060603049778296,86.02325267042627,205.0,0.0,0.0,6383.353081033689
wf_sm_S305I_9,6040.67626953125,6899.78515625,6040.67626953125,6476.36279296875,6430.50439453125,1.5297279454066723,1.095944930625957,0.95436518811452,0.0068430564750934,172.2440129583609,265.0,1.0,0.0,8960.594724140718
wf_sm_S320F_1,1068.5457763671875,1239.028076171875,1068.5457763671875,1094.8577880859375,1061.0389404296875,1.299675280355577,0.9971841064656922,0.9067361123017657,0.0055121362894463,295.9189078109069,284.0,14.0,0.0,1402.5353522550963
wf_sm_S320F_10,511.82562255859375,630.4026489257812,467.4358825683594,534.0304565429688,481.2952880859375,1.3445504774144657,1.0450127143326464,0.8470274988908227,0.004400308850038,192.35384061671343,575.0,14.0,0.0,704.7076966776573
wf_sm_S320F_11,210.57827758789065,213.5395050048828,210.57827758789065,210.89065551757807,213.1533660888672,0.0,1.0267980236110337,0.9277730478302556,0.0,210.7889940200864,93.0,7.0,0.0,255.4235318201945
wf_sm_S320F_12,930.1066284179688,948.4107055664062,930.1066284179688,932.5944213867188,729.0370483398438,0.0,0.7910950991218958,0.7042880062630007,0.0,366.1912068851463,7.0,1.0,0.0,1241.7500297414842
wf_sm_S320F_13,182.2197723388672,214.44775390625,182.2197723388672,626.5233154296875,185.75010681152344,0.0,1.0607957406726785,0.649056964582581,0.0,29.120439557122072,945.0,0.0,0.0,209.68420909331095
wf_sm_S320F_14,320.3204345703125,362.1077575683594,320.3204345703125,321.03985595703125,251.35484313964844,0.0,0.8271322356466937,0.64128114238892,0.0,331.3608305156178,6.0,17.0,0.0,385.03906284258727
wf_sm_S320F_15,249.9157257080078,274.839111328125,249.9157257080078,262.58892822265625,252.74497985839844,0.0,1.0693231122343798,0.8932810987381395,0.0069225386511186,39.84971769034255,512.0,5.0,0.0,319.9333281404259
wf_sm_S320F_16,220.44573974609372,230.34133911132807,220.44573974609372,221.04229736328125,207.47329711914065,1.1829207887455404,0.9498564835828662,0.811469195420345,0.0,400.0049999687504,31.0,15.0,0.0,266.79310334424605
wf_sm_S320F_17,10519.0302734375,13111.3291015625,10519.0302734375,11541.7880859375,10629.1396484375,1.3624292828596274,1.057023324633746,0.8961262332860032,0.006705055519713,79.64923100695951,425.0,1.0,0.0,16215.753521687748
wf_sm_S320F_18,756.1914672851562,888.3206787109375,756.1914672851562,758.244873046875,781.486572265625,1.366263329980059,1.059485492511439,0.986200783195798,0.005039652579913,130.61393493804556,319.0,7.0,0.0,1027.9349097371598
wf_sm_S320F_19,2141.679931640625,2581.67724609375,2141.679931640625,2183.29736328125,2424.629638671875,1.4199115296527949,1.1234820294371333,0.9677215763151088,0.0049568803011366,88.29496021857646,327.0,3.0,0.0,3022.560991243085
wf_sm_S320F_2,587.4459838867188,740.1790771484375,587.4459838867188,599.9714965820312,627.4330444335938,1.3500842140056837,1.1307363386671438,0.9924807118491032,0.0070510335510995,38.0,813.0,2.0,0.0,776.7755162736331
wf_sm_S320F_20,12788.3349609375,16579.7265625,12788.3349609375,12357.4052734375,15559.802734375,1.581952591282516,1.2647629236686913,1.1589937206247751,0.0058633049073644,204.3624231604235,151.0,5.0,63.0,19170.494562757576
wf_sm_S320F_21,1853.23095703125,2091.2734375,1853.23095703125,1850.4302978515625,1939.136962890625,1.2737458162088668,1.0516796309808545,0.968007140007914,0.0061537030974251,110.16351483136329,265.0,19.0,0.0,2358.598487254991
wf_sm_S320F_23,9743.744140625,10460.5478515625,9743.744140625,9919.671875,8196.03515625,1.3707464922580903,0.8301266818424862,0.8128354957825024,0.0,447.3030292765744,67.0,1.0,0.0,14413.983711122828
wf_sm_S320F_25,4675.81689453125,5289.158203125,4513.50537109375,4768.34033203125,4380.857421875,1.2291481651436036,1.034363664862455,0.9228795224008136,0.0053933836432172,208.0,164.0,3.0,0.0,6506.4895850581615
wf_sm_S320F_26,4412.82958984375,5877.40478515625,4412.82958984375,4598.5986328125,5402.8154296875,0.0,1.2030670070982616,0.9705527927599104,0.0068263149490547,80.62257748298549,192.0,1.0,0.0,6918.052627937866
wf_sm_S320F_27,1150.7015380859375,1390.4188232421875,1057.9512939453125,1135.8529052734375,1347.1903076171875,1.3564389855110115,1.327253498045605,1.0098627152426447,0.0051557279067288,257.4490240804964,212.0,3.0,0.0,1769.6144679132055
wf_sm_S320F_28,315.57012939453125,364.95062255859375,315.57012939453125,314.9613952636719,361.42669677734375,1.289199081750682,1.122814319672305,1.0337361836876582,0.0051676365435205,104.01922899156676,500.0,10.0,0.0,415.3620673691183
wf_sm_S320F_29,2838.85791015625,3485.09912109375,2838.85791015625,2990.513427734375,2848.7294921875,1.4389614157829682,1.0473113861188317,0.9602890910733434,0.0063057272281231,112.8716084761797,531.0,2.0,0.0,4022.4655123385296
wf_sm_S320F_3,1770.8907470703125,2269.848876953125,1564.487548828125,1887.231201171875,1967.30615234375,1.45202285957885,1.225553089413888,0.9153185617973594,0.0054829179335241,62.48199740725323,509.0,4.0,99.0,2664.355092963636
wf_sm_S320F_30,3407.430419921875,4224.3056640625,3407.430419921875,3430.560791015625,2303.78564453125,0.0,0.7228007639246573,0.6562703945648491,0.0,318.4022612985027,10.0,9.0,0.0,4698.587226331977
wf_sm_S320F_31,1014.329833984375,1237.9256591796875,1014.329833984375,1016.5908813476562,938.3397827148438,1.703074253311119,1.0427190202788148,0.8567831900186279,0.0,345.8612438536587,19.0,8.0,0.0,1634.653519213141
wf_sm_S320F_32,16416.681640625,20687.22265625,16416.681640625,16847.89453125,16763.173828125,1.5243203892047783,1.0726371482126076,0.987570621310198,0.0063187623484815,138.70832707519762,242.0,4.0,0.0,24420.988418662106
wf_sm_S320F_33,7441.494140625,9361.232421875,7441.494140625,7482.296875,5411.7470703125,1.403627612662789,0.751396112118401,0.6746998628303928,0.0,351.9204455555261,26.0,3.0,0.0,9921.614967421368
wf_sm_S320F_34,1409.7677001953125,1810.5509033203125,1409.7677001953125,1506.47705078125,1445.05859375,1.5381203406519206,1.1024325694925887,0.9354718142051864,0.0055585151465711,84.5931439302264,596.0,4.0,0.0,2123.908439148356
wf_sm_S320F_35,2290.2822265625,3142.718017578125,2290.2822265625,2521.55810546875,2301.29150390625,1.515448523831852,1.0652759046007871,0.8875198972980848,0.0074637276995573,123.23960402403117,367.0,0.0,0.0,3524.120115777852
wf_sm_S320F_36,1986.2322998046875,2492.031005859375,1986.2322998046875,2281.844482421875,2092.593505859375,0.0,1.0751527774608058,0.8888145529582892,0.0050126239405531,42.42640687119285,760.0,10.0,0.0,2842.647652284509
wf_sm_S320F_37,377.1266784667969,402.469970703125,377.1266784667969,390.9656677246094,376.6817932128906,0.0,1.033160493518039,0.9168488396047276,0.0054092524890901,90.50966799187808,376.0,3.0,0.0,503.474577737593
wf_sm_S320F_38,16751.736328125,18086.8828125,16751.736328125,16839.861328125,18603.30078125,1.5252994341602086,1.0351013053794564,0.8380851309029232,0.0,300.32648900821255,24.0,0.0,0.0,23775.726895999334
wf_sm_S320F_39,6566.72265625,7413.123046875,6566.72265625,6862.421875,6597.76904296875,1.390880251471184,1.0612499486921114,0.960574469467903,0.0059029809395513,71.61005515987263,604.0,3.0,0.0,9223.891531024652
wf_sm_S320F_4,211.9040985107422,195.6082305908203,211.9040985107422,212.1187286376953,197.43637084960935,1.1990538159476645,0.9554275557004408,0.7804202218818921,0.0,468.8795154408006,9.0,7.0,0.0,257.50485375135725
wf_sm_S320F_40,4700.30517578125,6039.05908203125,4700.30517578125,4718.24462890625,3692.188720703125,0.0,0.8044408893396451,0.755973541214983,0.0,333.430652460148,9.0,0.0,0.0,6583.500031454833
wf_sm_S320F_41,3270.447021484375,4046.298583984375,3270.447021484375,3469.9833984375,3319.6806640625,0.0,1.0502167440972128,0.9632517012303644,0.0059200386015158,96.08329719571452,365.0,2.0,0.0,4697.838297772386
wf_sm_S320F_42,5208.369140625,6308.3427734375,5208.369140625,5212.87939453125,5271.130859375,1.4012412000045424,1.0654108002987024,0.9947829923981012,0.005855106434981,139.54210834009928,292.0,2.0,0.0,7172.966085832618
wf_sm_S320F_43,615.2860717773438,772.3014526367188,615.2860717773438,621.3663330078125,489.7257080078125,0.0,0.8002404460526867,0.7083903561940875,0.0,390.1281840626232,22.0,0.0,0.0,816.039989907959
wf_sm_S320F_44,8957.29296875,9303.1572265625,8957.29296875,9019.640625,5778.875,0.0,0.6965669777630643,0.640876136139072,0.0,361.4747570716384,6.0,3.0,150.0,11924.38764088755
wf_sm_S320F_45,2893.630859375,6248.41259765625,2893.630859375,3613.998779296875,2847.850830078125,0.0,1.0273399822716378,0.8422235846893353,0.0056097688538891,46.647615158762406,400.0,0.0,0.0,5136.999996330714
wf_sm_S320F_46,4092.7880859375,5091.4833984375,4092.7880859375,4188.20166015625,4264.1748046875,1.4686952881911253,1.0747531325917457,0.9795321892629628,0.0052581419627803,198.4943324127921,340.0,9.0,51.0,5827.474398889039
wf_sm_S320F_47,9808.2138671875,11428.51953125,9808.2138671875,10054.0380859375,8625.0,0.0,0.9427072593701952,0.9316741380740932,0.0,252.76866894455097,65.0,6.0,0.0,13889.771074716484
wf_sm_S320F_48,5454.84326171875,6564.23388671875,5454.84326171875,5631.2451171875,5354.1796875,0.0,1.017448298658326,0.9285909308044134,0.0055159737577043,174.73408368146153,346.0,2.0,0.0,7505.466523939757
wf_sm_S320F_49,10879.283203125,12937.2890625,10879.283203125,11073.0078125,10591.744140625,1.334871216477349,1.0163591279502877,0.9848744234050724,0.0058548606445498,142.61837188805654,438.0,2.0,0.0,13952.530124285022
wf_sm_S320F_5,242.25912475585935,277.9068908691406,242.25912475585935,245.5134735107422,253.08914184570312,1.215108649021125,1.066513469321828,0.8863924583652365,0.0064502214025072,148.8220413782851,239.0,12.0,0.0,294.6203407317038
wf_sm_S320F_50,6541.11279296875,7817.5126953125,6541.11279296875,6262.55859375,6883.6572265625,0.0,1.065576213071945,1.0046244737306436,0.0071173132646585,113.64858116140296,440.0,3.0,0.0,8101.596954092528
wf_sm_S320F_51,7333.48291015625,8145.796875,7333.48291015625,7883.73876953125,7371.01513671875,0.0,1.0842699430898368,0.9769077341745392,0.0070686127454617,63.7808748764079,320.0,4.0,0.0,11055.105493716035
wf_sm_S320F_52,3855.41748046875,5117.22314453125,3855.41748046875,3875.009521484375,3360.533447265625,1.664432247955529,0.900786801240588,0.8380219414898283,0.0,364.2471688290796,26.0,4.0,0.0,6121.577301659288
wf_sm_S320F_56,456.8460388183594,577.8764038085938,410.5896911621094,482.6954650878906,501.0351867675781,1.408071087014002,1.1942046659775152,0.9270322929605116,0.0056310266071601,113.45483682946268,504.0,7.0,0.0,649.0714292064813
wf_sm_S320F_57,4983.58837890625,6494.671875,4983.58837890625,5083.97021484375,4124.02880859375,0.0,0.880088344661562,0.8412028181617317,0.0,258.0697580112788,108.0,1.0,0.0,7532.883266973686
wf_sm_S320F_58,5429.0244140625,6147.02734375,5429.0244140625,5452.62939453125,4462.52685546875,1.2741191659717903,0.8474032170459886,0.8038337654605391,0.0,524.9152312516756,21.0,18.0,65.0,6841.203899282193
wf_sm_S320F_59,18235.79296875,21449.12109375,18235.79296875,18689.712890625,17200.328125,0.0,0.9841918891049132,0.8693224590068644,0.0,221.0701246211256,86.0,1.0,0.0,25051.00075148109
wf_sm_S320F_6,252.3695068359375,299.23876953125,252.3695068359375,263.9588317871094,230.19354248046875,1.3339737684383188,0.9280548835833676,0.7316935481937569,0.0061255467266835,176.56726763474597,195.0,12.0,0.0,329.26973100884135
wf_sm_S320F_60,464.6338195800781,518.5177612304688,464.6338195800781,475.5310363769531,457.3018493652344,1.278726741993761,1.0094696784130133,0.936750592069424,0.0046902549862276,116.27553482998908,288.0,15.0,0.0,596.1036409640712
wf_sm_S320F_61,3148.9609375,4198.10205078125,2751.625244140625,3194.7431640625,3294.19384765625,1.523936258620637,1.2002388148224934,1.0062325210405665,0.0,264.7413832403238,134.0,3.0,0.0,4807.817424853668
wf_sm_S320F_62,1366.013427734375,1765.4007568359375,1366.013427734375,1373.0079345703125,1071.4595947265625,1.5835507371644149,0.8805539435497256,0.8474281916254198,0.0,382.5232019106815,24.0,6.0,0.0,2002.1240380473823
wf_sm_S320F_63,1200.774169921875,1519.05126953125,1200.774169921875,1313.257568359375,1207.2418212890625,0.0,1.0882084738941873,0.8915786929524042,0.0058407657973731,40.24922359499622,522.0,0.0,0.0,0.0
wf_sm_S320F_64,1272.1080322265625,1554.864013671875,1272.1080322265625,1280.1729736328125,1073.8953857421875,1.321322336436453,0.853032532327425,0.8044434251247118,0.0,454.33467840348703,27.0,20.0,0.0,1625.9565253862977
wf_sm_S320F_65,709.885986328125,596.4854736328125,709.885986328125,749.4722900390625,1151.800048828125,1.3810805332659737,1.0452918344396005,0.9379895339903512,0.0050602739442867,62.51399843235114,796.0,6.0,0.0,972.402596483647
wf_sm_S320F_66,4929.427734375,6675.03564453125,4929.427734375,4992.3369140625,4445.05615234375,0.0,0.9292542950936964,0.8446458675543486,0.0,300.1066477104431,79.0,6.0,0.0,7568.070559723917
wf_sm_S320F_7,212.56979370117188,249.7742156982422,212.56979370117188,220.95497131347656,220.13214111328125,0.0,1.0755680829850889,0.8447821431742716,0.004814776026017,140.4563989286355,354.0,19.0,0.0,276.0874114621853
wf_sm_S320F_8,3432.34716796875,4081.942138671875,3432.34716796875,3725.061767578125,4589.02197265625,1.4911701468650589,1.0423174824390389,0.906750612233139,0.0073151760804223,46.69047011971501,441.0,6.0,0.0,4990.56828718278
wf_sm_S320F_9,2325.177001953125,2876.141845703125,2325.177001953125,2527.771728515625,2316.78564453125,1.4596407128608886,1.0273269686560869,0.9207887432222416,0.0068923292213468,149.45233353815524,361.0,3.0,0.0,3381.9411906787723
