sample_id,mitochondria_background_signal_heterogeneity,median_mitochondria_object_area,background_noise_robust_snr,background_mito_signal_contamination_index,mitochondria_intensity_variance_across_radial_shells,nucleus_to_mitochondria_intensity_ratio,mitochondria_length_to_width_variability,mitochondria_network_compactness,mitochondrial_radial_anisotropy_index,mitochondria_neighbor_intensity_variogram_slope,mitochondria_local_autocorrelation_length,mitochondria_length_width_skewness,mito_clustered_vs_isolated_object_fraction,mitochondria_background_contrast_ratio,mitochondria_local_texture_anisotropy,intra_cell_mitochondria_cluster_coefficient,mitochondria_intensity_gini_inside_cell,mitochondria_to_background_intensity_contrast,perinuclear_mitochondria_fraction,mito_perimeter_intensity_gradient_mean,mitochondria_intensity_entropy_within_cell,mitochondria_area_fraction_in_perinuclear_band,intra_cell_mito_intensity_variogram_slope,mitochondria_intensity_entropy,intra_cell_mitochondria_clusteredness,mitochondria_radial_compactness_gradient,mitochondrial_network_fragmentation_score,background_mito_signal_to_noise,mito_intensity_geodesic_variation,mitochondria_network_continuity_score,mitochondria_polarization_toward_niche_side,mitochondria_long_tubule_fraction,elongated_mito_fraction_by_aspect_ratio,mitochondria_size_intensity_correlation,mitochondrial_area_fraction,mitochondria_intensity_weighted_eccentricity_variance,per_mitochondrion_intensity_skewness_mean,mitochondria_neighbor_intensity_autocorrelation,mitochondria_network_spatial_entropy,mitochondria_perimeter_to_area_ratio_mean,mitochondria_to_cell_intensity_dynamic_range_ratio,mito_intensity_autocorrelation_length,mitochondria_spatial_polarization_score,mitochondria_radial_distribution_entropy,mitochondria_texture_anisotropy_glcm,mitochondria_clusteredness_by_nearest_neighbor,mitochondria_local_entropy_mean
old_20210423_dish2_c10_r1,,172.5,,0.159852037762091,0.0064810784533619,0.3478433185351947,,0.4762474282725863,1.3733966238522497,,13.29286913484896,0.5128332654497476,0.0,1.0624853665948923,0.9551175236701964,0.6666666666666666,0.3111983526999327,-0.0789240418613702,0.056427706909932,2790.259033203125,5.279082558156302,0.0797912005965696,1.8658979472812511,1.425230722260205,1.6236258193293154,-0.4722930326733491,0.0009933068563236,70.82147045009357,0.0118696796822812,0.5157500844048811,-0.2401859406502016,0.0,0.1666666666666666,0.9574434121158774,0.0291918140825528,0.0061131316811407,-0.2631673717127227,0.0,0.8715001897018754,0.0,0.0977502857096407,42.46454744249236,0.1224189191719046,2.3059523672811153,0.4924616963230214,0.4591856385250502,2.150521755218506
old_20210423_dish2_c11_2_r1,,372.5,,0.3005930619627432,0.0086089074611663,0.2847103744995767,0.8597431654930114,0.6387729660287146,0.7667614666906775,,22.046057435274488,0.7313420133526416,0.25,1.060007736116302,0.973622739315033,0.8095238095238095,0.3235616838141359,-0.0289572187500181,0.1722037826826108,2543.183349609375,5.359710057968133,0.1064311594202898,1.6647688647625056,2.0448894339503174,1.237146724653028,-0.3209394399227324,0.0005660397531444,603.6687243127024,0.0184495441780174,0.2998818011546849,0.1894980153729838,0.0,0.375,0.7194974850284394,0.0475245693143716,0.0072056859043643,-0.3485941062494851,-0.4999999999999999,0.9088691856433782,0.3176869624766194,0.3182034525049773,84.40086205474837,0.0621547874676205,2.3916447289952143,0.508277700447751,0.431050929849663,1.85064160823822
old_20210423_dish2_c11_3_r1,,199.5,,0.3422205302513636,0.00572658656165,0.3045503403579684,,0.6008095755515542,0.8044856393416856,,19.510298849758954,1.299192466371581,0.2222222222222222,0.9717503898763534,0.9888941049575806,0.5416666666666666,0.2602349386769913,-0.0675009351210225,0.1224752027857532,2859.754150390625,5.320192274445704,0.105742229108163,1.4860723941910952,2.251635667787622,1.6125063884388862,-0.2258581035610709,0.0007093176293378,670.893100957954,0.0212204230029154,0.6170212765957436,0.0777907504830309,0.0,0.5555555555555556,0.9551446914725524,0.0650017343045438,0.0182686685673778,-0.588701078796438,0.1491478062091311,0.8844563508847173,0.2275401478131806,0.7547771098182599,223.9796310950339,0.1065087731136352,2.2975539786049604,0.5193566996511086,0.5032630651565907,1.7076807022094729
old_20210423_dish2_c12_r1,1217.2146,235.0,,0.2114943843453248,0.0061118556186556,1.1137104824549944,0.3366392739772796,0.8041396454082023,1.5131474659636586,126113.45723082448,29.85074563676032,0.3261296358130433,0.44,0.9375581603942598,0.9798574447631836,0.2666666666666666,0.3652994902462265,-0.0564302165604886,0.1152759689295148,2252.086669921875,5.151712649783553,0.088042794210195,1.5274535999704628,2.0327377355743135,1.541124581821404,-0.3245440969594454,0.0006407798990744,387.49461689122626,0.0149171220786885,0.118872583459993,-0.0579318795152889,0.0,0.25,0.2286647577495218,0.0540733032720545,2.9874002906202733e-05,-0.5486280510611443,0.178054978087242,0.9265317036309296,0.247346333744648,0.8941327523764653,197.65827806100936,0.1807334186822343,2.200126555508099,0.5470147527985163,0.55295318290602,1.4581708908081057
old_20210423_dish2_c13_r1,,143.0,,0.3193525685986698,0.0114015992730855,0.5411681913891078,0.358868090236187,0.5491193717855803,0.7122039989590693,,26.732382826124383,0.9325490829703036,0.5,0.9529722123015308,0.990090310573578,0.5925925925925926,0.3048146286452278,-0.0729795014470863,0.1318887631248824,2742.13037109375,5.398055730822342,0.1082377866400797,1.5085128151528002,2.416875561279266,1.224416187615884,-0.5667526418150011,0.0006594203804715,414.0408714519024,0.0197038222684006,0.6128048780487795,-0.0776871876050067,0.0,0.4,-0.094940613607245,0.0835657301422129,0.0103112427395623,-0.4288538183889649,-0.0565353886147248,0.9179257320309888,0.2319336573900992,0.9700440063132354,132.13782321188438,0.1121891019438194,2.2358131566823416,0.5540562569114497,0.5741795160210822,1.6088563203811646
old_20210423_dish2_c14_1_r1,891.7838999999999,152.0,,0.3428309525366411,0.0063200630247592,0.7644564967714875,0.3828052723646163,0.854803624562436,1.2571610970175382,-271000.084953872,27.95064279233999,0.5491921882992642,0.3333333333333333,1.017815831281127,0.9862934350967408,0.3888888888888888,0.3469268123575029,-0.0107371129240695,0.0,2098.14501953125,5.37425714152649,0.0059507561281869,1.2797976677870413,2.4541686323140484,1.354759915437277,-0.2403258109521669,0.0007460510578292,525.4280083574861,0.021991460186251,0.5396825396825388,-0.0109047510290658,0.0,0.3571428571428571,0.5759259929875875,0.0773268585963695,0.0,-0.4312145894969809,0.1427454196581768,0.9202873198901104,0.3128489939919607,0.7459563824142135,200.82713680627504,0.1505014687164652,2.012285757237188,0.5840833820537971,0.550975347144281,1.6702847480773926
old_20210423_dish2_c14_2_r1,,179.0,,0.397732914082597,0.0038466728292405,0.4966903855289847,0.3456936484336853,0.4057012541478769,1.1850049099026638,,19.87691753912431,0.2125617953530796,0.5454545454545454,1.0422536256960075,0.9904327988624572,0.4074074074074073,0.3318198927892237,-0.0965120206244636,0.1242551095132254,3764.32861328125,5.388596735762501,0.1014255284286416,1.7001575334881418,2.0516147274608505,1.5327683841615387,-0.3066025528807454,0.000638475336735,669.9937804472864,0.0186544825396442,0.5600113214227891,0.1255466912382392,0.0,0.3,0.9284701645211908,0.0425806451612903,0.0005766175157454,-0.2943669656038201,-0.5,0.8498565509347356,0.2295085404480472,0.3423736081917236,77.09106202395681,0.1797871403963946,2.2688536034441,0.5283342771070314,0.5895692522985841,1.820093035697937
old_20210423_dish2_c14_3_r1,1081.5567,250.0,,0.3871614844209995,0.0029110258910804,0.4578736208243168,,0.7969824505365033,0.8908921595973723,,22.1497699833744,0.8713516163126727,0.4166666666666667,0.97557265987295,0.9892652630805968,0.3939393939393939,0.3697448396226797,-0.1183897137741853,0.0718968623210642,2298.43798828125,5.381455430274926,0.108735048930772,1.458972041948524,2.750189835593403,1.4956300446954498,-0.2257147227392589,0.0007401962364874,441.656401395362,0.0132677448354318,0.7898550724637662,-0.1614348380796371,0.0,0.1,0.7910266135775436,0.0614082552896288,0.01726444120056,-0.239357474930101,-0.3082200821650018,0.9154719857585534,0.2438552154087951,0.6425297236280301,220.6282721522176,0.237740347941781,2.295860787830447,0.5202866974771889,0.4846037803236436,1.7774823904037476
old_20210423_dish2_c1_1_r1,1125.2934,159.0,268.3798641447503,0.4032325953023628,0.009953555651009,0.438084013768997,1.0067313820123671,0.3439979318304813,1.7267131509405007,536165.5088589606,23.2242757153074,0.1568947652376358,0.5,0.8961076138291991,0.9831143021583556,0.4,0.3755983722120308,-0.1584576723519126,0.0726558377708982,2600.051025390625,5.310673506443846,0.065819209039548,1.6943699623265245,2.6897264377222414,1.1195458663388491,-0.1934962619592134,0.0007433626636761,83.73677353885532,0.0210886793004545,0.0913627150125493,0.1069160051243279,0.0,0.25,0.4375523852660479,0.0744224765868886,0.0125012475731331,-0.2995795497629573,-0.4999999999999999,0.9090719995946313,0.2415665763443319,0.4806401806814132,90.41992740499047,0.2088187840806498,2.219010745177877,0.5613863139786053,0.5106169030849769,1.7833120822906494
old_20210423_dish2_c1_2_r1,938.4858,181.0,59.45458505005727,0.4115997029608448,0.0054013049229979,1.121607128032208,0.1651503408193588,0.3991760088798471,0.8298610157954305,419109.5738384568,23.27134281066772,0.5536651867954336,0.1176470588235294,0.9464502001993188,0.975596249103546,0.5833333333333333,0.3121467655472321,-0.1043545636459918,0.1527963579846453,2228.38720703125,5.383134582146091,0.1130650433998421,1.6098310099887454,3.442996889816138,1.1896956341906622,-0.4372871866328441,0.0008936939229555,20.024635223714437,0.0230056058165956,0.2924647125211163,-0.0351537560903897,0.0,0.2777777777777778,0.2677483465882525,0.0775534743901029,0.0112432425681099,-0.2602426283133653,-0.4013584134426716,0.9047439888817944,0.2681863694940518,0.5358513042109904,128.10258734899404,0.08830263573972,2.253066954863849,0.4758456511167006,0.4922970072904397,1.661441206932068
old_20210423_dish2_c2_1_r1,,241.0,,0.4538553394358704,0.0045137079432606,0.2238143977973546,0.024541808617115,0.3068234425074542,0.9469049507022412,,19.629518816380394,-0.1316332978490566,0.4285714285714285,1.0481263433744363,0.9788970351219176,0.7142857142857143,0.3282341267504982,-0.0778720947839804,0.1334211104578065,2313.691650390625,5.364077639217567,0.1113783255674131,1.583973878296082,3.4464023010406506,1.067215457477177,-0.0575376134609147,0.0029289111976392,298.25976389722854,0.0243065101571772,0.083506617286079,-0.1403815812962029,0.0,0.35,0.1582629395684626,0.0998728176667822,0.0008625526234528,-0.4618883993293888,0.2764882241097566,0.9202327897620164,0.2264763290702954,0.5804863586652057,110.9426073510416,0.1964312708406503,2.3024884516283404,0.5448669772912977,0.579140763424442,1.7745524644851685
old_20210423_dish2_c2_2_r1,,249.5,,0.3768714856461709,0.0072107226587831,0.1744123026777039,0.1626335675954818,0.3484405117531056,1.1324564301289777,,16.392936688938054,0.5634409923238821,0.0,1.100600354510607,0.990806758403778,0.6666666666666666,0.3146008940131803,-0.0226083631336639,0.1398183683124956,2565.263427734375,5.364373980976417,0.1075892857142856,1.564392859579816,2.8577739526542087,1.099875452985803,0.0410505999341782,0.0013471523531873,435.3836637344886,0.0208298825456812,0.2261063730414673,0.1706575783350134,0.0,0.3571428571428571,0.3264041004615242,0.0707688750144525,0.0399033586768109,-0.2513480860393749,0.4999999999999993,0.8858827417621431,0.2084773674484397,0.6275376103523065,103.0783854415496,0.0671017547495565,2.2854231693091247,0.5178813971174284,0.5124045058613034,1.950931429862976
old_20210423_dish2_c3_1_r1,1113.4326,362.0,,0.3444222665524933,0.0094850435853004,0.2802543061816918,0.4040652016282081,0.3846214649858183,1.9914847651372451,695133.4492224918,18.739830914263035,0.8749808406477322,0.5833333333333334,0.888792558265874,0.9817854762077332,0.696969696969697,0.3460445163137233,-0.1718792170595865,0.0547078361937089,2765.22900390625,5.339757237527705,0.0620453572956782,1.6865401960213264,2.457501890758513,1.1963355454122797,-0.1798522025818973,0.0013278698281214,633.3464696375859,0.0196693121338605,0.1736040461017617,-0.154853279359879,0.0,0.2222222222222222,0.6669940683401326,0.0649647358076078,0.0,-0.1419679013596225,0.4301862871545828,0.8941964103773882,0.1540107742505321,0.4176935932255943,175.2443454407493,0.1481787111311967,2.349069892335943,0.515846087443359,0.505598559412662,1.8105943202972412
old_20210423_dish2_c3_2_r1,,186.0,,0.2598067915500727,0.0064773084595799,0.7561475409282679,0.2884962653875351,0.6420176435133639,0.9335562934586316,-1003598.3298966888,21.959675591981902,-0.1289814065897964,0.2142857142857142,1.119110308263437,0.9823961853981018,0.5925925925925926,0.2977244692755163,0.0274229608589488,0.1264096889239486,2028.8255615234375,5.336990139943687,0.121080877506826,1.6428572149425242,2.156832755599316,1.3570580154431695,-0.3585277914868074,0.000861644006649,137.5960820184586,0.0178173635715469,0.4552375066636083,0.0,0.0,0.25,0.2617222421121895,0.0545912822291594,0.0,-0.3824137520598197,-0.3606633398063789,0.9217726771220144,0.3037479436608009,0.6128925393528836,113.20534261413104,0.0841820678359008,2.256525452821303,0.5726634958587855,0.5590877751824244,1.6343929767608645
old_20210423_dish2_c4_1_r1,713.1306,202.0,,0.2715782281631088,0.0022993865422904,0.5612047368980637,,0.3097558058596854,1.1785582980868354,36367.08696090956,13.499140497324897,1.1737782582370084,0.3333333333333333,0.8578808781589119,0.9852402806282043,0.5333333333333333,0.2929315624850042,-0.1182080930919689,0.0891529653077984,2193.25634765625,5.299663597915458,0.0626506024096385,1.772216399986252,1.9879594330240429,1.561500147417457,-0.4037245650228305,0.0009449315627769,127.7485070621282,0.0129680424234016,0.1483330153245872,-0.050377696047547,0.0,0.4,0.5920499745420159,0.0432142444213203,0.0,-0.3329576336937252,0.0,0.8940628141204757,0.4945138101657367,0.1254076694724437,68.66369838672597,0.0528842831180915,2.2426396439711973,0.5396208352494744,0.4311828017529284,2.1577351093292236
old_20210423_dish2_c4_2_r1,783.5541,291.0,,0.3968885021222382,0.0056747538037598,0.8796927507556703,0.4514032492876053,0.7287666903415814,0.7588030012474214,,17.689504936651932,0.8443419629835992,0.2142857142857142,0.9462177189091364,0.9628342986106871,0.4242424242424242,0.3279855379902541,-0.0482654455087698,0.1512468883102712,1549.856689453125,5.23226192654797,0.0914709517923362,1.2690431548532597,3.357824419486249,1.117297862600624,-0.2742671532870535,0.0008084981157799,277.02292423184065,0.025495268178954,0.1665434884537875,-0.0827787009618615,0.0,0.0714285714285714,0.3308001909844363,0.0831032489305122,0.0166122839270245,-0.5338349461330787,-0.3292084414294246,0.9460154308465244,0.2595473853237451,0.7112417435172024,181.65571198845268,0.0256395269301095,2.2709082434904304,0.5116648057516849,0.4999812813179848,1.6962580680847168
old_20210423_dish2_c5_r1,993.342,178.0,,0.4049977341616496,0.0023011211305856,0.6630737359575921,,0.7198890678462718,0.9123600262418547,145432.58469207413,26.43614691617561,2.0076067857421025,0.4117647058823529,1.0276221858174857,0.9851722121238708,0.6153846153846154,0.3079095348171998,-0.0011579534848815,0.0260095166472043,2403.2119140625,5.220280313982846,0.121031991744066,1.3964927427179576,2.9441047909555698,1.0573363054107614,-0.3998528503601508,0.0003103330621306,1064.7954846303182,0.0199290596049082,0.7642679900744407,0.0982959378150201,0.0,0.25,0.1911069009460133,0.1001595560180367,0.0071914253975096,-0.5015303357431191,0.1323137520966391,0.9212347427110416,0.2921279095713159,0.6142290046859139,201.8577502387025,0.0755629908834678,2.2306308461383995,0.584079386396973,0.7622154691858529,1.4814764261245728
old_20210423_dish2_c6_r1,727.9566,198.0,789.7161754444697,0.475406187349721,0.0035750155802816,0.0555308257227319,0.9643050187826157,1.089814445621708,0.9704546413688088,413022.1455887725,17.00472494166483,0.7651678363282157,0.7857142857142857,0.9959177400594518,0.97392600774765,0.6969696969696969,0.3316714706374419,-0.0627227822293348,0.1355587958289121,1595.96875,5.257846757196424,0.1120919387075283,1.3344727648955492,3.700444643102373,1.0150932872466771,0.0897721250537525,0.0027804904630937,152.83165585815584,0.021125788737394,0.118426618399737,0.0680409150965073,0.0,0.4,0.1380078210659895,0.0945482506728181,0.0059477845302713,-0.4331414437155019,-0.030947161955132,0.9294790906169742,0.2983443267796057,0.8078132760969986,171.96351564803948,0.1542491054837834,1.8258467535821912,0.5054073132501548,0.6036901716114009,1.768845796585083
old_20210423_dish2_c7_r1,1074.1437,272.5,,0.4421125660877536,0.0003581848577596,0.4343508801982177,,0.6880258394878487,1.580463351039176,-96946.30747150972,17.70653970155036,0.3792024305449751,0.5714285714285714,0.9560574742358116,0.9850130081176758,0.4074074074074074,0.3249806911384811,-0.0400020564187457,0.0537175651312469,2220.68408203125,5.340146105815353,0.0790289952798381,1.4592668903353443,3.0890078013170186,1.153302057095586,-0.0715028334899947,0.0027269133397977,696.9172854838033,0.0222045599408316,0.2750716332378219,0.0,0.0,0.5,0.242372342357177,0.0875291941264886,0.0079509905599987,-0.174006865903249,0.0001192538265253,0.925572430411452,0.2438141541821899,0.3492799022903821,115.5128504140594,0.0401534967370031,2.1765095646236974,0.5290840595559546,0.4820391488889705,1.906669855117798
old_20210423_dish2_c8_r1,,252.0,,0.4233877804542255,0.0073110684752464,0.7666591306863358,,0.5146144224096538,0.6653698659341061,,23.578116419926655,0.6389099437286857,0.0,1.2546542968381835,0.9850671887397766,0.9166666666666666,0.296962451335713,0.0811877552843847,0.0530434789986919,2513.4541015625,5.360355066953422,0.12,1.308343800333424,3.105361237545366,1.1648159230441628,-0.3544857969726863,0.0003161149528295,613.8303319736519,0.0228115242875844,0.3958974358974355,0.0780879383127653,0.0,0.4,-0.2136944789864908,0.1116385158739818,0.0024185358229097,-0.3542292947813259,0.0566546786558661,0.9201757305991652,0.2462384857833663,1.0279869070439835,183.0174649119855,0.149083066662255,2.165838130947697,0.5335941557991386,0.7096529988787498,1.560666799545288
old_20210423_dish2_c9_r1,1024.4766,230.0,,0.3464350286654795,0.0018116425490006,1.131632733186728,0.3681250967502594,0.3746356332472724,1.308537773197138,,14.362080781739325,0.4398263222439134,0.4166666666666667,0.9468743595527134,0.9796205759048462,0.3333333333333333,0.2958505464600858,-0.1160395771476906,0.0780684871970816,2710.114501953125,5.305974448614622,0.0547348026156454,1.449763787910423,2.588756797150614,1.1987966141465822,-0.3269067171019387,0.0003470391664225,535.7701942301622,0.0182756506421082,0.1849579452588715,0.0,0.0,0.3846153846153846,0.285980184175361,0.078868247782854,0.0036202558875337,-0.3327006147931518,-0.376499368623938,0.9352469592486966,0.2724577533411643,0.4745897430118258,112.9783484881768,0.0531879837706612,2.275605677232307,0.5987563595197177,0.4724129369987017,1.9424619674682615
old_20210423_dish3_c10_1_r1,,200.0,,0.3011029162797819,0.0002777395420707,0.7235942891451658,0.2404948252916336,1.0123096061960597,0.9895979626664964,,21.05763935472136,-0.0828967091285303,0.0,1.0635562005668897,0.9827117919921876,0.7777777777777777,0.2775400785254067,-0.0038116357923025,0.1278295976488945,2074.977783203125,5.334918491711966,0.1206506364922206,1.484913383735181,2.6295980300097037,1.1778927845183045,-0.5511159146130324,0.0015964116253749,538.6473172701493,0.0177223892268051,0.2696304228902901,0.3922852875084005,0.0,0.0,0.2960693732355897,0.0734142675453809,0.0034051489572759,-0.4290216873318106,-0.288665607692622,0.950768787560616,0.2651897424775563,1.1082507900288163,100.62757300085184,0.070382381252306,2.1806369679435216,0.5754530688767018,0.4264018989578784,1.665123701095581
old_20210423_dish3_c10_2_r1,,196.0,,0.2738388314234499,0.0008382527157664,0.17282127029601,,0.7249673330866012,1.1524977323597905,,15.106321560446782,0.1646720574193172,0.0,0.9467687744235036,0.9785395264625548,0.7916666666666666,0.2755903685805121,-0.0977661689804159,0.0904183510068841,2276.233642578125,5.202378236807303,0.0939100739897552,1.6591287820371323,2.3279716581711365,1.1282604510560308,-0.2503011829417546,0.0006636468699003,419.08335797105434,0.0180077518041213,0.3758526174418986,-0.4586677797379032,0.0,0.5454545454545454,0.6035833615784904,0.063281304197017,0.0,-0.3050161354264717,0.4992799257959275,0.91771298344576,0.2845177968644229,0.429411395788578,126.81784627453456,0.1161324634675226,2.25223492835285,0.4697486456658807,0.4580966834755752,1.7342904806137085
old_20210423_dish3_c11_r1,744.2651999999999,206.5,,0.4424047727909679,0.0028568031266331,1.0058283615414567,,0.6549030319193961,0.6763505634350052,,15.820925855100803,0.5386705027722418,0.1538461538461538,0.9763937334741256,0.9720037579536438,0.2424242424242424,0.2530122852770666,-0.1054045696073167,0.118046811367177,1806.963134765625,5.263151392558939,0.1089894703756089,1.3113142957455928,3.5417094001651823,0.993164522518453,-0.2781007441409636,0.0044809655139366,458.6535884422188,0.0245844860711107,0.1163979553527081,-0.0802346506426411,0.0416666666666666,0.32,0.3113944084650097,0.1195143947277141,0.0272595829602152,-0.4090534570871105,-0.3296169685673357,0.9522049733448186,0.2655485935588684,0.5949174965703286,124.57848522172432,0.1659595802918721,2.1135909543096387,0.5014651643114679,0.5192680259343563,1.7188117504119873
old_20210423_dish3_c12_r1,,230.0,,0.4096209912252102,0.0096112797036767,0.2866861029927331,0.7086271934509277,0.3748583420766359,1.0060313919281847,,19.04478897501802,1.0287704230124262,0.3333333333333333,0.952507622520938,0.990833044052124,0.3333333333333333,0.2848906017674428,-0.0868012689670977,0.1121836840317909,2715.898681640625,5.344510626836122,0.0877106856488299,1.3244762879522691,2.837785167447048,1.1135979903584965,-0.1463567005411562,0.0016141636406483,460.5646450607281,0.0192557090919756,0.8132780082987541,-0.1563756799185147,0.0,0.4615384615384615,0.0351306127085724,0.0875754422476586,0.0378067216983536,-0.2903654690971036,0.1762315356517468,0.916294747081962,0.3037009908383612,0.7271367714533072,150.56130417298343,0.1906821113208527,2.336374982985519,0.528766093982339,0.5649907995956055,1.787538766860962
old_20210423_dish3_c13_r1,,165.0,,0.254200604722921,0.0051275631412863,0.3260021632747056,0.2410261048078537,0.6905272018032581,0.9870493583197518,,19.924952347827677,0.2739627477011078,0.5714285714285714,0.8583780077041068,0.9925638437271118,0.3999999999999999,0.323728507414027,-0.150444826243938,0.0713650111786595,3370.68359375,5.384871171689918,0.0859325270528325,1.40321472901182,1.9908871570727589,1.322753013043892,-0.3782181525450321,0.0008711988498364,223.7959590454812,0.0146376981602397,0.7786713682355273,0.1853045719926075,0.0,0.5,0.4622318467804973,0.0407862180598913,0.0,-0.2096064966562645,0.4732054740659874,0.8855616236109761,0.2613250732671088,0.5620573988431152,163.59466363814633,0.1275509165094232,2.2637576794341117,0.5959553247054683,0.5430634373232704,1.8519349098205569
old_20210423_dish3_c14_r1,,125.5,,0.3108523283667446,0.0024045668542385,0.1161570218937683,0.3468925621390342,0.8562658709767053,1.0519235249674268,,15.072985869436875,0.3589031186920873,0.0,1.1043505223351966,0.9896719455718994,0.7142857142857144,0.3136708343999328,-0.0252688569374319,0.0921299546113214,3792.273681640625,5.337022863614818,0.0998810939357907,1.5625016413440371,1.8226749351587264,1.456902390029664,-0.3882760462226239,0.0004852918789216,466.5225149087649,0.0146294679654311,0.2636703415981339,0.0578313355804771,0.0,0.3333333333333333,0.5891743843263593,0.0422615331252167,0.0011302352374632,-0.3757061384614869,-0.4999999999999999,0.8884130974234058,0.2754778827035138,0.2479907014684762,92.54858065581854,0.2306164190393008,2.061311154375016,0.5067512640115641,0.5306462824696151,1.855306625366211
old_20210423_dish3_c15_r1,,153.0,,0.3289826259547945,0.0032262920867651,0.3425533753701656,,0.9110046221937408,0.9328335242205544,,17.450591213271547,0.9739253330354242,0.0,1.0264453991093274,0.983679473400116,0.6666666666666666,0.3403018206028854,-0.1590775302943861,0.1531302917148871,2761.56689453125,5.381603214112662,0.1180788590604026,1.716110670007322,2.1020155926662,1.3920832864344928,0.0555220103605385,0.0006785214732048,398.45524935839035,0.0159196800537506,0.1128342811276112,-0.1337366903981854,0.0,0.1875,0.240995329120936,0.0449809226500173,0.0085282150007118,-0.3605251129966004,0.0,0.8674793151070638,0.2923320239982163,0.3704361232252547,78.2365686414795,0.2811602037683374,2.113148182361368,0.5446691512561245,0.4997380960888806,1.8116333484649656
old_20210423_dish3_c16_r1,,152.0,,0.2363543478096449,0.0063027716241776,1.185113043395818,,0.8992704725188838,0.4409522714677938,,18.26186289308306,1.0389140481385093,0.1538461538461538,1.0718570441381552,0.9693779945373536,0.5454545454545454,0.26921177476032,-0.0258597618899617,0.1207046645584065,2007.9256591796875,5.275590193992606,0.1207688382377955,1.2170472991272372,2.3103266545351016,1.2782287376658272,-0.4072424697947582,0.0006885467868781,286.65841277526516,0.0208417196361636,0.1237208768109831,0.0328226068968414,0.0,0.2,0.1503218409117478,0.0562145912822291,1.232595164407831e-32,-0.3193710071135631,0.3379526362567476,0.9329218194028508,0.2638072120425319,0.8872835550596313,141.89162173656243,0.0484368419342637,2.2316523396256738,0.5447022696189646,0.6685378368539142,1.522424817085266
old_20210423_dish3_c1_r1,1246.8665999999998,204.0,588.4624928894882,0.4744782302450966,0.0010601895628497,1.0707418118447007,,0.7385634078486972,1.171877621646725,-312201.20821920724,22.999711799885784,0.0208175973593859,0.4,0.996030435648932,0.9811420440673828,0.6296296296296297,0.3136389348490529,-0.0893934946425155,0.0877345652900375,2697.1396484375,5.3893513316414925,0.0895875867701102,1.3833341966129271,3.092196102293997,1.102714311831349,-0.1667144549876643,0.0009296014187516,210.6284559068077,0.0174758140419003,0.1886197382106856,0.0948759345598118,0.0,0.4705882352941176,-0.1376919406325145,0.0882090415076887,0.0018713960770069,-0.4598110973613866,-0.0149402182299003,0.9032187144700412,0.188779444338861,0.5574369542583456,122.9104372051263,0.0794525716899616,2.212443583370563,0.4847215361145192,0.5432368313702588,1.7768220901489258
old_20210423_dish3_c2_r1,796.1562,201.0,,0.4352988082722457,0.0083948476240038,0.4882824613043651,0.2346813265800476,0.8428557527237508,0.6175301144124001,-72034.87820708881,22.159397653063177,1.6529063091127465,0.2222222222222222,0.9947924104362696,0.9804875254631042,0.3333333333333332,0.3065151077687462,-0.0761828564636595,0.1559469972090173,1995.7108154296875,5.365147913213539,0.1148600653501917,1.4639078152551357,3.1518510226791787,1.1088891131991483,-0.0949600925378687,0.0012498267503012,378.3892255507611,0.021115572212811,0.276334603929749,-0.156276382938508,0.0,0.2941176470588235,0.0778555398418836,0.0984899988437969,0.010208811106483,-0.3862338327845707,-0.0308177188761935,0.920821657353699,0.1891313432986787,0.931488909113383,135.04689525592622,0.0849753795201748,2.3314188290956617,0.539507867375382,0.5878216960021717,1.7020635604858398
old_20210423_dish3_c3_r1,,186.0,67.16548272716939,0.3674658515266533,0.0230695270001888,1.1001050720125989,0.3286410959243774,1.0983764413731392,0.4832031712979491,,22.293558284170626,0.3769763824105947,0.0,0.9668543028305812,0.9832964539527892,0.1851851851851851,0.3403281966830425,-0.0462893256315744,0.173300486975293,2009.2730712890625,5.395917191000963,0.1160036440935317,1.8265044519188365,3.5759492005205034,1.3705421836905805,-0.2588623795993173,0.0003719546258244,15.71631636779236,0.0193375701450711,0.1513009799754274,0.0187815676453293,0.0,0.4615384615384615,0.2765847211160333,0.0745427217019308,0.002828702126605,-0.3707242518562516,-0.0858575716389775,0.9373988407880136,0.2640529144273403,0.9143297708922812,145.29016746263198,0.0487049368371995,2.059314029863293,0.5822641938843814,0.3982838036899752,1.7436282634735107
old_20210423_dish3_c4_r1,729.4391999999999,210.0,,0.4774348697012076,0.0053469212725758,1.0943486973070662,0.1584812452554702,0.7824586614987504,0.7743631824530773,180250.89941525809,21.030492341188015,1.1824668037583896,0.2916666666666667,0.932870218082933,0.9675288796424866,0.4166666666666666,0.3060820993121089,-0.0988756495645344,0.0593352334759185,1560.289306640625,5.329858675643502,0.0808169402330535,1.2646404239966564,4.0944110243273,0.931800235674372,-0.3194957358723975,0.0255031470084425,5.364982534011214,0.0253793910256503,0.1154738321300807,0.0753022880964381,0.0,0.3636363636363636,0.2685426631947982,0.1363209619609203,0.0266552753326866,-0.4204256166063227,0.4680417104890158,0.9574950603029913,0.3023960558824271,0.6625073330050765,228.03555557648792,0.1433248948054267,2.291413149073856,0.4999145819593661,0.5568934167590829,1.749763250350952
old_20210423_dish3_c5_r1,788.7432,223.5,,0.3308419767898992,0.019706767052412,0.92769981689081,0.7676402233600617,0.8252552108955861,0.4114787620223715,,25.84753102211668,2.0746972874584864,0.1666666666666666,1.000244113699552,0.98093843460083,0.2222222222222222,0.295538959183703,-0.0488785932191037,0.1909185300399429,1989.2886962890625,5.28976400438151,0.1218732367876622,1.586184292805258,2.3340782395582074,1.2648301686702978,-0.3598623478922961,0.0006157113015596,408.2353612766242,0.0211745861703276,0.4326739051976642,-0.0948090584047379,0.0,0.125,0.152107039826314,0.0560573476702509,0.0012078752108706,-0.4629921451637088,-0.2621664207021412,0.9224723436114028,0.2244253484648775,0.8279194191183993,226.0570652383507,0.150364381532814,2.12553882195003,0.5608090316421124,0.4970132403863678,1.567248821258545
old_20210423_dish3_c6_r1,,191.5,871.2171330526179,0.3270367243217563,0.0168226193636655,0.9291367664701208,0.3050558025240898,0.5346855053846894,1.0160042609764666,325347.01063588355,20.52656017327251,0.4521067656783132,0.5833333333333334,0.9467006226074476,0.9822269678115844,0.4,0.4020429597664532,-0.0700334979378514,0.0952584168928829,1844.3184814453125,5.3162473378956605,0.0707729468599033,1.603652371854395,2.489623796828845,1.2446950816649809,-0.264659017426924,0.0004201148012084,148.64087000743427,0.0174750171745606,0.2245998091418552,-0.1513975738197244,0.0769230769230769,0.3333333333333333,0.2055296191072737,0.0644097583535668,0.0,-0.3122799910694712,-0.5,0.9295982456425688,0.0,0.221937934929014,91.05688601713533,0.1099638481493148,2.2284105473681413,0.5327889967367454,0.5074378645295013,1.9419240951538088
old_20210423_dish3_c7_r1,721.2849,176.0,,0.3906927364070872,0.0096404841169714,0.811377510323686,1.6271520365953445,0.312899348323317,2.125725029239763,158229.10466719788,24.152802820933392,0.470307675649828,0.2666666666666666,1.122853144425569,0.9846184253692628,0.4615384615384615,0.3393066091733365,0.0403444988082191,0.0409182701460503,1735.9818115234375,5.366680988228541,0.0674969249692496,1.5516875531876648,2.8852076602014396,1.147706256555472,0.0056615548025169,0.0008076221619317,367.9346066106329,0.0170128202566336,0.3496431226774785,-0.0206815329931115,0.0,0.1666666666666666,0.2687564597169575,0.088412533240837,0.0026456232991053,-0.3244719409810694,-0.523586814475779,0.9269861532569512,0.3179311799306302,0.6101196295567175,118.4844880527761,0.1686919071275129,2.182843708943859,0.5267113385942762,0.5604459682883308,1.8209114074707031
old_20210423_dish3_c8_r1,,160.5,938.216488227356,0.3330184222563747,0.0089474087581038,0.8830302313553341,,0.3278661970894903,1.4144130965366988,665997.7961579432,19.201855239868735,0.7400808990783504,0.4545454545454545,1.0461358887260566,0.9646735191345216,0.4814814814814814,0.3915751149159792,-0.0449784769382237,0.0,3007.53857421875,5.392463288530333,0.0482300884955752,1.8947913499572315,2.043575580475969,1.4424202917156734,-0.2571579352036317,0.0023673553634365,182.11244406955976,0.0107727312391208,0.2112735974025849,0.0284095025831653,0.0,0.375,0.6519702461737068,0.0364018961729679,0.0044821312533389,-0.1154193719433662,0.0,0.8807270715608383,0.0,0.0941780488585401,55.23703898296336,0.1776045237499341,2.259910287933185,0.5027435552625062,0.487610829423881,1.9827553033828735
old_20210423_dish3_c9_1_r1,745.7478,181.0,,0.4162305910254584,0.0012161843478679,0.99519601947369,0.4957516566753387,0.529244900175986,1.1682295930506326,267305.98110698885,21.107839633307183,0.8127686902677653,0.3,1.0781095883532137,0.9737796783447266,0.4814814814814814,0.3188532331381115,-0.0128464602949208,0.0353112724723839,1811.6724853515625,5.186439682666194,0.1035600545950864,1.3692341616843466,3.328909914551831,0.971212109331594,-0.2570050487657048,0.0034179593560013,267.2481778654372,0.018603529043373,0.0836546958707285,0.0301453293010752,0.0,0.2608695652173913,0.8373826761525159,0.1072170193085906,0.0187975285147258,-0.3709199664460565,0.0294607468915314,0.9354173022650132,0.3112831357312133,0.9441870626283884,189.80432750542073,0.1280105919854772,2.1874844776181073,0.4836513717712729,0.5348395158817814,1.6370031833648682
old_20210423_dish3_c9_2_r1,,164.0,308.6806856643503,0.3198325030452795,0.0148401577025651,0.3396866651982032,0.5023711767554283,0.4620006608358536,0.6101233280234339,,22.16772623074832,0.7471186953127894,0.0,1.0072100530849315,0.9799206852912904,0.7037037037037037,0.3184624766966351,-0.0431644251061163,0.1876661107833303,2125.65185546875,5.345820625425992,0.1151419558359621,1.5153033713693536,2.6660833474712087,1.3481776578128664,-0.4270922242591308,0.0009590758960378,66.18102888706268,0.0153445845704842,0.5702071423134548,-0.1403865034862231,0.0769230769230769,0.1428571428571428,0.752445337659459,0.0624072147069025,0.0002367216611628,-0.2743128354639833,-0.2361633800120463,0.903544179998826,0.3403884124795092,0.3947596973725849,130.9877778146163,0.2249382733566111,2.2216129340039865,0.5000574967031585,0.5226915293562079,1.6916439533233645
old_20210423_dish3_c9_3_r1,,202.0,263.9185901242158,0.4101786023573627,0.0073513751849532,0.0927692040842058,0.0258115949392318,0.7709972572240016,0.6451800486749142,1521272.1387113512,20.187125141599765,0.5888559623116879,0.3333333333333333,0.9666400798218654,0.9835614562034608,0.2916666666666667,0.2873057205298746,-0.085863822420072,0.1506039637584969,2135.380126953125,5.364254079998453,0.1154923731451696,1.4542434414032872,3.4648416058239526,1.0373661394908182,-0.1096498773540124,0.005685513082635,43.92774230706483,0.0249281936234885,0.3718897179758922,0.0,0.0,0.1666666666666666,0.0252616073450069,0.0819840443981963,0.0053381081668389,-0.4124323356293997,-0.0346410523230281,0.8966521967651802,0.2446470754069094,0.4731595267351083,124.34242187401428,0.0673560135569914,2.3567030380320833,0.5034062372834004,0.5880130997241564,1.8111226558685305
old_20210423_dish3_c9_4_r1,,186.0,832.0966734007068,0.4220848056164236,0.0026242805179208,0.436174911622246,0.2448260965704917,0.627490015441842,1.079307655514131,,21.249249824788595,0.8646930409984481,0.2857142857142857,1.090219589506769,0.9791747331619264,0.3333333333333333,0.2996436826833093,-0.0520306723475825,0.1293777971873332,1753.327392578125,5.245868198185941,0.11997344461305,1.6676663936845582,3.168656611574653,1.0225040595212198,0.0402268103801465,0.0019744449991534,223.19509006879008,0.02405523276591,0.4492957746478866,0.1346392231602822,0.0,0.3043478260869565,0.4909519033748739,0.0885096542952942,9.262724014906415e-06,-0.3418858455876054,-0.2825193056853077,0.9164268467703875,0.2794467831444379,0.6244701112367851,125.02943584709244,0.1227587718405601,2.3624747607780785,0.5529194266777938,0.5287180644185685,1.5815666913986206
old_20210423_dish4_c10_r1,1055.6112,185.0,,0.247950581381781,0.0059099621139466,1.079370724975137,,0.6100951506599168,0.7198245805655757,,21.798676841874315,0.8452770585520021,0.3846153846153846,0.9937420804829664,0.9823397994041444,0.4722222222222221,0.2985320690554807,-0.0198047032560976,0.1299183505636451,2714.25732421875,5.3660541537649165,0.1028287974259283,1.4669748292291511,2.0109603086711454,1.5703716773868948,-0.5456795907954698,0.0007851757023094,320.55159925107915,0.0140462493614405,0.8535031847133739,0.0798715638720299,0.0,0.1111111111111111,0.3740037280803512,0.0486647086947612,0.0008756704449112,-0.2651660604372207,-0.1489738549000951,0.9106350679353864,0.2895585341799154,0.9424886773241888,163.79903521180222,0.0460782896206345,2.2262748481148944,0.5041040891780569,0.5632629280333289,1.7016721963882446
old_20210423_dish4_c11_r1,873.2514,196.0,,0.4394093288194851,0.0053047374822199,0.209703883099484,0.5543775382876396,0.2469978815043645,1.1385056332973544,,23.844947349031543,0.2217742111681527,0.2105263157894736,1.0822100162144377,0.9845556020736694,0.4375,0.3506246707200282,-0.0445295608864362,0.0964928157270943,2547.666259765625,5.353492026605168,0.0665306122448979,1.554157780245008,3.3769380621784744,0.9635528889784056,-0.1223160469383627,0.0009695899313511,547.2366834648826,0.0221051968702227,0.1376553146106043,0.0303591893724173,0.0,0.3333333333333333,0.5168783873656292,0.1121721535414247,0.085252136952108,-0.3989424236763912,0.2007287687109602,0.937373851869218,0.2360874414041144,0.7685554965871901,152.42756040239703,0.1329056749618223,2.1081304203704936,0.5200362841482518,0.5881948115938593,1.791886329650879
old_20210423_dish4_c12_r1,883.6296,236.0,,0.3102635525812253,0.0043353457003831,0.8633669023024522,,0.7040242365218221,1.0586396008978958,-11459.77579973767,18.90876298534996,0.5231806857247119,0.3846153846153846,1.0080701752057444,0.975919544696808,0.3333333333333333,0.3102690462747637,-0.0359947979490028,0.1282703251643895,1751.187255859375,5.261969187766737,0.1099050203527815,1.3846685399323804,2.4377801915640354,1.3132690970996552,-0.2294433388576275,0.0005102760327468,339.04383252164695,0.021573796023727,0.1289012064396977,0.0451506937830901,0.0,0.3076923076923077,0.1892157940669176,0.0723482002595451,0.0002770393343685,-0.5299998009107512,-0.1475029214428845,0.9492856579282716,0.2778249621983524,0.6303857513066037,181.8431939235526,0.1031138411056283,2.0837904226431316,0.5167354229925805,0.5554429573439239,1.7157633304595947
old_20210423_dish4_c13_r1,670.1351999999999,176.0,,0.3917429040275437,0.0013638117816299,1.1342560011623852,0.1927328674793243,0.769106562026265,1.0439780273103514,956859.7819619311,29.394167664338685,1.286698444300761,0.217391304347826,0.9571328295667032,0.9772312045097352,0.3508771929824561,0.3124008918921352,-0.060134784014804,0.1210489083928062,1677.9952392578125,5.165300380177344,0.1154802259887005,1.5810447723093242,3.036443274824139,1.0040435386068582,-0.2838004158245892,0.0062607089428025,392.778342651253,0.0261949305160073,0.2173980816485838,-0.0141926915192407,0.0,0.2727272727272727,0.3606715282120689,0.0831910388634656,0.0205439660323585,-0.3400100798683435,-0.0205447366633808,0.9333059716327567,0.3026594876597949,0.6738581907741269,169.84048070209715,0.1123363318909318,2.2131330706041843,0.5254911992599236,0.5657274770145186,1.3502219915390017
old_20210423_dish4_c1_r1,,172.0,53.52376250317987,0.4322316808185418,0.0086202416568994,0.7335169420185681,0.2523764162421226,0.2781023614189991,2.2057000297951705,,19.521770523426905,0.1457944676875337,0.0,1.1136621929151962,0.9585663676261902,0.6666666666666666,0.3889968406908171,-0.0262485086530643,0.0780862380229642,1793.363037109375,5.185344793982047,0.0959929546455305,1.9011265894704397,4.142834536953966,1.0023784942248812,-0.1079964763181792,0.0012330956413768,15.250071406116534,0.0275723232939542,0.1573944317737863,0.0834704983618951,0.0,0.238095238095238,0.4136131899240969,0.095576367210082,0.0,-0.3972381017158139,0.0,0.9357700566552136,0.1832679531234795,0.3473216032426901,107.0638973100446,0.0858187487768151,2.27980775736955,0.4841259424108924,0.4919034527662903,1.708935260772705
old_20210423_dish4_c2_1_r1,955.5357,150.0,285.3095811302484,0.4503927843613235,0.0065069198608398,1.1427601589426089,0.1460766815543174,0.3515807385171087,0.941115824548852,,33.60562711815658,0.1062297295763711,0.0,1.1763620397988552,0.9835454821586608,0.2962962962962963,0.3110649017688904,0.0229547198663451,0.1223642641172468,2173.847900390625,5.3792238675256545,0.1078737919272313,1.4345934776612494,2.8804844951415243,1.2549143630846809,-0.2694834493849626,0.0007388021524729,86.92393788395684,0.0213267097604699,0.3898921315105951,0.1111091859879032,0.0,0.2105263157894736,0.3791751343844429,0.0770956179905191,0.0009472346352766,-0.4097337273681459,-0.0899346602836039,0.9232157184718184,0.2672528939880358,0.8324876884933197,156.84497464589543,0.3593181082604501,2.273622602895649,0.5087959654787425,0.5744333238418713,1.602782964706421
old_20210423_dish4_c2_2_r1,,262.5,,0.4494437229881414,0.0144726689904928,0.3040395886495602,0.7781866343021392,0.7566316492210805,0.5537369991033438,,22.046695623820757,0.8527326353154296,0.3333333333333333,0.8855870925129758,0.9804856777191162,0.3333333333333333,0.3105724367026323,-0.2101290282665835,0.1908710546305523,2659.817626953125,5.325715809131172,0.1165009406073636,1.700202333002388,3.1397753558632093,1.0286567610238346,-0.0936780127839621,0.001074099429686,291.49238254536016,0.0226146867106142,0.4801444043321293,0.0811629756804435,0.0,0.3684210526315789,0.4542469448296558,0.1003907966238871,0.0032098649687446,-0.3442777866459081,-0.2439714205196643,0.9024818743471288,0.2347822401320175,0.5049253765672719,103.5965553263282,0.092911089045469,2.3413113590022983,0.4879098869900927,0.4811666863052992,1.6532930135726929
old_20210423_dish4_c2_3_r1,987.4116,164.5,291.3318161467395,0.3731413859745556,0.0059314146637916,0.5643881678595715,1.7458797529935837,0.3675699023659175,2.2131931375725036,1684670.1125771494,17.178676780898833,0.5605888216187948,0.0,0.948828009366195,0.9704298377037048,0.2424242424242424,0.3300064512454439,-0.0902220461790967,0.0247199588942221,2767.927490234375,5.2697805430872355,0.0419331911869225,1.8519187960130716,2.604211591431935,1.5177747308634104,-0.4341711878996119,0.0007259616037251,77.11676965952859,0.0134368679314898,0.1307022290846659,0.2506429036458333,0.0,0.1538461538461538,0.7413036021994523,0.0513307896866689,0.022301782299957,-0.282303073530941,0.4999999999999998,0.8981690733421337,0.2511266048400454,0.5083768523012604,108.24784470984233,0.1771915715985203,2.2660298991305043,0.5389475340601642,0.3917495060795096,1.9373817443847656
old_20210423_dish4_c3_1_r1,848.0472,214.0,291.74790319990984,0.3906905107905629,0.0067084156908094,0.5507401385684315,0.0388770767211914,0.5175698732016005,1.5775674942093487,,22.01035208639512,-0.0305956865915967,0.4230769230769231,0.9781370661693312,0.979281723499298,0.2608695652173912,0.3329813607695535,-0.0408107030903068,0.0260773733373123,2069.0888671875,5.3125821359181655,0.0363532000382665,1.6329751493226776,2.8097921307250195,1.3833284308743146,-0.0610065961012135,0.0009625371193252,70.80357016010555,0.0182117459582086,0.3862068965517237,0.068085170777376,0.0,0.2916666666666667,0.3301422549172971,0.0789488039713062,0.0001534618142988,-0.3738354481002026,0.0341009450467602,0.9358479499169048,0.3293690121028595,0.9020557481246686,236.28837794275535,0.1150606255902104,2.2127113753879253,0.5311040401996832,0.4957767802742896,1.735183835029602
old_20210423_dish4_c3_2_r1,,199.0,,0.4146900423496402,0.0143824014812707,0.77976395086745,1.309468713247776,0.7763063784090328,0.7909855459977942,,21.144621240885943,0.901831566768771,0.0,0.972051257997028,0.9705897569656372,0.303030303030303,0.3203477051557568,-0.0693312362883793,0.1406730888198084,2248.2607421875,5.352646748103515,0.0998320134389248,1.7162954337565384,2.648935385697406,1.210448493543089,-0.3531609188379783,0.0006820815064131,330.83762519251223,0.0196530267061994,0.2422236668086513,-0.0754662954679099,0.0,0.2727272727272727,0.929145709608303,0.0636929124754306,0.0,-0.3882076402712199,-0.5,0.915824096593955,0.0,0.4142188411935485,90.28679884598246,0.1096702658130199,2.2739948752956693,0.5667917101223016,0.4349397785398063,1.7193962335586548
old_20210423_dish4_c4_1_r1,821.3603999999999,209.5,,0.336609550288196,0.0061430679634213,1.2134469860647603,0.3527630594015121,0.6945797672303391,0.821454805646902,-238998.7396354106,20.32804515156648,4.480302678808284,0.3225806451612903,0.9464765553503716,0.9734060168266296,0.3623188405797101,0.3177864271131527,-0.0433299420341364,0.0459183882649539,2129.550537109375,5.390054039485916,0.0453097345132743,1.4498506669467943,2.443079411156917,1.4043343698530273,-0.3173097880840867,0.0014611185021219,322.5908790529954,0.0221089095799158,0.2508035190648989,0.0391200568086357,0.0,0.25,0.1377017988429277,0.0650664816741819,5.6137171649891673e-08,-0.3028248321405449,-0.1773231555511877,0.9287458050387144,0.2759983672769783,0.6021348180478023,232.0,0.0214826582217516,2.2976349123446096,0.5606032875027102,0.5251129941145848,1.822376012802124
old_20210423_dish4_c4_2_r1,667.17,283.5,,0.3730117345927878,0.0055916956625878,0.7416932675027791,0.0905645998477935,0.978157684795128,1.0587871311177235,580200.0306031068,27.460275698709943,1.666841720297639,0.28,0.9548069209706562,0.977741003036499,0.3181818181818181,0.3082389373822551,-0.0576617176015498,0.0454979360076145,1755.703857421875,5.308895509803413,0.0746384872080089,1.4092409497182752,3.139655726481388,1.0908006345235213,-0.1733665196056151,0.0004828955366668,743.2216556225364,0.025915599557674,0.1866264231863183,0.0395488123739919,0.0,0.2857142857142857,0.0108658654492166,0.1054642155162446,0.0294705250590862,-0.4663293713036816,-0.1738073028814468,0.9543178316865542,0.262201415562164,0.6972964737748806,198.85144503356244,0.1408851242303988,2.231657941737118,0.5017396092885539,0.4916221125773503,1.5512877702713013
old_20210423_dish4_c5_1_r1,1154.9453999999998,179.0,712.683738644633,0.369369747511926,0.0056840707547962,0.5384376937012856,0.2016635241508483,0.3932803073214006,0.7603676043509093,1334512.014867626,17.126867973086668,2.68013867586655,0.4117647058823529,0.9647374285826104,0.983926236629486,0.3333333333333333,0.3058309515075723,-0.0823611954692577,0.0864721509635466,2119.85791015625,5.360706577667123,0.1059243050490315,1.419682303593382,2.9921926186251837,1.0880874180489444,-0.2550903082032779,0.0015793978902875,181.2934588811576,0.0175710769020106,0.1278736603313661,-0.0399664766045026,0.0,0.2941176470588235,0.8748557964048644,0.0729841600184992,6.568148918335819e-05,-0.3614284896625761,-0.1418556961214689,0.9219926135833,0.1852738557122968,0.2888623102905795,131.45433356398917,0.1526849736742101,2.227074122279143,0.4790794626936236,0.5446080508406123,1.7642104625701904
old_20210423_dish4_c5_2_r1,,192.0,682.3597416295988,0.3427878335190532,0.0151252001523971,0.6356596379328551,0.4777959643363952,0.8427019713593877,0.6007695495324874,,22.354616173458357,0.0262494705725917,0.2222222222222222,1.0126338547473663,0.9805774092674256,0.4444444444444444,0.3579753498628828,-0.0579256849907242,0.1951614053350295,1850.5589599609375,5.374242628339542,0.1181961798075542,1.725101854044061,2.16756025796926,1.2631853792361951,-0.516448156901561,0.0017078996097781,174.69307013919672,0.0228967382988109,0.8092691622103372,-0.12190919281334,0.0,0.4545454545454545,0.5738375342771623,0.0619817319921378,0.0202333967534994,-0.1050839216995317,0.0719259967728419,0.9069628871517592,0.1542437963508086,0.3892751463847411,98.29106951781364,0.1512581771964748,2.2929414771956087,0.4933466432937895,0.4701749191949583,1.7886823415756226
old_20210423_dish4_c6_1_r1,920.6946,225.0,482.1571002004223,0.3812483520494596,0.0080105187371373,0.8004921778167963,0.1837722534298896,0.4561650509343009,0.9508716218960954,828418.2578093556,26.229165638422792,0.8961019443513256,0.1904761904761904,0.9701477889044754,0.9813084006309508,0.4374999999999999,0.3146073408039784,-0.0485329179730998,0.1497392252446951,2135.233154296875,5.375013031065711,0.0901940220241216,1.3977697245045713,2.4857896991537736,1.2582750072919748,-0.2709505636902244,0.0005650246226727,99.644757076394,0.0201050691821946,0.2004012306119751,0.0642932522681451,0.0,0.2,0.7462144391889672,0.0730489073881373,0.0287920730614437,-0.3365291083470445,0.2659296347373847,0.9272094140683838,0.3118315318069437,0.3830937747566676,144.12912374792597,0.0770189993829887,2.169238838438483,0.49986763766831,0.4796924670047967,1.6823203563690186
old_20210423_dish4_c6_2_r1,765.7629,253.5,,0.2923620025439375,0.0053541921079158,0.7769576379350964,0.2681264855861663,0.6021221246901663,0.8209510928534705,-552279.5791536103,16.642766077947677,0.452029317638787,0.4615384615384615,0.9496390180901176,0.9821494221687316,0.5079365079365079,0.2831546422411253,-0.1175113939714946,0.0052997158379943,1647.717529296875,5.345251410717982,0.0383703000830269,1.1616762421971008,2.343169761459535,1.2612309743044436,-0.2824871804560416,0.0008558568591847,265.61437212812086,0.0172224180920037,0.26472635974045,0.048499443117252,0.0,0.1111111111111111,0.5971909282870488,0.0612224858849521,0.0122312775783324,-0.288131383110864,-0.1625357726125263,0.9105529256421911,0.2426292149259675,0.2199023930040277,193.82370961516048,0.0490177599449021,2.2633922827116137,0.5182614983099213,0.5486780729832854,1.7870222330093384
old_20210423_dish4_c6_3_r1,1292.8272,186.0,139.31705688618308,0.1967654986418917,0.0066393329761922,0.6870144283765649,,0.8235493910301332,1.4281487407582936,,17.05506590306457,0.7828078310685094,0.3333333333333333,0.9254930297025266,0.987540602684021,0.1111111111111111,0.308838277127061,-0.0689537451265098,0.0342450100093697,2979.05322265625,5.340846289885544,0.0589422688736374,1.5779796582755126,2.604651687711056,1.562122533286504,-0.389203889295675,0.0026205523640018,15.910589879130976,0.0128363655846648,0.7479956320908743,-0.0388113370505712,0.0,0.5,0.9803994334771948,0.0405364782055729,0.0091472039987267,-0.2447666121339551,-0.4600037988475488,0.9138165447279756,0.3015182649281491,0.4586079653897784,82.11537507537928,0.0483895896770048,2.3027934490922477,0.6396190247929838,0.551937623952843,1.8462021350860596
old_20210423_dish4_c6_4_r1,1031.8896,190.0,,0.3822355866314557,0.0060015022754669,0.7316544266043107,0.2710914706707,0.5009766537583921,0.8560063383077389,,26.739912475289657,0.9949452321860488,0.2307692307692307,1.1312807053529337,0.9819963574409484,0.5,0.3236177974263827,0.0217505452503576,0.163620641359392,2318.49658203125,5.361981087793916,0.1180329589587488,1.3839074958094149,2.8281048360970074,1.179363096205974,-0.3840245556024036,0.0007745874712133,560.6892260937444,0.022396708510431,0.1209176116820203,0.1956397271925403,0.0,0.1666666666666666,0.4308701811742532,0.0826592669672794,0.0214347656709417,-0.3255058327296896,-0.0118359393963005,0.9195657614317292,0.2112392481998763,0.5969799444199819,189.31608322049237,0.1521473431909407,2.2163033695491077,0.5141146511607366,0.5697352496103083,1.6153756380081177
old_20210423_dish4_c7_1_r1,1251.3144,241.0,951.8990815460214,0.4079064359203949,0.0034679274540394,0.0737295670560338,1.1694964439392088,0.4812124006883465,1.2702799158783893,,23.562747150226024,1.5001304621117937,0.3333333333333333,0.924780704504787,0.9894960522651672,0.2222222222222222,0.318085121300268,-0.081181945544548,0.0358044474331394,2420.69921875,5.371640612787248,0.0796748932130991,1.3458414834911527,3.0999963202848466,1.0724181137137918,-0.0987004958128358,0.0009541855599893,189.39698411812793,0.0217711134838714,0.362790697674418,0.1298950447523889,0.0,0.3888888888888889,0.375450529202647,0.0888643193770917,0.0183483625204982,-0.2720269542483554,0.2680387822209965,0.9160550833062304,0.2588348628439081,0.7714296370770931,149.58050997716222,0.1810488534995849,2.349395382728794,0.4715456181939391,0.538780225207566,1.6787686347961426
old_20210423_dish4_c7_2_r1,889.56,175.0,604.4663181103027,0.3235450511761976,0.0029925790149718,0.84127656291644,0.227197372663021,0.6524814027001592,0.8125566675240986,138606.5246240643,20.48844135444912,1.4102781917075378,0.3636363636363636,0.9791494627846796,0.9708685278892516,0.3859649122807017,0.3094127420705157,-0.0316983559231948,0.1291615874196201,1731.1431884765625,5.286940726548516,0.1211074448339863,1.1570343146403732,2.869636194851173,1.1746962862405896,-0.3007076793469435,0.0009797335596646,105.34701447058806,0.0211634381163982,0.1055502942299666,0.0,0.0,0.2941176470588235,0.495229816494084,0.0626750221979373,0.0,-0.4185890686252574,-0.1692509773326688,0.9314313923671498,0.1820087680187397,0.4835899979703698,169.54743454238303,0.1393823990032169,2.118894924825391,0.5013971960299892,0.6068905835946948,1.654812216758728
old_20210423_dish4_c8_r1,,187.0,,0.2978021487853593,0.0098145194351673,0.9193972626348004,0.1791276226758957,0.3431654611176032,0.7315682679456272,,21.4182114291355,-0.1303825130184893,0.1666666666666666,1.048339271403973,0.9843484163284302,0.4,0.3665897723089937,-0.0383216630162238,0.1858926838825153,2330.017333984375,5.374097036110754,0.1221279876638396,1.7684243207686752,2.1120239947927635,1.4639256238434537,-0.4206509448788079,0.0005597577144035,258.8357205946378,0.0141314575370675,0.363264053950937,0.0561839332265302,0.0,0.5,0.4805499977764888,0.0607796598592992,0.0004801148483218,-0.4816034131449718,0.4904353175973798,0.9034980591397525,0.3327904830764874,0.6957849274551835,133.55194690179675,0.0580674608204095,2.148468977622711,0.5535638784869131,0.4955660414835406,1.7750277519226074
old_20210423_dish4_c9_r1,790.2257999999999,195.5,,0.4374614435196282,0.0008884570561349,0.3739975323585751,0.0147674850225448,0.2902025989972636,1.0532618465211274,429276.06261672976,23.60311008315793,0.2812566277908396,0.44,0.9787261477121378,0.9765857458114624,0.2982456140350877,0.3027551425221884,-0.0628012956005969,0.1188247811920687,1811.3304443359375,5.2996915317588815,0.0943807172934514,1.3850263419427242,3.2686784560911475,1.025648729081566,-0.006587947147607,0.0005570157859369,431.0958480046105,0.0211117641177662,0.377171215880893,-0.1537574768066406,0.0,0.2142857142857142,0.2104230497463068,0.1004623724489796,0.0051941435229479,-0.4343988436816176,0.0489074950951331,0.9128184220582192,0.288093158324486,0.9583140185641884,173.45394216528402,0.1703615770749833,2.27058941018426,0.5013130072544872,0.668061093705358,1.5563762187957764
young_20210324_srd1c3_r1,1040.7852,163.0,51.586052100780144,0.5058526021755527,0.0141297727823257,0.2850651679678267,,0.2190749697680857,0.7876003327435245,,21.187536326292715,0.3055883275802145,0.375,0.999065852566621,0.9869340658187866,0.3809523809523809,0.3779864410859743,-0.0905180057514147,0.1662276059654398,2421.07275390625,5.40562810037843,0.1068888437309489,1.6751677171918329,3.5332482847136517,1.1557395199327547,-0.0327904130113354,0.0004895985389859,22.221449663314864,0.0207238044522226,0.3144545450440527,-0.0483203125,0.0,0.3333333333333333,0.7351552728814319,0.08134375,0.0426374763101865,-0.4514127336530652,-0.4999999999999998,0.9080037401073504,0.3232481471726665,0.9847482458161888,92.75708688078797,0.4746066265787068,2.0744583464376873,0.5053633969461617,0.5762316085273625,2.00032901763916
young_20210324_srd1c4_r1,1020.0288,189.0,48.65573045198397,0.4279102383991647,0.0015391717897728,0.6906732117327719,0.1934651000261306,0.4258831201509268,1.038013666942069,,19.39454082651546,0.5527868090006156,0.1111111111111111,1.0127616884191113,0.9770542979240416,0.3703703703703703,0.3024549989157357,-0.0306365074539983,0.0611082669154061,2085.220947265625,5.316716534613068,0.0786159750539697,1.2889460729315874,4.008605414375945,1.1112878062061802,-0.2237167511532568,0.0019106247700125,13.272443654607768,0.0231771378711644,0.2595720411462365,0.2024759674072265,0.0,0.2142857142857142,0.1247071361589593,0.097775,0.0028051707393177,-0.3856213343254838,-0.2931437789002297,0.9401375608459548,0.2425009826355235,0.8387718319299344,177.4427296581844,0.1250013976492128,2.204947658333877,0.5011141108364996,0.531388257128571,1.673541784286499
young_20210324_srd1c5_r1,,235.0,178.31608220469673,0.5285941925877661,0.0093113081529736,0.5339943342303475,0.6679945613622665,0.3204264533610969,1.9863315883555972,-159156.9079727766,36.61327626741691,0.7379098609784838,0.5454545454545454,1.1316587736164418,0.985794186592102,0.5185185185185185,0.441788533379756,0.0020121730204404,0.0759726468661279,2433.3056640625,5.267616607393198,0.1072508858352778,1.5095368233959112,3.682278533972655,1.0258325195281863,-0.134961793319587,0.0015412509415215,32.833077774390865,0.0201019343691191,0.506172839506172,-0.1102232360839843,0.1111111111111111,0.5,0.006050911497764,0.10585625,0.0023646510095758,-0.2118537754240147,-0.352265903799628,0.9264236751162614,0.2495996833435327,0.939537376815395,114.49139176620636,0.2009044567620233,1.933684242841484,0.5226971884177718,0.5819609407353352,1.4695175886154177
young_20210324_srd1c6_r1,1037.82,264.0,264.5030098562746,0.4248644008419693,0.007033662404865,0.4249999999661624,0.3613215906500816,0.3985350366407298,1.3408356544353317,842833.407327656,19.102115106725407,-0.1501253864580453,0.1818181818181818,0.9513479238206608,0.978806495666504,0.4545454545454545,0.3523735414823998,-0.0753658575426773,0.0568486789537884,2941.730224609375,5.3850643534595335,0.0634738395932425,1.5435568509152762,3.0853687933105327,1.157276968253436,-0.18010418604938,0.000934923084504,81.14727017327847,0.0223363320529464,0.1492899128995394,-0.0664183044433593,0.0,0.2,0.5731554448015945,0.07345625,0.0141111023740005,-0.1895805861184469,-0.3216550936832724,0.910915680236645,0.2009004595532005,0.2202874297603884,98.94967869231108,0.1190501184460064,2.334140620339581,0.5209062816600538,0.486124562896494,1.9930614233016968
young_20210324_srd1c7_r1,,193.0,205.7196760901207,0.4050912006008126,0.0064872615039348,0.1430647424190153,,0.387660205040564,0.7917448702353899,,12.517131253050094,0.7783102707773273,0.0,0.979712645741028,0.9806445837020874,0.6666666666666666,0.3001925063874131,-0.053620566648879,0.1452344354964819,2132.89990234375,5.353993190925837,0.1147540983606556,1.6644487493224651,3.2344217620879547,1.0928942804073,0.1462145802659282,0.0007373865275506,51.00608269206215,0.0208386621048039,0.2756769428605979,0.04731201171875,0.0,0.5,0.4740926826651452,0.08180625,0.002222602741829,-0.5404098602924502,0.4999999999999933,0.8942270034397498,0.3017607892003547,0.6918881109759205,73.34819682283954,0.0965625527790899,2.333367781449782,0.4810484463330115,0.5418713624923285,2.2268879413604736
young_20210324_srd1c8_r1,,314.0,342.4524391622167,0.284848855691785,0.0034799475688487,0.9933300696981197,0.3276283774852752,0.674325010513,1.2682986571552983,,16.1835440842074,1.1013287942563796,0.0,0.9292900488920158,0.980824649333954,0.3939393939393939,0.2993557543441432,-0.0758710220252884,0.1132292079982391,2913.65673828125,5.3770123362695985,0.0804684958247478,1.3372941612522895,2.826927086589388,1.0390545562379754,-0.3106392120653756,0.0011348625640594,59.35518340670913,0.0185028329897912,0.3376238897119766,0.0899668884277343,0.0,0.0,0.7150014991679335,0.0676875,0.0065094277067234,-0.2604928113665363,-0.1933618305879031,0.9185199205992968,0.2916567690156328,0.2471813563960351,110.29915989654228,0.0380550546818365,2.309280133800484,0.5107876443331658,0.4828795281608895,1.9273415803909304
young_20210324_srd2c10_r1,623.4332999999999,218.0,36.011753330048066,0.4206447075249667,0.0041822553612291,0.9645950231175532,0.8347101972699165,0.9317585105226984,1.048530481974257,,24.626114017165023,0.1144965159268487,0.0,0.955156834607488,0.9735005497932434,0.393939393939394,0.2836636315767773,-0.0478605123089217,0.1376384407614968,1449.6549072265625,5.257282890903857,0.1196305527048819,1.3412990552626052,3.898746301911411,1.4023543400326266,-0.4010443844043395,0.0036234456127304,10.870542664386864,0.0209606368116534,0.1649535043666053,-0.0975059000651041,0.1,0.1666666666666666,0.0264608247553756,0.0769283950617284,0.0011546331057828,-0.5883624915507035,0.1333871711190088,0.9388114960608456,0.2830650188203108,0.7288132383293231,147.27534269781194,0.0732209517304907,2.046206205535403,0.4910537035029128,0.5210102827316907,1.4958783388137815
young_20210324_srd2c3_r1,1021.5114,198.5,32.34365471749933,0.5575187969400828,0.0094098607078194,0.2817669172667512,0.4747058475494384,0.4572011915420668,1.1433866589812796,,17.650976593894068,1.614191614685314,0.2857142857142857,0.9419219940966064,0.9866164922714232,0.2857142857142857,0.3316696338770382,-0.0807139351735541,0.1601411867927816,2696.972412109375,5.387332360658705,0.1072721786360893,1.6039498398306036,4.115639580999573,1.012526718991523,-0.2695739313593271,0.0028088737291798,16.535453733928982,0.0175442627030099,0.4033412887828152,0.0310501098632812,0.0,0.625,0.1669894708412095,0.076,1.232595164407831e-32,-0.3292314576789733,-0.4999999999999999,0.9124713628429812,0.2972067387809382,0.2554894693176763,128.4887595101336,0.2301018507377094,2.3580128551597475,0.5789354325228927,0.5061164651571776,1.926267385482788
young_20210324_srd2c7_r1,882.1469999999999,195.5,18.51490051257447,0.5840475773496547,0.0065070036798715,0.4833391638548767,0.6445625896453857,0.3336230093489757,1.0233654056577566,349467.64813705266,16.75143934069723,0.4909253458159965,0.2,1.035960328022392,0.9733362793922424,0.5185185185185186,0.3007434086992029,-0.0369536063537826,0.0461680304457593,2012.0595703125,5.375757641152889,0.0451781059947871,1.5738375284748607,4.553893930292052,0.9755376124540952,0.0741015439810124,0.0014927740974549,11.85514166146498,0.0216193783933915,0.2081523378982016,-0.0749109649658203,0.0,0.4615384615384615,0.5814742919344185,0.0972375,0.0029299432357329,-0.2343703704847409,-0.4081639520874741,0.9350589821721056,0.2576144117219663,0.3361331547851628,155.33402975010446,0.0971381036962183,2.1912511638605485,0.5269334058083947,0.5492779295644243,1.9551295042037964
young_20210324_srd2c8_r1,612.3138,218.0,36.23691613151646,0.4324212784918145,0.0248391591012477,0.8270397424103801,1.1043469235301018,0.7512790709147259,0.6212305687252053,-28727.790881718774,24.995299591555906,0.4438820277641208,0.4,1.006677992422573,0.9761648774147034,0.5333333333333333,0.3009886657763678,-0.0378749343421615,0.1456364766274782,1567.537109375,5.363347296355297,0.1020581731587004,1.6550342466643253,4.049629450897463,1.2096867793145512,-0.2487404155078698,0.0023045197870181,13.65629985391251,0.0198689464222411,0.2290344422330484,0.0,0.0,0.3076923076923077,0.0024655248670297,0.0787,0.0245348831823147,-0.460500046744235,-0.3515106803807721,0.9502154594366689,0.4018529809188498,0.8015824424238417,101.63147172464204,0.2063839331906089,2.0848283948065665,0.5471480463970718,0.534838247056851,1.7183189392089844
young_20210324_srd2c9_r1,,311.0,31.60227653711581,0.5184862692218026,0.0035078823566436,0.259142665756253,1.9767995286941529,0.3881701728630132,1.5498337866263794,,14.374505218304655,0.1416430246417105,0.6666666666666666,1.0211623923690434,0.986906111240387,0.5416666666666666,0.2876890095048807,-0.0366809569413132,0.0984561471375158,2369.276611328125,5.32790252672962,0.1123491179201485,1.3792056836539768,4.480743681322389,0.9316637149913533,0.1630364003760006,0.004422802081575,10.280300138887156,0.0197631278794051,0.1896556519158825,0.0394532606336805,0.0,0.217391304347826,0.3096859112190517,0.1201432098765432,0.0113944766163216,-0.3760710088352438,-0.0636099221456337,0.9218461436766644,0.2256871118088411,0.1789348845432505,144.72987700941155,0.0898083918875178,2.4005873262456507,0.5319938486047652,0.6216020053038959,1.9359333515167236
young_20210324_srd3c3_r1,886.5948,237.0,37.13378194858062,0.4931648177210784,0.0065985661931335,0.3837973704191997,0.7815691669106483,0.2787917193869804,1.628367921832312,378970.85097529105,13.249130585225416,0.9714687714718782,0.3333333333333333,0.9343983604860112,0.9769392013549804,0.2857142857142857,0.3082253590384165,-0.0601809887702918,0.0183031756673811,2361.480712890625,5.37030715431079,0.0480446927374301,1.6570406023303834,3.9815569601900407,1.161680530141231,-0.1747589415780217,0.0023111514389481,19.091835442065975,0.0161848130417719,0.2311661036850914,-0.0183110809326171,0.0,0.2,0.0343014400235326,0.0663875,0.0,-0.3143522955993892,0.0,0.9267902029817432,0.2283797949650505,0.2318623645750518,56.71170674578404,0.1831961140534241,2.0372124713109616,0.5255380301286338,0.4505760870056554,2.148362398147583
young_20210324_srd3c4_r1,,166.5,55.72880666135957,0.4900723426199601,0.010746294632554,0.7443066286351864,,0.517714491448683,0.5747795250539367,,17.570690781940076,1.1537419848868726,0.3333333333333333,1.1182105984199706,0.9805489182472228,0.7777777777777778,0.295021780988564,-0.0186440885893824,0.1582005660112963,2073.8974609375,5.358511108830202,0.120767960363336,1.6498958980215428,3.9728503586543265,1.1859214533328153,-0.1185764430750984,0.0005737580519193,23.02904130068378,0.0239016944133493,0.2318354012471736,0.0110352325439453,0.0,0.125,-0.310091546148636,0.09368125,1.232595164407831e-32,-0.3450289957009415,-0.4999999999999999,0.9367976910243778,0.3969846538753795,0.6398656378585439,112.4462420098029,0.1370782848285726,2.231397911215654,0.5687771081120585,0.4654690291760072,1.8314871788024905
young_20210324_srd3c5_r1,,155.0,33.75151745244158,0.5325639648834707,0.0054043098352849,0.9623367327820418,0.5732905411720276,0.2816108596285723,1.3850937754657089,259043.06074844793,19.187899080006993,1.0194248498820535,0.1818181818181818,0.9917092183173328,0.9848520159721376,0.5416666666666666,0.358096862244087,-0.0732809596446369,0.1161037019464673,2225.65087890625,5.413362208733715,0.0849811676082862,1.7171711377845804,4.143903133242812,1.0881228987868763,-0.2189280883634628,0.0024400608253885,15.670101699215683,0.0174321099894769,0.1662240123959106,-0.0474577331542968,0.0,0.4166666666666667,0.4780797731627402,0.079425,0.0046894046372805,-0.4006181733402755,0.0,0.9324108993317426,0.3266996426867078,0.5628067165887819,106.71979452617148,0.1599432272796477,2.2371614688212005,0.6452504487818463,0.4440286353400425,1.914223074913025
young_20210324_srd3c5_r2,1144.5672,193.0,22.103923160778784,0.5503845000948382,0.0112342443317174,0.7551183460745912,0.6562859102010726,0.7916107166379265,2.217025431711241,237408.2093273948,15.93491674093141,1.1257078945216654,1.0,0.9089272096302098,0.9605221748352052,0.2777777777777777,0.3483788197181117,-0.1587019757597764,0.0777404632571818,2395.39208984375,5.228141740609203,0.0906298003072196,1.6887298997029352,3.949828976343507,1.0723593559147109,-0.151725155686848,0.0011076402814412,12.35752517840802,0.0246370808651116,0.5525986725787958,0.1429073333740234,0.0,0.1,0.8426944068951565,0.0522,0.002159020553319,-0.3864912272740395,-0.4999999999999999,0.9290947245895514,0.3274747238995401,0.4666431861281044,143.36764785472465,0.2293042925995376,2.0879351989930477,0.4626903412502299,0.516676428994217,1.9415756464004517
young_20210324_srd3c6_r1,,178.0,32.64146125412827,0.5490398817505111,,1.1870014769295418,,0.5864178599143103,,,0.0,0.0,0.0,0.0,0.0,0.0,0.0,0.4831536614829137,0.0,0.0,0.0,0.0,0.0,4.60478865128872,0.9680445442191646,-0.2787924145710369,0.0076139800828747,7.524209509555694,0.0293705158667686,0.0866681603438427,-0.032803955078125,0.0,0.1071428571428571,0.5725819084571112,0.1072148148148148,0.012085596394324,-0.3340623442934563,0.0,0.9486584648127706,0.0,0.0,0.0,0.0272724019195761,2.1904434120290475,0.5087628510358653,0.0,0.0
young_20210324_srd3c7_r1,,164.0,11.907929380616386,0.5617965249085568,0.0148533005267381,0.3539503878970658,,0.4424358658058539,0.6973317569439412,241674.75981049295,12.486884921495948,0.185893202548069,0.6666666666666666,0.9794786628970008,0.9873831868171692,0.3333333333333333,0.2827731242420412,-0.1116148659267432,0.1529420441713544,2003.6572265625,5.326602986583577,0.105118326912493,1.817520260179897,4.645503614436937,0.9511816355612576,-0.1989191733093485,0.0042854995963088,6.302407270788755,0.019263188064772,0.246081195156265,-0.0730276489257812,0.0,0.1578947368421052,0.4796374393329946,0.10411875,0.0267904365086523,-0.3125065747462378,0.0,0.9260572835321634,0.2986434418573184,0.1133034629572638,48.6475766071794,0.0316977851914305,2.3410859019586017,0.5017930009596847,0.4635461318485255,2.210258960723877
young_20210324_srd3c7_r2,,173.0,29.152989377942067,0.5200955033306709,0.0014838958159089,0.2656187823054498,1.094216911303997,0.4362415185215303,1.2168481399068076,-22276.83123686648,8.644394761538601,0.0210198977598816,0.6,0.9894396479521744,0.970303475856781,0.6666666666666666,0.2664209105639539,-0.0760253389308835,0.0367064087802314,1338.326904296875,5.213602058184305,0.0566153846153845,1.7810255585696788,4.4047149122981235,1.0621536625292702,0.018134182727005,0.0029244931533409,12.36788986332372,0.0240706961433144,0.168144950377914,0.29790283203125,0.0,0.4210526315789473,0.3027551508106948,0.10371875,0.009341998154139,-0.4423380828838849,0.0,0.9418270792156732,0.0,0.1607293724548495,74.75644792111709,0.1526000596815143,2.238346651782286,0.4912672663163353,0.473700495440623,2.214486837387085
young_20210324_srd3c8_r1,,256.0,37.237510470134055,0.4714499406332645,0.0008234063861891,0.2310826842491274,,0.4598364320502084,1.4423169435314358,,13.59900308991105,1.2986110894212914,0.2857142857142857,0.8419415018167661,0.9705467820167542,1.0,0.2886830934420425,-0.1619468426907125,0.1052186189191717,2566.011474609375,5.234073903047376,0.1188118811881187,1.6513680485601434,3.951562273810911,1.0943705192884958,-0.1572817361340015,0.0007870373972848,14.546791414086888,0.0167744836748558,0.2507999457225485,0.0570720672607421,0.0,0.7142857142857143,0.5732226259887515,0.0703,0.0,-0.3952331853738668,0.4999999999999989,0.9239315677710264,0.229108221944011,0.2194492079637993,71.37583832641526,0.1783501455383065,2.367437376083183,0.5031653445104564,0.4152131853127971,1.9112446308135984
young_20210324_srd4c10_r1,,167.0,165.39777743917406,0.3399290245897484,0.0137893445789814,1.048607377024561,0.5317746524691581,0.6824586664725248,0.6013294182853082,274810.36233475304,19.067086806341035,0.860172314012665,0.0,1.005660985262113,0.9612902998924256,0.3333333333333333,0.3630131893344606,-0.0256352911597734,0.142057005695978,1495.9254150390625,5.318717148104962,0.0983827493261455,1.788497185430181,2.9664943917050777,1.377257261518127,-0.2366375368808917,0.0009738655422868,32.57080234473802,0.0216095349684278,0.3140431798554467,0.1320918782552083,0.0,0.2142857142857142,0.6340966409334708,0.0578271604938271,0.0,-0.3644443233616564,-0.3371034439420251,0.9270799789896064,0.2233923283774778,0.4442701605457992,89.44726706144769,0.0762883876002382,2.23940425846955,0.4951930937686186,0.4053303179518666,1.731644630432129
young_20210324_srd4c11_r1,,186.0,177.66086125291082,0.355354744125613,0.0090713156387209,0.9683111489842092,,0.4296306657836662,0.9447272019939692,,12.612366992005908,0.1147142270985652,0.0,0.901924371160105,0.9775758981704712,1.0,0.3035519584977304,-0.2025791631138593,0.1299683748641329,2719.247314453125,5.336537393278846,0.0988433228180861,1.6525743623276756,2.8398396107970556,1.352602458090171,-0.1689990277451476,0.0018930446375614,39.563096540297806,0.0194710373122048,0.1250462518303834,0.0424104817708333,0.0,0.25,0.27749305800905,0.053274074074074,0.0,-0.2299057363909936,0.0,0.9157615436700384,0.0,0.1423041235272415,69.72954169875588,0.1308498260499493,2.2622939695405377,0.5554081264051923,0.3829719197134382,2.233647584915161
young_20210324_srd4c12_r1,1197.1995,213.0,467.7791611009609,0.3904124860356438,0.0057472088374197,0.8748420660813941,,0.4672308105213483,0.6704914377330635,-600770.5549809299,17.40675146156723,0.2903121240850373,0.5714285714285714,0.9747639962290844,0.97635155916214,0.3333333333333333,0.2928473651703158,-0.0457454402455816,0.0216431921476444,2770.55224609375,5.3386196730037785,0.1212320268593533,1.379398856729104,3.029015318090858,1.192666924265824,-0.3168589088266461,0.000349365794172,102.75719344087038,0.0215288316472216,0.1269015374658492,0.0654398600260416,0.0,0.4375,0.7133686756395352,0.0943407407407407,0.0036656251019605,-0.5549032889584821,0.1532703649368703,0.9330329016680456,0.3423347329403264,0.2926778347780281,156.58729328008354,0.14086297676756,2.200664284231187,0.4815784011849385,0.4526839456994572,1.813499093055725
young_20210324_srd4c13_r1,891.7838999999999,188.0,526.6086308619637,0.419824561366682,0.003660509828478,0.6431578946804247,1.2260552664756774,0.3984997263891929,1.2271768643305117,597937.0219060223,20.408833190937703,1.4634100249282704,0.48,1.0310403176670575,0.9730432629585266,0.4242424242424242,0.3498072312801754,-0.022388892185985,0.0222548105483585,2396.90380859375,5.26091509497538,0.0429537181487259,1.5155582190223704,2.9548141307768274,1.4612813084154814,0.0355281806189558,0.0003525342276501,147.53359565327108,0.0203035750384649,0.5082706766917285,0.0195560709635416,0.0,0.1,0.5452388762326851,0.0832987654320987,0.0223067953377556,-0.4551928715063141,-0.0813862062490864,0.9289254686052776,0.3112457767281185,0.826118410874999,144.49869448180232,0.0853943426789048,2.1053558689561696,0.502548441525949,0.5186467090999354,1.7335474491119385
young_20210324_srd4c14_r1,,175.0,47.942268613325346,0.4797252283576544,0.0094693545252084,0.4432238415876415,,0.3496752282773033,0.6271383534378375,,9.09947191516767,0.0,0.0,0.0,0.9631714820861816,0.0,0.3265376317205224,0.5785075808085829,0.1634806540854632,2380.82177734375,5.300985466674329,0.1195652173913042,1.8327602768319864,4.263001905221035,1.0053874918179102,-0.1732876236254078,0.0028505742307389,16.443467354988666,0.0259455851562267,0.2312138728323696,0.1102937825520833,0.0,0.3478260869565217,0.2150558920537623,0.1163259259259259,0.0083335999960323,-0.3418393393046483,0.0,0.9430562042624462,0.2611966659738965,0.0715193609167384,27.54613035748705,0.07035673097485,2.2496981099337447,0.5306315789466419,0.0,2.456303119659424
young_20210324_srd4c1_r1,,147.0,41.18725199353942,0.5058955071654914,0.01464060600847,0.5046757470517711,,0.3289680205137537,0.5843163174050455,,12.416264325639975,-0.5419809213867368,0.0,1.1222278968485713,0.9704063534736632,1.0,0.3416011942168275,-0.0538049813534848,0.1800128875875168,2332.618408203125,5.3738023172192,0.1082474226804123,1.879545804564116,4.114592996777602,1.0645372203957697,-0.1219409774053523,0.0004721898145924,18.44732205104295,0.0220241733373376,0.2121320343551149,-0.0706794738769531,0.0,0.3846153846153846,0.0878702546281962,0.08724375,0.0137454416497688,-0.2518922771474815,0.0,0.9273171938783448,0.0,0.1009726954904624,58.23811255021916,0.1528438495788361,2.211253534375156,0.528409757606161,0.4473758832688198,2.2394094467163086
young_20210324_srd4c3_r1,,205.0,74.86024818907252,0.4686406205213659,0.00444060517475,1.1092611861593735,,0.9121974591129176,1.552663661908185,128024.92620294304,15.4196936033682,0.8286471175006174,0.3333333333333333,0.968876778955458,0.9481619000434875,0.2083333333333333,0.3429594465945553,-0.039426927660414,0.1013946647879238,1298.189208984375,5.250542025284228,0.0904621435594886,1.7339984791262026,4.2376297104093705,0.970289368109866,-0.1454284568499225,0.0022043175009149,23.03449538428514,0.0240506258514599,0.0588227419649138,0.0681237030029296,0.0,0.1666666666666666,0.3092592313045412,0.11620625,0.0053304016513361,-0.552349818554491,0.0,0.9557222591881256,0.2746703070666156,0.6518586676472186,65.6094229049391,0.1466952818381657,2.049984722259359,0.5198718689388481,0.4331256583199406,1.9598222970962524
young_20210324_srd4c4_r1,,172.0,54.39831571768161,0.5089373403546515,0.0163393020629882,1.213710469336701,0.938450829577446,0.4558615142092903,0.5923901611514473,,17.39747053714495,1.0488432989915624,0.5,1.018388595971446,0.9669654369354248,0.7777777777777778,0.3628710861926305,-0.083662470122898,0.201524860146321,2277.519775390625,5.345397086948584,0.1227423516402506,1.8668448572915677,4.368881792256922,0.9825586345183066,-0.3350385768248953,0.008047976502502,19.71982120889091,0.0204352983063266,0.1168194368016197,-0.0472333441840277,0.0,0.2857142857142857,0.6369107697266478,0.0990469135802469,0.0,-0.4337750662492501,-0.5,0.9454650514639096,0.4333260135740758,0.156866223095994,68.88407376853637,0.0918326498693866,2.253903329364193,0.529468148865262,0.4800753495503048,1.9578038454055784
young_20210324_srd4c5_r1,,194.0,60.12061971210142,0.4454130764880473,0.0050331731326878,0.423314749070115,0.6716698632717132,0.2846632800100573,1.3830354730286516,350432.89392552973,18.814073671461305,0.6227595330942991,0.6666666666666666,0.9222680182187588,0.9839186072349548,0.2564102564102564,0.3267879188473945,-0.1283646640856679,0.1431114426101909,2081.325439453125,5.374298966530997,0.1062657792058755,1.7713522559587145,3.995226666619851,1.1755878057318156,-0.0260145737534659,0.0002167237980834,19.242824337824448,0.0242780514974592,0.1825217396239853,0.0599062093098958,0.0,0.3333333333333333,0.2747503181067192,0.1021679012345679,0.0339160773836799,-0.3528240211762238,0.4999999999999999,0.9352457573421038,0.2519945638532159,0.318085678923143,108.95840068110208,0.070658878747519,2.215747199296926,0.5052595689994136,0.4973136495826108,1.8684768676757812
young_20210324_srd4c6_r1,,171.0,50.74479547893829,0.4685435602072204,0.0097914533689618,1.1163793102402193,,0.7086328381542265,0.9036164060938526,-92759.43505496964,20.370802037326165,0.4738168421896311,0.3333333333333333,1.0473204926232345,0.9730090498924256,0.5416666666666666,0.3841066488662827,-0.049858679415672,0.1735987857551719,1371.27490234375,5.337593489130041,0.0885447106954996,1.6625850975699643,4.191563591748109,1.024137749522492,-0.2442316708893029,0.0008820487777468,17.185804970912017,0.0231463106841941,0.1197939326546597,0.0354270426432291,0.0,0.3684210526315789,0.2054592232284006,0.0968938271604938,0.0347181344128262,-0.3736051690428175,-0.4999999999999997,0.9462662688540936,0.3425727045332236,0.4791230073572688,84.88623234835961,0.1143247929093449,2.066738636340244,0.5285485697868203,0.518303867681066,1.897425651550293
young_20210324_srd4c7_r1,,174.5,77.03081156086276,0.3501533590234339,0.0155860055238008,0.834273275864819,0.8078698889493942,0.7732287517900451,0.6336635983187481,1307324.8087876453,20.86388089471413,1.9342805445457931,0.4,0.9351243179736088,0.9766272902488708,0.5555555555555556,0.3433969361254385,-0.0881292985448236,0.1817779699498329,2560.582275390625,5.392978607727883,0.1008249312557286,1.7286417977481678,3.157571959231805,1.233828954521921,-0.4102433537497842,0.0010865652816395,16.095035411122904,0.0134315555891427,0.1329098857224946,0.1312116156684027,0.0,0.375,0.753632797541931,0.0462320987654321,0.0192270391884199,-0.287963250363819,0.4999999999999999,0.917620701731851,0.4183041451571807,0.2706537217472458,73.00803490837318,0.0971848322492677,2.119731760571594,0.5061546901699182,0.431845013905663,1.862018346786499
young_20210324_srd4c8_r1,,173.0,59.926519707616045,0.5156769102454655,0.0146588515490293,0.8287998338009966,,0.6564706915521713,0.5216775196246989,1249679.210004673,12.338307053772027,0.0662156772414883,0.0,0.9408321079864412,0.9852283596992492,0.3333333333333333,0.3365470079804327,-0.1057389580267947,0.1783301204009603,2457.6025390625,5.379880302673753,0.1151699644850329,1.7836244531385093,4.318191232244465,1.0235932504228242,-0.049518125075357,0.0027629917352021,20.856391767888724,0.022778781779127,0.0255732984476589,0.0474965413411458,0.0,0.2692307692307692,0.1082200288380246,0.0935407407407407,0.0049119623485848,-0.362076994139083,0.0,0.9352100958752104,0.0,0.0838510266857556,95.97276744950489,0.1591113715241041,2.064675889701646,0.5411742406764091,0.4560072814830175,2.2530300617218018
young_20210324_srd4c9_r1,831.7385999999999,181.5,381.7617484058552,0.4082907438491435,0.0025812676176428,0.951164111192372,,0.358854353042655,1.0921430417720357,21477.88872096454,19.957579982487584,1.1091715084413225,0.4444444444444444,0.9518295030570476,0.976162850856781,0.3555555555555555,0.3381495732468187,-0.0918706160279956,0.0974966064035788,1784.65625,5.324036016794207,0.0720324057766819,1.4904923425940295,2.8188370492172146,1.2579192557847811,-0.3519308690172459,0.0004432216008497,103.36569807198156,0.0193157501620228,0.2496614760779685,0.1228744845920138,0.0,0.1578947368421052,0.3945244860222271,0.0821728395061728,0.0155418063121565,-0.3847278984890234,0.2545938557363809,0.9251865465412268,0.4401080086100871,0.7775350190792236,106.39381500685764,0.1372796559292368,2.2183209877557166,0.5058432806569432,0.4956471897639316,1.8016070127487185
young_20210324_srd5c10_r1,,186.5,66.51413781706651,0.344819682125243,0.0082902004942297,1.0695293397715824,0.5657266125440598,0.8181824237556483,0.9934266799818752,452066.2727327857,22.71681482080793,1.1917417610140977,0.4615384615384615,0.9675394460219496,0.9825060367584229,0.3055555555555555,0.2896679897084633,-0.0978733590380578,0.1418079087048434,1973.0911865234375,5.322232624498733,0.0930473884469041,1.6049942449668666,3.4682599606045015,1.4406757981072282,-0.213314612943571,0.0066685660693641,14.059643386824693,0.0183871886964238,0.3171025339843595,-0.09430419921875,0.0,0.3076923076923077,-0.1522107814210904,0.0575753086419753,0.0005023323211626,-0.3758462492699246,-0.1637823918488211,0.9155402639957564,0.2363312207449284,0.7264905219347658,102.71263708850424,0.1128180405016001,2.1846595807278866,0.5824845958994243,0.4832226503052028,1.662122368812561
young_20210324_srd5c11_r1,859.1667,168.0,90.71900632272192,0.3801469331641767,0.0082536721602082,0.9853921065278154,1.28818616130352,0.4869951978430687,1.609270644568813,811295.6796147288,28.590176169034585,0.5529089289830205,0.32,1.0308679315298432,0.9830368161201476,0.3333333333333333,0.3157062235426615,-0.0486683660460273,0.1100786682882097,1991.6300048828125,5.384988594181342,0.0717990088740347,1.4719244325374397,3.5543427021717533,1.327271210413154,-0.2383358006594961,0.0003820895339035,22.147599463140867,0.0208513790730144,0.2128906908741292,0.0966930474175347,0.0,0.6153846153846154,0.4950627131637763,0.088879012345679,0.0013872132163399,-0.5087682814709313,0.269744206653111,0.936117373730564,0.295321558015407,0.5014231231882428,198.7201887148163,0.1831556507593896,2.0650039021472506,0.4691336445695845,0.5007829741621749,1.727820873260498
young_20210324_srd5c3_r1,1052.646,213.0,367.0419863736208,0.4851252117788434,0.0026515601202845,0.5867539069302623,0.4095557085514068,0.8163704269818479,1.0555798732806088,,25.954914781666258,0.6651471531841752,0.375,0.9477180737092736,0.9761843681335448,0.1777777777777777,0.3625282613601364,-0.0992458289069418,0.1080860458274261,2023.2044677734375,5.314329334638979,0.0856523310444524,1.576057797420409,3.892513086211811,0.9519503333909584,-0.1379907753487518,0.0034678498819218,61.344050195850805,0.0220452483084553,0.0974236009630898,0.0862710910373263,0.0,0.2727272727272727,0.2111343722216223,0.0964592592592592,0.026094886199872,-0.4518843977449645,0.2078754364095299,0.9430715819199637,0.2433621305471135,0.8278656097260406,112.90870511672568,0.123895701661735,2.0458936748695846,0.494548935341591,0.4520544307920392,1.5898791551589966
young_20210324_srd5c4_r1,,188.0,58.356256983060405,0.4182598223274364,0.0107895182445645,0.6673691604528708,0.1272914614677429,0.262880534666027,0.8084010090338812,476473.9340331613,21.361757186455613,1.1211544798589947,0.3333333333333333,0.9337327247164824,0.9684102535247804,0.3809523809523809,0.3533714920854574,-0.1013716584637516,0.1028844217340652,2071.40673828125,5.401948562597243,0.0810453192193185,1.7791368111399262,3.3764558343770714,1.451862955295078,-0.243567077158652,0.0005227294780559,17.994172673725306,0.0188817551700866,0.1922876079016538,0.1254713270399305,0.0,0.3571428571428571,0.8113107518037171,0.0562419753086419,0.0,-0.3167628678238253,-0.5,0.9168805514065056,0.0,0.1448284248156612,85.16255767327463,0.2447808822281273,2.1155939971506363,0.5338672579173567,0.4096382464525234,1.9105068445205688
young_20210324_srd5c6_r1,,158.5,59.7392712901203,0.4031577678193133,0.011621001176536,0.5286248040823641,,0.7114440252595089,0.8606082258991634,246404.63148023933,20.00799302168934,0.5401123180815892,0.3636363636363636,1.005125882405827,0.95980566740036,0.2916666666666667,0.3264608956624995,-0.0923988055990569,0.1082679128816091,1840.106689453125,5.372170655484514,0.0915382195659012,1.6148893446385275,3.4609691559339324,1.3717232715469294,-0.2392842274859636,0.0008979385584403,18.104318674298437,0.0178688742353173,0.1695689884925588,0.1411991373697916,0.0,0.1875,0.7338134562566915,0.059358024691358,0.0711323290667483,-0.2800103675425526,-0.0382392230571062,0.927612684647506,0.2502400820591969,0.5009103415178605,97.251086274965,0.0837644965209893,2.2156127288674727,0.592811527190365,0.4103989670313779,1.90995454788208
young_20210324_srd5c7_r1,,186.5,50.07719134495562,0.4109463032757334,0.0095743415877223,0.6035414510056868,,0.4841566937313664,0.6807020375864259,,12.12759847954266,-0.435420178771758,0.0,1.013066965860693,0.9747203588485718,1.0,0.3193479376439958,-0.0655552404481135,0.1762613308169493,2317.185302734375,5.353084801966436,0.1236230110159118,1.797416722642965,3.6149204812743023,1.257372423306716,-0.0819672618536637,0.000859280381494,16.181033048893617,0.0123297409720536,0.2158971766495064,0.0878361002604166,0.1,0.5,0.5907381204327972,0.0544296296296296,0.0030839637208007,-0.2468407822697542,0.0,0.9335681156931428,0.0,0.1117302070933358,41.90382596071871,0.0314522939940878,2.2845139542498827,0.5812661958156352,0.4402683699011856,2.259953498840332
young_20210324_srd5c8_r1,,260.0,88.31699292311917,0.4434659378030705,0.0062737464904785,0.8750885716292045,0.0845489109277725,0.2592105128474887,0.7792047998756629,,11.839721547816618,0.383753002874875,0.6666666666666666,0.9459308121041328,0.968112051486969,1.0,0.297748622863627,-0.0927981607477458,0.1615725940150891,1977.71240234375,5.338618260922728,0.1206225680933851,1.730436037095065,3.6700775093775184,1.0389699984989904,-0.3360127790393493,0.0008886812433288,31.42939507521869,0.0225934166460601,0.1143770605996336,0.026291029188368,0.0,0.3076923076923077,0.1586706175881402,0.0763604938271605,0.0147922445490303,-0.3691422114683749,0.0,0.9184220457683276,0.0,0.2033609929415103,61.688179146609386,0.1800496472085332,2.336766429971005,0.5621075937353784,0.6178749541408577,2.1732842922210693
young_20210324_srd5c9_r1,727.9566,242.0,52.7030212742562,0.352379574680324,0.0031834298279136,0.3125030136156513,0.197043725323677,0.6605133645215371,1.333269739789498,-71102.16488756555,17.58374456263535,0.990660670772964,0.6,0.927723984997652,0.975846827030182,0.3333333333333333,0.3160525773647782,-0.0900047839594699,0.0163587376110481,1634.653564453125,5.303406740409644,0.0548665915069522,1.6046093611777703,3.4070726843445116,1.3160027050617604,-0.1983682430432398,0.0003753358499842,17.357373596905557,0.0182212624299016,0.1891623236287647,-0.1129789903428819,0.0,0.1818181818181818,0.5144638528543414,0.0431753086419753,1.232595164407831e-32,-0.2754632030315243,0.4999999999999998,0.9060961243163668,0.1958869003521382,0.3277218259373703,100.55151086018752,0.1338940775173426,2.227908314831769,0.515770920791774,0.4704079284530691,1.8509907722473145
young_20210324_srd6c10_r1,,192.0,124.489531221418,0.4357187434537425,0.0041312826797366,0.853390888199148,,0.8110238600703731,0.6652349376706627,32802.397329441505,16.25401862123085,0.4437009062231705,0.0,1.005887379283645,0.9770188331604004,0.2777777777777777,0.2762016526463808,-0.0732255116278117,0.1095888864412379,1530.5296630859375,5.308215100650426,0.1047136496238292,1.5690756799607424,3.8829445263644713,1.0305044940832,-0.2561076524412304,0.0008320659277797,35.9880822130612,0.0217779398195676,0.0848380245806095,0.0653053114149305,0.0,0.2083333333333333,0.0872701009006268,0.1166962962962963,1.232595164407831e-32,-0.3863699567113072,-0.0379765680574276,0.9489681931608008,0.2270208911287704,0.2863061834580309,137.99861035800492,0.0599928653385406,2.2023685960937076,0.5315769698276651,0.4585814755840521,1.7143577337265017
young_20210324_srd6c11_r1,879.1818,234.0,84.76364983007873,0.44097480992391,0.0028687622398138,0.4884856162998595,0.5746533809423446,0.4802894569702529,1.109853883814346,-820577.4977340628,15.469176359156096,0.5979287673755039,0.6,0.9939671398802356,0.9760367274284364,0.3095238095238096,0.2635984049382096,-0.044244042119995,0.062745896888409,1543.6064453125,5.28262636065897,0.0921153355447818,1.2564911387843898,4.070178767200719,1.0423380974438556,-0.1790534434314893,0.0019610965632883,23.04206235451828,0.0211757334813511,0.2168460795630065,-0.0624048529730902,0.0,0.2,0.2579550819520906,0.1057827160493827,0.0035507395602074,-0.3948690233462517,-0.28794913338668,0.9360754486284352,0.2712268245554175,0.4694752753547819,122.02402748663768,0.0756459462776448,2.296932954830934,0.5197907942813925,0.4783298007932233,1.7083492279052734
young_20210324_srd6c12_r1,,183.0,41.70168803179908,0.5379723614359824,0.0090248845517635,0.4436835024527719,0.4876050172805786,0.6325488737211716,1.336745393826532,501857.63002546295,16.845220976331095,0.1442637012554919,0.8888888888888888,0.9218716599222442,0.9799773693084716,0.3703703703703703,0.3479064603303803,-0.1320761550260783,0.0,1689.820556640625,5.348909868974996,0.0326732673267326,1.7445977668483126,4.4570616679308,0.9692988126638996,0.0137519653831384,0.005644776941308,11.486377242487976,0.0214604367830835,0.075306410034771,0.0684340413411458,0.0,0.2962962962962963,0.1466506651490678,0.1160888888888889,0.0290382607332103,-0.4329909423608854,0.0,0.936332920357099,0.5047875420663201,0.0788373997970277,58.35590644755755,0.1014069025686429,2.0107950183843872,0.5213797492798001,0.4982977144864158,1.934738278388977
young_20210324_srd6c1_r1,,138.0,21.98005446693655,0.5641545795147423,0.0036664083600044,0.8183385738088712,0.0330531503677368,0.5402432189952899,1.0346745357015508,,11.44798771527902,0.6276547602402944,0.3333333333333333,0.9864841979976372,0.965091586112976,1.0,0.2702095645163038,-0.0732386459148323,0.0707499392466584,2053.2529296875,5.262783214557593,0.0700888450148074,1.64438662409297,4.332917451763602,1.1466279489853988,-0.1442839803027707,0.0020060525952541,13.171790934773291,0.0258776272508495,0.0670119657244876,0.0134696451822916,0.0,0.375,0.3413398782173626,0.0734962962962963,0.0,-0.4272462507827999,0.0,0.9168602508426122,0.6010152544551997,0.1200156328511863,78.74514267066967,0.1928118201608925,2.297683607258034,0.5598235224021334,0.4136989393571602,2.0814788341522217
young_20210324_srd6c2_r1,,180.5,17.618163752348615,0.5627615062249626,0.0056984368711709,0.2886574494916629,0.2106339472532272,0.3491088384508293,1.0786488164670576,,13.040180294568536,0.7871420366095279,0.2857142857142857,1.0201625623338737,0.9787836670875548,0.3333333333333333,0.2723609309954233,-0.0993078241118486,0.0757907310677616,1926.652587890625,5.330591589541001,0.0881968641114982,1.7324279009119403,4.441967384928479,0.9572312831125744,0.1015540839655553,0.0024127122763651,9.837290250075228,0.0174139856132508,0.2413765740707379,-0.1043036566840277,0.0,0.4090909090909091,0.3779204394442041,0.0945283950617284,0.0028506694760125,-0.5023342710005118,0.0,0.9235995148066656,0.1927593341505425,0.1306146572103034,71.86465818148088,0.1030092074565944,2.3622821528715816,0.5443265530312061,0.5466109112271017,1.8962039947509768
young_20210324_srd6c3_r1,,173.5,31.81560172713921,0.5356217473286036,0.0091997273266315,1.1461585956473357,0.1577230319738388,0.520888411256934,0.8008920764137303,1229398.932518734,17.312290227612745,-0.096773375006875,0.4545454545454545,0.9706264592291842,0.9863807559013368,0.25,0.3307351748116782,-0.0703318933944556,0.1156237262821757,2713.24755859375,5.4065765962408605,0.1014588859416445,1.718232500063985,3.968041176214302,1.156697634469257,0.0116656573621858,0.0009922960506638,15.187806314075653,0.0160278459604064,0.1702196745451755,0.1738618977864583,0.0,0.1333333333333333,0.6219908898606321,0.077274074074074,0.0104941964455866,-0.4984740593045793,-0.2404947457164189,0.9384457742261394,0.2622955746422009,0.2438649710992719,84.75613219498823,0.1814254622057186,2.0758192630531123,0.5460551294080879,0.4889625128339945,1.9645296335220337
young_20210324_srd6c4_r1,355.82399999999996,163.5,38.93765789741905,0.4873306572394216,0.0054381191730499,0.9614902156345344,0.8474068233132361,0.5175145563535369,0.9189317247356008,-568537.8510763916,22.98976369475759,0.5251245253978613,0.2,0.9637064561163988,0.9721611142158508,0.2156862745098039,0.345626671024047,-0.0857425009326112,0.1683758881612277,1129.0732421875,5.23929000466677,0.0855157669695349,1.5572319219543505,4.277791815093996,1.0555112179693735,-0.0783770007539445,0.0013928735543965,14.184900905385758,0.0227448844389645,0.0778303899239112,-0.0136372884114583,0.0,0.2142857142857142,0.3435380581805273,0.0835012345679012,0.0159246748082309,-0.3550701026429536,-0.2203346205131419,0.943126905917255,0.2212392610681545,0.5186364871355376,204.47776651283073,0.1194356112526826,2.2553568071853185,0.4678978201455352,0.459831913749723,1.5790358781814575
young_20210324_srd6c5_r1,710.1654,210.5,85.90830014532995,0.5231117070193079,0.0044073993340134,0.5987275935173467,,0.8439256869258116,1.0165254079187651,,22.926976351039503,0.6835621028124197,0.391304347826087,1.0976620821273035,0.9854087829589844,0.3015873015873015,0.3134167762216597,-0.0147175145653404,0.0344402361493646,1743.373779296875,5.36111154910108,0.0623708974064723,1.3590699017787056,4.163371894841313,0.912499210952617,-0.138285635284726,0.0024827290510567,29.809558638637128,0.0209871363632478,0.4424951267056526,0.0749740939670138,0.0,0.4090909090909091,0.1167748260193255,0.1309777777777777,0.002976110863906,-0.4067823800465708,0.1264695745187415,0.946361625879776,0.2558231248583734,0.5887564359887677,156.06453474007353,0.1962131039872915,2.062202476738661,0.5278676056248092,0.5345526877401223,1.6913968324661257
young_20210324_srd6c6_r1,561.1641,182.5,64.94949190066049,0.4610157367118483,0.0045306398533284,1.0259895086998103,0.0797149919629097,0.4175062280687365,0.6560788950820281,31545.05547835438,19.484724013540305,0.4376834975593438,0.2666666666666666,1.0277592393806878,0.9716214537620544,0.303030303030303,0.3128305454210389,-0.0397256096063643,0.146746166926496,1214.6900634765625,5.369046325904659,0.1140350877192982,1.4577954456597166,4.078928017514761,0.9775202418116268,-0.2677001404557063,0.000678566356091,22.296517977069342,0.0194840820649344,0.1951275576124045,0.0506014675564236,0.0,0.238095238095238,-0.0476682645219025,0.0945432098765432,0.002307204567586,-0.3847027350967933,0.3579946832418688,0.9414519373332438,0.2734142023491525,0.6713747355874157,131.01916911858706,0.0851791878025397,2.1808365436657375,0.4718207666032113,0.5888420787147893,1.833334684371948
young_20210324_srd6c7_r1,,180.0,40.22499907099084,0.4546084772746281,0.0097011942416429,0.5809360059900246,0.7164123118042945,0.5357922071318604,2.0700417945135836,,19.461238159136844,0.4817738773778122,0.4,0.992355982070747,0.9550032019615172,1.0,0.3180415626366342,-0.0592542585179355,0.0946059809245801,1379.7979736328125,5.285482421414489,0.1015884743258219,1.7195539794909818,4.029602684498115,0.973431527767462,-0.2222667134645985,0.0021221369176793,13.664841127866652,0.0227470045293551,0.0970609821009444,0.0240920681423611,0.0,0.3846153846153846,0.3380550022581917,0.0883851851851851,0.0367416876156995,-0.3964992061212418,0.0,0.9359449943600078,0.0,0.2319927417137207,72.42175959280316,0.055198851692393,2.2699112523312306,0.515626017440686,0.4683163510485078,1.7794876098632812
young_20210324_srd6c8_r1,489.258,182.5,69.364008945422,0.3958878866845225,0.0103471772745251,0.940548928237751,,1.0205515694011202,0.4944209727246476,,14.488419596111402,1.312432144445734,0.2857142857142857,1.0308081449389896,0.9788610935211182,0.7142857142857143,0.309336569906649,-0.0315087251841297,0.1607231985860744,1162.95751953125,5.378087238653082,0.1220472440944881,1.7204977350496091,4.092957157539605,1.071930543028383,-0.211213337530404,0.000907970747896,16.957651231735507,0.0243933841682201,0.2222407623142834,0.0,0.0,0.32,0.6364777587844777,0.1012493827160493,0.0863562953022838,-0.5106493913468844,-0.4999999999999998,0.9559061284468892,0.2922142445613521,0.3446516145598005,65.8149200825119,0.0213418697641636,2.244283780916695,0.5554622088690073,0.5230646445387201,2.020953416824341
young_20210324_srd6c9_r1,,195.0,57.68812116239192,0.4407023862727868,0.0054558552801609,0.3854119765524167,0.3344066981792449,0.4673316400201658,0.7964757117812581,,14.82815327876273,-0.1046666714534315,0.25,1.0324540854951345,0.9746853113174438,0.6666666666666666,0.2518230425755836,-0.0849901899526154,0.1213499167202721,1942.82373046875,5.280646129511281,0.112152186257808,1.7840427361883229,3.71895304278694,1.0820197237473317,-0.1757432307612328,0.0004979467099739,21.123823918411116,0.022112477769205,0.0755371297693723,0.0302603488498263,0.0,0.3846153846153846,-0.0438166275441554,0.0839308641975308,0.0009439717224869,-0.3938480699429288,-0.4999999999999999,0.9065285922347244,0.2577237692752741,0.1406203674470557,82.91997748052054,0.2570468846486971,2.3082425760001275,0.5117485132303746,0.4866537344286843,1.7202078104019165
young_20210326_srd1c10_r1,,198.0,22.132333079246106,0.5150189559137728,0.0151370353996753,0.6251579663045438,,0.6531022060944639,0.5318198600179014,,23.187104719683244,0.0,0.0,1.2033425781557625,0.9855812788009644,0.0,0.351165058190477,0.0172053832207974,0.1842541587997324,870.767822265625,5.4022431311322165,0.1207036535859269,1.806932281905698,4.2870563231107965,1.0952741746342085,-0.05347296231102,0.0014401232864609,9.973202628810755,0.0171507417686465,0.24931623924826,-0.0254494222005208,0.0,0.5,0.0134023926000736,0.0642469135802469,0.0027051869565617,-0.245789566038725,0.0,0.92470380858282,0.2681200942823697,0.4458389810250532,74.32766611958915,0.1824311602538155,2.3301970320883325,0.5005040860651913,0.3865412321728379,1.6506620645523071
young_20210326_srd1c10_r3,,299.0,40.401996103351294,0.3296609131882935,0.0038129864260554,0.2034520749049178,,1.0503863987827051,0.8961178352694529,,20.090993506857707,-0.4680493986822766,1.0,0.8849935487775319,0.9879944324493408,0.6666666666666666,0.3254897858329104,-0.3071650792216278,0.1557652546488373,2450.5244140625,5.410904733969088,0.1149999999999999,1.5526545929701805,3.156893596759049,1.210348457527434,-0.4520526901157193,0.0012265303672026,20.397905757105864,0.0206433220158344,0.4140382167977262,-0.1251059299045138,0.0,0.3333333333333333,0.9310867051781256,0.0452987654320987,0.0268538875912605,-0.3651820829069325,0.4864594689810446,0.8574388236797393,0.7609475708248223,0.7759181775913623,87.09179968687889,0.0800204747485734,2.2833845105133097,0.5656213331144396,0.543600968589153,1.8826745748519895
young_20210326_srd1c10_r4,1261.6926,300.0,50.29287719012795,0.3558438636352436,0.0122159831225872,0.3562188308255863,0.0130022089719772,0.3765727043144058,0.8559360652769193,-36675.99642579706,28.325702337613933,0.0696143973450662,0.2,0.9298657329120122,0.9867842197418212,0.0980392156862745,0.3364848392039576,-0.2046473473259622,0.1544830608593847,2101.664794921875,5.380133077770561,0.1104241136122113,1.639443633804356,3.5958291560241173,0.8527547140109347,-0.0757176930553989,0.0018826050580081,15.525549567673783,0.0193936883959909,0.5429864253393657,0.0493744574652777,0.0,0.3333333333333333,-0.0512849585570019,0.074716049382716,0.0058042823708009,-0.5221862978778732,0.2776056283247981,0.894390346338247,0.3027891045830713,0.7139552304804865,147.9741698919404,0.2766940130048255,2.321015804554384,0.5141137997485415,0.4662321699944971,1.6085442304611206
young_20210326_srd1c11_r1,1111.95,193.0,26.90254563443068,0.3846950976178003,0.0025402812752872,0.2889597448952603,1.3678409734010697,0.2985102090471874,1.4349066644929684,,12.835072721503009,1.0555432302377927,0.6666666666666666,0.96915262984619,0.9908112287521362,0.4999999999999999,0.2683717984912581,-0.1751724533665361,0.0793489638384503,2643.44677734375,5.334703582419457,0.0763713080168776,1.6464751439409688,3.8787438998843378,1.2222471487319972,-0.2367705997828693,0.0034840517749503,7.577160556669665,0.018122791776899,0.1818459082934562,0.096386474609375,0.0,0.3636363636363636,0.6214760267140305,0.058412,0.0021353101635238,-0.3404344143941452,0.4999999999999987,0.90720427025233,0.410171356237302,0.1028701994576033,66.76679470329232,0.1571026222059143,2.097061335003865,0.5134178370396402,0.5143414433591836,2.0538270473480225
young_20210326_srd1c12_r1,659.757,211.0,66.06989268479646,0.476159793763299,0.0088731311261653,0.4652598796751224,0.0647045782327652,0.4951797227117162,0.4610246093853867,,19.833677434192957,0.8029006926264559,0.2857142857142857,0.9297698906213856,0.977517306804657,0.5333333333333333,0.2904306109607284,-0.1269882969521144,0.1499790261917038,1572.7490234375,5.336473928784879,0.1161934805467928,1.7751533691360677,3.9119339342462567,1.1600879451174746,0.1085063312763151,0.0010454425836824,24.132568958433513,0.0207380563091176,0.2759578834910186,-0.0484840901692708,0.0,0.2142857142857142,0.5797182334133965,0.0935027777777777,0.0145371451576812,-0.3843025585136733,-0.5,0.90497145036295,0.2447147355187426,0.9177208127671772,71.95227554902523,0.0716691488981299,2.22268610202457,0.518215455825868,0.4894599417894205,1.7016865015029907
young_20210326_srd1c12_r2,650.1201,183.0,238.51678677604255,0.416219904433549,0.0115034384652972,0.7194170971128359,0.2653688161611557,0.3070063970276614,1.1270438750133318,-35444.8973122876,18.11070658327532,0.7834883028832221,0.4,1.019354861839705,0.9743667840957642,0.0,0.3262487457581946,-0.0908513376138619,0.0841829332838694,1731.5460205078125,5.382445680753051,0.0886840432294977,1.7622333841163274,3.316528966310493,1.1863068999527226,-0.1437622362122852,0.0005164119017664,75.96763971708205,0.0179763589278724,0.4174332483814398,0.0169064670138888,0.0,0.2222222222222222,0.2704962549102449,0.0905777777777777,0.0078412055612429,-0.3099894636583532,0.0,0.9187749181184308,0.5132870424010338,0.3557059316637991,76.65817874587947,0.1450537218044137,2.2616662605446347,0.4958716656442731,0.4387532168320386,1.933638095855713
young_20210326_srd1c14_r1,919.9533,198.5,312.4358409012417,0.3899868247423905,0.0013204209972172,0.864260453445374,0.1735011145591735,0.762681987167887,1.4486456690877734,-410935.9991072213,19.25106796866382,0.4542184239886155,0.1052631578947368,0.9096936898489894,0.9737707376480104,0.4313725490196077,0.3201883482749503,-0.0585960838694473,0.0,1863.7481689453125,5.253636139129443,0.0078317621464829,1.4765615480877885,3.3072432899552116,1.1846628695816497,-0.3389656019115351,0.000354775309964,81.19997994832379,0.0200676563332635,0.2180626073585915,0.2783663330078125,0.0,0.3461538461538461,0.5556556450310391,0.097628,0.0070952095943682,-0.3317049691241057,-0.4924775323017579,0.9419792526464904,0.2464562329973932,0.6832406278917504,141.4523966716783,0.0462001999524828,2.2645272683626287,0.4863723160440957,0.4992887187780179,1.7942334413528442
young_20210326_srd1c1_r1,832.4798999999999,169.5,29.975356312163026,0.4992592592181679,0.0036728393752127,0.4669958847352267,0.4264359398603439,0.3410460624857151,0.8850019103636374,153313.57106918943,19.115880234864083,0.6269894785056299,0.3125,1.000167127045069,0.9798429012298584,0.3888888888888888,0.2581468926425589,-0.0549818668373523,0.0702676422852781,1642.737060546875,5.289257840418322,0.0881246641590542,1.298007824894211,4.486280356034467,1.0133478155118505,-0.0702109952065134,0.0041532454130049,11.809071875168756,0.0225611593620816,0.124304035477145,-0.0226094818115234,0.0,0.25,0.3043644666771416,0.10010625,0.0059493687160022,-0.3452283754663797,0.0166158692628086,0.9422815426145044,0.2848732490352134,0.8955879012899103,117.49351335347848,0.1589892271849068,2.267163857968341,0.4749847444141787,0.5359632562945172,1.6723034381866455
young_20210326_srd1c2_r1,,228.0,44.70501864163838,0.4666308645738777,0.0186521019786596,0.4140994971035395,,0.4446254186220443,0.5792878171392727,,14.425675308077334,-0.2018251255655003,1.0,0.8957983282828977,0.9902722239494324,1.0,0.364545333489829,-0.0996973355689113,0.1801684802507742,1667.7041015625,5.404192956259061,0.1037735849056603,1.8434588599344977,4.203214561413227,0.9921143915806552,-0.1597671278586535,0.0024536747332607,15.190349313811684,0.0191021184001839,0.1211880386028722,0.0158267550998263,0.0526315789473684,0.4117647058823529,0.5854822278570201,0.100158024691358,0.0014735978027441,-0.371498105824898,0.0,0.914608724515682,0.0,0.1603554973654136,70.87320774680266,0.0720724606980712,2.2783990814601585,0.5656062244301964,0.5137386252756322,2.1441943645477295
young_20210326_srd1c3_r1,,175.5,19.519133974367577,0.5147832082997342,0.0040987655520439,0.8481165416043344,0.0937472398638725,0.4553821776671077,0.8796648359444177,191255.33597458655,14.88591465536395,-0.1226938126578136,0.1818181818181818,0.9772863215708952,0.9749755859375,0.2962962962962963,0.2278479951325922,-0.0685073766122536,0.1027185833127636,1306.766845703125,5.187484433491331,0.099633383653224,1.5229096490418883,4.457057400495048,1.1133104501729456,-0.2672526877574813,0.0014479666076916,9.918841003334869,0.0238662875988561,0.5374045801526709,0.0524318440755208,0.0,0.2941176470588235,0.2590275957721364,0.0859555555555555,0.0183134073954955,-0.408684168482426,-0.4153575463729385,0.9413653472331164,0.3050019220658082,0.8008687039588956,100.09734317094288,0.1389117479156484,2.2969691286577216,0.5371987075880322,0.482406792070206,1.6269760131835938
young_20210326_srd1c4_r1,,198.5,85.36906842579171,0.3806970509083191,0.0111378077417612,0.9523340166415128,0.1074412079930305,0.9979744060053304,0.8578218143431346,300086.5652828373,22.533480837362067,0.6189346784980471,0.3846153846153846,0.9307139190173,0.98549485206604,0.3939393939393939,0.3140041088247223,-0.0958786484414137,0.1647035034686821,2076.09619140625,5.400103995424495,0.1131105398457583,1.6891910099427183,3.850953826577387,1.1319941753998013,-0.2252209054103283,0.0014587629485317,19.01189179685065,0.0200992824607361,0.2788973355318171,-0.0477491590711805,0.0,0.4444444444444444,0.7426647358291272,0.0993975308641975,0.003849742296656,-0.3965792016480394,0.4999999999999999,0.950551005874302,0.2895149652787619,0.4748131679195854,107.3706558265094,0.0645443577477873,2.2450543947082844,0.539000676446537,0.4756037060336346,1.762985348701477
young_20210326_srd1c5_r1,842.1167999999999,173.5,142.2753921780084,0.3641293512210112,0.0105938212946057,0.6942063080111482,0.5362160325765609,0.4224345382751693,0.5046534775202567,1567416.459825685,25.885382264468223,0.2800485571119943,0.1428571428571428,1.230480517721552,0.9806709885597228,0.5384615384615384,0.331348282667347,0.0536931834083648,0.1664413005471298,2443.81298828125,5.341888595564636,0.1219826576048745,1.6235394703703965,2.742749654533405,1.4356956056991177,-0.2600734462455175,0.0041377105001171,39.519651107796214,0.0164503858965687,0.3263087316282455,-0.2433642578125,0.0,0.25,-0.2400225014011391,0.0529234567901234,0.0,-0.2385969868695979,-0.2708453366654876,0.8939032803396638,0.3004486418409122,0.9397652524219792,107.30707835824012,0.1914888282508615,2.3158241107128386,0.4746491383278221,0.5699622184393168,1.5546950101852417
young_20210326_srd1c6_r1,,219.0,88.4406394137841,0.2680696014077878,0.0054547870531678,0.8375966685873292,0.5199938031435013,0.6525512013226629,0.9026061282260436,,18.635146072554654,0.6975051970428071,0.3333333333333333,0.9726635684240356,0.9771636724472046,0.3333333333333333,0.3234183278818943,-0.1114004142217958,0.1294064605176414,2232.4404296875,5.374563176431934,0.0992971706613804,1.6773918424512544,3.028372147522188,1.3275785661910864,-0.5232125131464381,0.0008411119705572,12.751425080713911,0.0240489934150797,0.2805894581602803,0.10691650390625,0.0,0.375,0.6596360584742111,0.046795061728395,0.0041587521713749,-0.4007352847836243,-0.4999999999999998,0.9197831522799524,0.219616049527086,0.410833668525069,93.59184079935666,0.0675632474562969,2.2470364042138637,0.4816922769678349,0.5643867792978221,1.8851016759872437
young_20210326_srd1c7_r1,770.952,177.0,76.20674880243901,0.4585708468588588,0.0071072140708565,0.5480456025500767,,0.5165593312744924,1.098196885267812,,19.574197696051023,0.3000226522694116,0.0,0.912337788568996,0.9753075838088988,0.2083333333333333,0.2951678432399283,-0.1603753568282804,0.0569313095796765,2087.76025390625,5.36696992052528,0.0916257883672039,1.6011438976651284,3.548510629262747,1.235596643163935,-0.2481461915680097,0.0009557799940211,27.22562059029586,0.0146666248003507,0.1624532502411821,0.0195000542534722,0.0,0.3333333333333333,0.2637137227428985,0.0738518518518518,0.0136335689870571,-0.3329928693257455,0.4999999999999995,0.913987489119206,0.213814181064961,0.3773535601840804,92.94931180975162,0.0569557037229596,2.324736485133687,0.5294108516538488,0.4870995707292478,1.8056129217147827
young_20210326_srd1c8_r1,1263.1752,241.5,543.2824472396486,0.3988603988376717,0.0047962730750441,1.1021652421024406,0.4678609843611717,0.3377696386783609,0.6993509443034112,4277038.296764612,20.73365631207876,2.146572414479428,0.3076923076923077,1.049721364324953,0.9746622443199158,0.4444444444444444,0.2940749642530174,-0.0430191514504916,0.1471384327419098,2709.745361328125,5.3169801709837525,0.1092136348295646,1.2012470690196058,3.1068448347778177,1.0968021253699691,-0.312514764684941,0.0018339736962365,146.12987868603227,0.0187009755631981,0.4949267192784661,-0.0458135986328125,0.0,0.5789473684210527,0.1248369111043185,0.09624,0.0068593216614262,-0.4978858631677161,-0.1257896853772732,0.9212279252988572,0.2316264869834177,0.7550192646011752,141.27198669680516,0.0766669535677301,2.252467150374046,0.493793212520721,0.6344709107044441,1.7640256881713867
young_20210326_srd1c9_r1,,197.0,366.3383980242638,0.434239902533566,0.0073927426710724,0.6706921046609811,,0.7263312783480369,0.6666169589100154,1031619.7937469116,18.589958007885937,1.989085889579208,0.5,0.8951279615066765,0.9774399995803832,0.4545454545454545,0.3075429953794393,-0.1362728939488263,0.1176056697984518,2139.4267578125,5.363972294749647,0.0931162524992859,1.6123872749747563,3.4059530471084996,1.0595777235503143,-0.141974903207715,0.0017094831794125,101.8774229490821,0.026108790978954,0.0606879682160277,-0.03408984375,0.0,0.28,0.4201359884172276,0.092416,0.0113253846163686,-0.4221439372939006,-0.4999999999999995,0.9423352112518693,0.3183114770091088,0.5454034393243062,85.16043802534688,0.0331611149952553,2.134244454507799,0.4877703220708163,0.4748769787996199,1.955823302268982
young_20210326_srd3c10_r1,751.6782,268.0,474.5042279552036,0.3355363111261367,0.0024774149060249,1.1363567303907356,0.3693424797534942,0.5190953064843215,0.7895137462098161,55907.335597902646,16.509634393620566,0.3481992256987427,0.5185185185185185,0.9749644700605052,0.973696231842041,0.3623188405797101,0.2921679709585889,-0.0320762471706321,0.0178987712377221,1684.665283203125,5.387923193657127,0.0271595124536301,1.1844353181484866,2.696477495824796,1.2024932808537918,-0.3754229560528723,0.0018246664197409,81.95061965276435,0.0188177607989335,0.1026740312648116,0.1045079345703125,0.0,0.3571428571428571,0.2185735460998026,0.0685,0.0004010379156331,-0.4007150719700428,-0.0006979247850248,0.934224822981454,0.3102547173699411,0.6831493870394197,225.5658253875556,0.0815435234471442,2.175683038175006,0.6135869640685176,0.527568767171503,1.8138090372085571
young_20210326_srd3c11_r1,,206.0,148.56955689667953,0.3626325570829088,0.0075330631807446,0.5267300753769837,0.1636149147391319,1.0416509539927876,1.0165204011888342,,20.756417419291893,-0.1805689302879937,0.5,0.8941113772519853,0.9835404753684998,0.6666666666666666,0.3532658918949238,-0.129994083587151,0.1856007134662369,1596.167236328125,5.39546610611287,0.1200229709035221,1.653750702902494,2.819678845196769,1.1794488099671607,-0.0907099542482851,0.0007557895242453,36.723788273968694,0.0141958665597984,0.4212925693963062,0.1691260986328125,0.0,0.5714285714285714,0.1216316579434852,0.052856,0.0048025599230315,-0.1616695291796312,0.3815248273930881,0.8896419795983695,0.2386148570892636,0.3228234194224254,121.04962745884131,0.0558716912392876,2.321761986477889,0.5095336361896987,0.6719414457161587,1.7638957500457764
young_20210326_srd3c12_r1,741.3,181.0,516.2613273817908,0.371440613864698,0.0090708546340465,0.1540750695829821,0.1699477630376815,0.2935604593019185,1.0287205529163783,551673.3574277734,21.078905820717864,0.9156012706783128,0.1428571428571428,1.0297847301416223,0.9719884395599364,0.4666666666666667,0.3361801961420525,-0.0259817299840913,0.1250074401200144,2036.3211669921875,5.382054938372698,0.0960294117647058,1.7032320083980856,2.7877720113015023,1.364429853869721,0.0211495892657249,0.0003472538348604,130.99572540469504,0.019866654596997,0.4999999999999993,0.101120849609375,0.0,0.4285714285714285,0.0314227232822469,0.081336,0.0005592525082882,-0.4652105783075427,0.2152958099579184,0.9211260854482052,0.2816122363371501,0.4396882646556031,111.837410844272,0.2264586032793657,2.214863519172811,0.5391706658613045,0.470072011148557,1.8248612880706787
young_20210326_srd3c13_r1,702.0110999999999,200.0,394.5969166013237,0.3628695438241856,0.0083932606503367,0.3603717958921978,0.5872724182605743,0.3665564454260103,1.1285614736061298,90070.86650420105,21.99809492091579,0.5788582990519556,0.4615384615384615,1.0559297007274415,0.978055775165558,0.606060606060606,0.3078517874879904,-0.051473470341016,0.1283479348969166,1792.5379638671875,5.373853166099382,0.1116981132075471,1.6267147813533516,3.149258038498726,1.181927833151701,-0.0946272779267363,0.0010194716235658,80.12387587921181,0.0228248134728514,0.0767101684328331,-0.0244948120117187,0.0,0.15,0.237832600269246,0.087284,0.0045347297430041,-0.3915516753677251,0.2874545912918926,0.9330643158037232,0.3017608012046232,0.7181732921878609,85.07149992453013,0.0763603565427381,2.195516163158701,0.4733851314231841,0.4604877042271039,1.866775155067444
young_20210326_srd3c14_r1,649.3788,177.5,396.347615829134,0.3016015688591598,0.00272022257559,0.9682137603392535,0.248353555727005,0.6972641998666004,0.8605753369934902,,24.90579662244835,1.4089063409262783,0.1666666666666666,1.0046943439606462,0.9746858477592468,0.5,0.3047430517073648,-0.0140042096014142,0.0741367268814155,2190.5947265625,5.281721969075862,0.1195179276891533,1.3362106645172036,2.373125233030846,1.323059274169848,-0.2973442472379723,0.0009240791772814,54.146614265315264,0.0145352848141776,0.0949044943900538,0.1919371337890625,0.0,0.1,0.4631473173114023,0.049452,0.0043896851310572,-0.4404412265586985,-0.2561247312838475,0.917970967190622,0.323173664289862,0.7945197429445741,202.86573286840368,0.126249151582298,2.1799351089933388,0.5454136619449486,0.699708732356273,1.544778823852539
young_20210326_srd3c15_r1,,160.0,305.5924772314815,0.4155873664603968,0.003056684974581,0.40820268116244,0.7350955530881881,0.2080332118775906,1.4314793401600872,,21.11075457204153,0.7595752840746045,0.2,1.3036823095726748,0.9790794849395752,0.6296296296296295,0.3778559814333737,0.0200666624372156,0.1039659211806332,2809.2490234375,5.307878856777132,0.0816952209197475,1.748844764748646,2.408905928152433,1.518535747456652,-0.0913870080627652,0.0004835095008525,109.83548557379366,0.0187427812899138,0.1951213113838394,0.0825418701171875,0.0,0.2727272727272727,0.4357623479524447,0.052992,0.0006434234999767,-0.2978741119923332,0.0,0.8912529865647993,0.2903066870606161,0.2431882614921802,76.68137948099047,0.2837966954787294,2.0876799379407474,0.5399342429754105,0.5796215785498134,1.6624072790145874
young_20210326_srd3c16_r1,,151.0,25.13137487920822,0.3478984602258382,0.0115567287430167,0.3330096638153225,,0.4448268491469584,0.8209017408012919,,17.83819845245138,0.6332429329117663,0.0,1.4593874105533726,0.9785342812538148,0.5333333333333333,0.3485634516808045,0.0541131394823792,0.1713838915610887,3731.625,5.397419092347453,0.1199847153228887,1.7957900183352744,3.4325875056677018,1.4553286574816104,-0.3112176963818475,0.0024102026256386,7.316449700157555,0.0142265654318808,0.5645905499309466,-0.0192095336914062,0.0,0.1428571428571428,0.6158606851697024,0.034376,8.000682346664934e-06,-0.2149773870115872,0.0,0.887155452427457,0.0,0.1092341376228287,61.226748004045,0.0930989232113495,2.343619645532212,0.5773420500477786,0.4421692651762833,1.9423083066940308
young_20210326_srd3c1_r2,975.5508,181.0,19.583313407431625,0.5088381513064962,0.0040315748192369,1.098600625934579,0.0810212750315666,0.3850076386134876,1.0456409729627354,-178544.4636509403,19.367838273470753,0.4520513077821315,0.625,0.936685906950439,0.9767487645149232,0.2222222222222222,0.3225817656106426,-0.1210265871206744,0.1409849834759481,1632.431396484375,5.393415393096207,0.0892046811559589,1.495290426790157,4.254724061271314,1.1370588225313338,-0.1941924933787568,0.0018997317476029,9.15887446960692,0.0202011808131448,0.208014511757981,0.2185147705078125,0.0,0.2857142857142857,0.2511245766146057,0.086004,0.0018182268352987,-0.2705258492130788,0.1601172002982194,0.9279094742957594,0.2394546774536729,0.9648053939329644,131.36219809125743,0.1557695084079011,2.2851263686351184,0.5022882469035201,0.5178597910035071,1.8450626134872437
young_20210326_srd3c2_r1,,188.0,28.958873648497903,0.4921509382729173,0.0142469219863414,0.7051666042020622,,0.3250974750219579,0.6442852298085565,180517.95024214816,16.83200792655405,1.0696695683515949,0.2,1.003252778654688,0.9684571027755736,0.4166666666666666,0.3480460305729775,-0.059795808869492,0.1896724615183447,1696.67578125,5.355262855559545,0.121809225257501,1.891180109187754,4.214474365536522,1.3334077200115473,-0.1190227731098026,0.0010112715550311,11.764214364784328,0.0155363249376521,0.2128460962849661,0.0146055297851562,0.0,0.2,-0.0511452738173776,0.07264,0.0113153974350709,-0.1601268291697073,0.0,0.9359604927862109,0.8333333333332639,0.1169630877516609,67.1266591069033,0.1372600806216095,2.2541569586618513,0.4976195261441249,0.4673167752138373,1.9757109880447388
young_20210326_srd3c3_r1,856.9427999999999,271.0,60.40878763584576,0.3420823243414613,0.0090710697695612,0.942802844473835,0.9228729930639268,0.7917493554764936,0.5411109202758709,276073.9077070271,20.82261954522008,0.8202513974716944,0.3,0.9686697167187016,0.9760376811027528,0.4222222222222221,0.3101066162288068,-0.0373208637152914,0.1791809231964706,1434.35693359375,5.099900603088483,0.1040502793296089,1.2039000865148892,3.8119429562070297,1.0893556697858102,-0.2405858863577038,0.0008655274994404,13.408705399134382,0.0172729010408024,0.125569731691526,0.06166943359375,0.0714285714285714,0.5789473684210527,-0.2039929447511232,0.089608,0.0047843742250913,-0.3035152064718186,0.2583873385009791,0.946712970173109,0.2328649586133603,1.1136865532285447,212.77130863465507,0.1035796959635224,2.168510676698151,0.6093618034473706,0.5703930693116994,1.520308494567871
young_20210326_srd3c4_r1,,214.5,27.978875832168065,0.5030411448656142,0.0017100177938118,0.2896601073137989,0.2055905917525291,0.562253347024452,1.382757420705689,,22.813398418511635,0.8133775008716022,0.2352941176470588,0.9330809699145828,0.9747487902641296,0.392156862745098,0.3068338554376992,-0.0740153371717585,0.1152143224269389,1887.6346435546875,5.122441233250686,0.1039762904420844,1.3500421446378448,4.1881589321965205,1.1194941855848854,0.0014811060523235,0.0012605414575113,14.0183339806383,0.0240652822772531,0.0873853802888797,0.2016510009765625,0.0,0.2083333333333333,0.1382306927516161,0.0825,0.0,-0.494393496018322,0.1905564982770164,0.8987916352035573,0.2640610407583224,0.8985321858385181,132.29008735442926,0.1407454908697918,2.332130820720361,0.4879745241790075,0.5301431920101115,1.4869937896728516
young_20210326_srd3c5_r1,1097.124,214.0,606.3671672076433,0.3309893931714306,0.0049898684956133,1.0973192864766184,,0.928065832914558,0.9788086384766266,,31.04048197888522,0.6513204239055859,0.1818181818181818,0.9723476686397496,0.977798342704773,0.5,0.3364164687773818,-0.0498642403910618,0.1369674735150819,1931.603759765625,5.336385957365316,0.1137289390853545,1.2888050465018417,2.6925262394195837,1.2231570184108178,-0.2356529719055594,0.0015118895089614,116.04612545203996,0.0215280022562052,0.5074683613174457,0.1296053466796875,0.0,0.1333333333333333,0.0049123098883002,0.06828,0.0491350342660823,-0.3916833664565366,0.1830709263577822,0.9296176543869872,0.2951944733544708,0.7348805534219749,172.96778892118448,0.1212828837390587,2.1013577629028757,0.5617275171132105,0.5831459522105871,1.5260138511657717
young_20210326_srd3c6_r1,,246.0,640.4851476862074,0.2779861944569338,0.0038031791336834,0.9339360743596986,0.1814202899694442,0.8173564422135804,0.6989991321198554,-105223.08229395472,20.69347561521252,-0.2459504606053677,0.4285714285714285,0.9821035755269844,0.9796522855758668,0.2916666666666666,0.2892175401079984,-0.0092907832811076,0.0836504131413586,1493.636474609375,5.258360440979956,0.1063565595300635,1.29498069215455,2.6420967300968305,1.3507671697776338,-0.2900358678219489,0.0007516567229794,77.85549549613357,0.0186736620357488,0.1058266887285415,-0.0845902709960937,0.0,0.4615384615384615,0.2014696481300417,0.068248,0.004331550076861,-0.5303269124945826,-0.4166602933512326,0.9368296378538116,0.2565905678519636,0.890665382302151,194.8122492940222,0.0429844720897953,2.123594266411863,0.4507237268941876,0.5533162331046387,1.545775294303894
young_20210326_srd3c7_r1,760.5738,276.0,325.51672266750893,0.3494000406396786,0.0012467169435694,0.8807707951107615,0.52928377161026,1.049964763381253,1.0182257291657446,150058.77183318973,21.13583615485132,0.9609680388885684,0.4444444444444444,0.9329622216898382,0.9801297187805176,0.4090909090909091,0.3484715534089226,-0.0614199479478408,0.0501311390407897,1613.7989501953125,5.277448569451855,0.0785355266164039,1.2265220512510728,3.0713769437535294,1.1535981995830495,-0.2765809740746242,0.0004804377561152,60.15814722692386,0.0216442135958595,0.1329996350226452,0.1517850341796875,0.0555555555555555,0.3333333333333333,0.4143789556684719,0.08618,0.0542281588597716,-0.2544967810679686,-0.040989747535658,0.9547423152464564,0.3225391435893823,0.4725492065842411,189.56906348354337,0.1262690301756144,2.11122982027101,0.4901042338319931,0.5251557486524279,1.7320411205291748
young_20210326_srd3c8_r1,,212.5,55.23724128887227,0.4496385540001742,0.0163495577871799,0.8139759032221804,,0.2236562176815119,0.5658285201047737,,15.452244644632955,0.3268666152246552,0.6666666666666666,0.868525124349817,0.9826433062553406,1.0,0.3248008785933192,-0.2011154778736844,0.1554902256650392,544.5040283203125,5.388086603643967,0.1171548117154811,1.6505797439124923,3.541627410038714,1.2247160779882276,-0.1818431919145248,0.0010677355644354,21.246457306376545,0.0275199961875773,0.1444623241280767,0.090056640625,0.0434782608695652,0.15,0.368338086292578,0.068884,0.0007824707838315,-0.3659478637640103,0.499999999999999,0.9272814464262572,0.2303672168897525,0.9105532537133254,60.87981240486125,0.0746026100774928,2.250785498611727,0.4907151035616466,0.4140159752416988,2.022918701171875
young_20210326_srd3c9_r1,771.6932999999999,226.0,302.77889171796534,0.3945272163745001,0.0101797133684158,1.2395633573359224,0.3819482615947723,0.4908578358473429,0.6145465951058319,,29.2313971663963,0.7264434685989,0.5882352941176471,0.975814884452401,0.9770780205726624,0.3777777777777779,0.3179270635041946,-0.0643909721470401,0.1850819527939254,1875.660888671875,5.36137937903726,0.1170024743725697,1.3726950501863662,2.825661284485212,1.2678459451014938,-0.4062367845663583,0.0002713249452049,99.55466754987556,0.0229107330470412,0.5277777777777772,-0.1156392822265625,0.0,0.4705882352941176,0.2472830555988691,0.085496,0.0179742330894351,-0.3731224642207052,-0.2734836825017401,0.9253497924803954,0.3378816089633214,0.7793130840139725,138.89255758666377,0.1492546247860015,2.2037621091115542,0.5117376106589023,0.4913298426033819,1.642493486404419
young_20210326_srd4c10_r1,,210.0,371.4838035020909,0.2938065841394306,0.0008409501169808,1.223267018866703,0.3842540959954261,0.9918727932979512,0.9767793929543486,186378.58376647363,26.267732847980906,0.5426691505567116,0.3684210526315789,1.0176024816669438,0.9652817845344543,0.2941176470588235,0.3240425368818029,-0.0694789306405761,0.0767372878347548,1293.60302734375,5.282665807377571,0.0645501405810684,1.6749086818423928,3.0551450213354325,1.127065175891918,-0.4389357687362955,0.0009382657691515,61.554608742119555,0.024777598086084,0.2413591146440421,0.088335205078125,0.0,0.1818181818181818,0.3929235276873458,0.0747,0.0002282965837781,-0.4847287562322207,0.1928204339939593,0.9422613807105992,0.276391620229838,0.940394468045412,131.70577242446203,0.0480639913946419,2.2850757172715785,0.5015646316373569,0.4822325412038687,1.3996604681015017
young_20210326_srd4c10_r2,797.6388,198.0,264.59619185571574,0.3017866066777994,0.0046377326361835,0.480634682628646,0.2440568370580673,0.7350882478008453,0.8366648789510819,100063.48726791468,23.79404867219645,1.0436051827911248,0.2,0.949577641599706,0.9786251783370972,0.4509803921568627,0.3023142258059255,-0.058545706154592,0.1257937975441137,1816.9188232421875,5.352101605456662,0.1179835346947503,1.4291391205979276,3.0321099890454417,1.1277107991288715,-0.3474246615091147,0.0006391302534734,50.977299364625395,0.0221655766651978,0.2572588665393887,-0.0691199340820312,0.0,0.2941176470588235,0.0113852799891272,0.069144,0.0,-0.4089288969160014,0.0613380367127694,0.9360306583158022,0.253024034262107,0.618353552462331,145.71994135671784,0.0948453203957662,2.1907214030224136,0.502381918787961,0.5592089949380746,1.6356542110443115
young_20210326_srd4c11_r1,,182.0,129.86541090555727,0.5044185415554981,0.0046694418415427,1.1899159662575314,,0.4739434930713824,1.0047482380322992,,18.148967763375985,-0.0782412910481358,0.0,1.0014406378521568,0.9677889943122864,0.6666666666666666,0.325338816141866,-0.0938430740670714,0.1739871821920225,1751.1873779296875,5.27661388908368,0.1083686849209409,1.5707413002817705,3.4750385136322324,1.045029756353965,-0.2594303464959012,0.0008436320728385,51.89831516151859,0.0233363932925092,0.0985780610140021,0.0,0.0,0.391304347826087,0.3548336277583963,0.092784,0.0045542641804204,-0.4888389483121025,-0.3298804735522225,0.9325272599864772,0.2035224755886097,0.4476674193140986,103.10130958755823,0.2530727884184863,2.210867296062203,0.5435058806972863,0.5028246641046475,1.6676149368286133
young_20210326_srd4c11_r2,833.2212,220.0,458.7574604511067,0.368844784504453,0.0047248131595551,1.102274828823537,0.2209705681800842,0.622551875514589,1.298946728587662,-15441.252341991642,21.33214262763302,0.4576327384887829,0.1052631578947368,1.0189447345366478,0.9750115871429444,0.456140350877193,0.3649319939806543,-0.0586667984827776,0.069848394694774,2534.580810546875,5.267658629861622,0.0889474711970318,1.5727045661656796,2.975332732521574,1.2554492573335816,-0.08463737230909,0.0031237507771086,95.44043358737576,0.0190163451645982,0.133779691533042,0.051558837890625,0.0,0.3,0.5016192986188129,0.0758277777777777,0.002622261964915,-0.3767912437765727,0.2093078111138393,0.908345599360143,0.3490836578269674,0.6188893308276562,118.20673322883988,0.208017129491817,2.224620525118216,0.5152998699491371,0.4957300615430373,1.7053754329681396
young_20210326_srd4c12_r1,837.669,177.0,77.81242746992623,0.380365690937741,0.0021393736824393,0.759004943831201,,0.7017583160571919,0.9745214471612864,64054.64969433792,17.55293657695433,0.1880896515378166,0.25,1.0139717210968202,0.9841058850288392,0.3846153846153845,0.3060726999456471,-0.0163783294910114,0.0712729905712985,2224.53857421875,5.357554833750311,0.0548980933596318,1.5413407637117764,3.489393198114389,1.414117953993978,-0.363263174359465,0.0003850682195173,15.659310970308464,0.0217194602976033,0.2405550947507164,0.118276611328125,0.0,0.1818181818181818,0.0903788487141444,0.063648,0.0071368882142014,-0.4006899939079979,-0.1192380332045761,0.9471611554072776,0.2214488398567761,0.355847851441769,105.70048836609377,0.0664157021526344,2.152771146054672,0.4990452669582397,0.4814079903557463,1.8829525709152224
young_20210326_srd4c12_r2,456.6408,232.0,247.3328216783436,0.3428273343408631,0.0137847615405917,1.0661450181464638,0.1672133348822593,0.9561166829295472,0.6707831244544995,,17.400862303821352,0.4658405031116343,0.4,0.9942404577135432,0.9670842885971068,0.1851851851851851,0.3137169212363488,-0.0570476073339203,0.1733647088338452,1144.84765625,5.273810532768593,0.1025313763029142,1.660212873298076,3.3120489236183164,1.0945950734809216,-0.2398220624759557,0.0010249452175289,46.85301602596555,0.0228088062967757,0.069892538040969,-0.1039862060546875,0.0,0.1,0.1787768966583182,0.061952,8.605426355874621e-06,-0.4593686385976592,-0.1768931912396546,0.9471590728418936,0.2360244538261634,0.5643874597005226,113.92574418299336,0.0600863785520684,2.1341325235341477,0.4965546597386834,0.4876689655714964,1.805340886116028
young_20210326_srd4c2_r1,,321.5,286.15269934663024,0.3162024756677606,0.00493681197986,0.8551061007485021,,0.5876885446782666,0.8743648546887167,1168739.8831972568,19.236306180615784,-0.4396185381494105,0.7058823529411765,0.9326089866832604,0.982228457927704,0.1111111111111111,0.2989640390726558,-0.1100623086595109,0.1197792582354127,1945.4627685546875,5.328570528679903,0.1009166934705693,1.4184030381182935,2.8790780410633747,1.23213459379555,-0.2662525195989786,0.0018410088045163,45.128135801105074,0.0151168107512161,0.1069604117007845,-0.0903218994140625,0.0,0.238095238095238,0.3983015277295048,0.077548,0.0310201208392043,-0.4872762606965825,-0.4597315629965844,0.9417373372806456,0.215141983405303,0.6818615045843288,158.5967948878151,0.1099467447442031,2.245514870217348,0.5791336881061542,0.5296181140428838,1.6809425354003906
young_20210326_srd4c3_r1,907.3512,219.0,394.80190679428455,0.3956233541818194,0.0045405942946672,1.060110778074992,1.4190662338614464,0.3018456764369289,1.1238184791370658,746522.2207352988,25.872028465621657,0.7578358908466803,0.3333333333333333,0.9752546868647408,0.9754393100738524,0.3461538461538461,0.3194248950367364,-0.0429067178725262,0.0332781296426582,2049.163818359375,5.352717016353102,0.0320693147293799,1.331852398601729,2.8109159808163424,1.2850670734716685,-0.2082243661583949,0.000516125067788,102.3202396458847,0.0217044524754738,0.295019049772932,0.0,0.0,0.375,0.5730405030027691,0.075076,0.000698416311037,-0.2651701865903133,0.0395353834225679,0.9204500151450742,0.2213113475168054,0.7932093639544733,214.6941838525679,0.1456647453837107,2.229923028789969,0.5010583778573966,0.5141165365202461,1.5622798204421997
young_20210326_srd4c4_r1,655.3091999999999,144.5,420.81477064566405,0.2845310907056236,0.0093374019488692,1.3031982669913864,0.1253437900543212,0.9959077251433708,0.6671488196627718,,34.01611337864935,1.4100276160362168,0.3125,1.0491418878910552,0.979682683944702,0.5238095238095238,0.3308517994135795,0.0109375944505906,0.1512707786107459,1583.448486328125,5.396637750622299,0.1205152628475529,1.4122985595258766,2.5537692671440886,1.5326224712047378,-0.4186540084012631,0.0076907121326939,47.30232677514952,0.0238622881763981,0.3393423739423155,0.0,0.0,0.1666666666666666,0.6058303338758131,0.0611,0.0073616566634427,-0.5204838466312505,-0.0423764493754708,0.9312470005805368,0.2930730353068729,0.8606432292408309,189.8419753471101,0.1186717018803963,2.1161834973148332,0.5774894313097462,0.6946933154544691,1.5223251581192017
young_20210326_srd4c5_r1,679.7720999999999,187.0,175.04056806346412,0.4063804831896429,0.0097907492890954,0.3749941355500826,2.4727959698438644,0.6138199076101426,0.8038500703382387,127846.46843748672,23.828612277748753,0.8686519991614152,0.3214285714285714,0.9984213287344902,0.9815258383750916,0.2999999999999999,0.3129272977357544,-0.0531982387713365,0.0509499191608926,1957.9930419921875,5.367838051631303,0.0608198284080076,1.4907731924614656,3.2534104654410116,1.3377943142620037,-0.2321527669068753,0.0004682771771151,47.81041290294343,0.0173351207680581,0.6171574903969262,0.043112060546875,0.0,0.5,0.2562608475666376,0.082136,0.0112613713839486,-0.3841225979307378,0.4092771131653693,0.9407288824448736,0.2709993972605519,0.8991097922842548,141.50548729874825,0.0970185700924301,2.051592606407074,0.5427093008660118,0.4999915644853699,1.7034170627593994
young_20210326_srd4c6_r1,1175.7018,223.5,304.9476412293466,0.3001429530111376,0.0039916192181408,0.7688281674300688,0.285136090350151,0.8580596340956755,1.2525948699144274,,24.641971851702564,1.496601733302444,0.3103448275862069,1.0264168766512347,0.9761914014816284,0.3827160493827161,0.3046969308818472,-0.0155794764445199,0.0028225915968019,2483.744873046875,5.3666776256054565,0.022530329289428,1.3610551996604383,2.6066170152099692,1.3625583634232148,-0.3125689857051306,0.0011307926089786,39.45068128197623,0.0231119958261034,0.3532467532467527,0.0779283447265625,0.0,0.2142857142857142,-0.1772018896048695,0.06818,0.0112401777573169,-0.2615285800801426,-0.0872421959358356,0.9112431701244188,0.3134246361842221,0.8038133578387173,169.3069559190166,0.0437588068122496,2.078919290325804,0.5290493333064794,0.4677636889563069,1.7560490369796753
young_20210326_srd4c7_r1,,179.5,319.8925622097372,0.4123665480121318,0.0101601472124457,0.7911847567622193,,0.6502918533095531,0.8740395066490829,,30.285812746948924,0.6170711320441025,0.2727272727272727,1.3381604514722665,0.98234224319458,0.5333333333333333,0.3326758305514679,0.08633106948769,0.1525037669078314,2391.88037109375,5.337257997099675,0.0999189448087834,1.6581460345807757,2.811246882151327,1.2149804178586163,-0.3608721698295649,0.0004015766459366,104.0808956681126,0.0176224331504354,0.511397423191278,-0.1303817138671875,0.0,0.4285714285714285,-0.297333274742696,0.090684,0.0258696097902428,-0.2850648687163544,0.1070507830407123,0.9233561426323824,0.3015738107894292,1.052119599886007,151.34499595586925,0.2237777589257969,2.253411929005865,0.521186958663417,0.5465025639738625,1.5245429277420044
young_20210326_srd4c8_r1,891.0426,194.0,210.1038671484245,0.3382339837531645,0.0130623551085591,1.129510825881715,0.9737193236231804,0.8187676168921325,1.0427798950247515,,26.546959987497303,0.8366432791992147,0.1739130434782608,0.9559229465701286,0.962463080883026,0.2878787878787878,0.3762977705772135,-0.0917088261918729,0.0525950099878277,2042.7591552734375,5.347852879971305,0.0810279271010882,1.7027820897876351,3.0804003291655464,1.2623798402623867,-0.2149957219117297,0.0003325451668959,32.648997177084816,0.0218070566499089,0.2456750849232672,0.0253981323242187,0.0,0.25,0.6572924358240007,0.08488,0.0071188006937593,-0.3421660617809553,0.1128542824813795,0.9430249786493684,0.2148644598030096,0.6465639310673215,122.70487588807823,0.1408699670030924,2.0303173646177353,0.51126909288302,0.4491388763161906,1.7104803323745728
young_20210326_srd4c8_r2,1172.7366,195.0,221.0362364248551,0.2808629644202267,0.0121718775480985,0.6453855373036048,0.4237955372214317,0.300825174105253,1.0496132767277622,,17.614938275005002,1.35596721381569,0.0,0.9566241720712808,0.9857210516929626,0.1428571428571428,0.3032521407092174,-0.0963355645138963,0.1260280755054088,3200.5478515625,5.36340411685775,0.0912408759124087,1.6759177738908002,2.228463666588072,1.60989252533016,-0.2407599470360179,0.0012553491989143,28.67834606879651,0.0117180882645294,0.1115633736568352,0.101658203125,0.0,0.4545454545454545,0.5880641957098065,0.035188,0.0,-0.3217375492143481,0.4999999999999998,0.8827441370239295,0.2258726293678602,0.6296059604000951,83.1987770346653,0.1411531793987886,2.332403973143318,0.5366328685314945,0.4235078749298677,2.016113042831421
young_20210326_srd4c9_r1,963.69,184.0,449.114468351233,0.3177050077243724,0.0047154738567769,1.0498951016099702,1.4991035990238188,0.876522402587107,1.0647269850838894,-531000.1391291774,14.378361172331696,1.2802706393531624,0.5833333333333334,0.9695808637634578,0.9755809903144836,0.4210526315789473,0.3209889528927945,-0.0549260812046001,0.0403611408843499,2153.192626953125,5.365921260800481,0.0481050940364804,1.274768744322347,2.576768465431716,1.2714769325184156,-0.2478483323903427,0.0013970632149055,55.39254782487103,0.0178343171835191,0.0883896403477473,-0.018316650390625,0.0,0.2222222222222222,0.5943527136092899,0.062564,0.0316350849696015,-0.3619543162341166,-0.417328446947298,0.9349895593226548,0.2563105679357885,0.516441889626553,200.59312732480876,0.0918860011410798,2.066565359038576,0.4662560937261127,0.5362185791772669,2.0792555809020996
