sample_id,Group,mitochondria_background_signal_heterogeneity,median_mitochondria_object_area,background_noise_robust_snr,background_mito_signal_contamination_index,mitochondria_intensity_variance_across_radial_shells,nucleus_to_mitochondria_intensity_ratio,mitochondria_length_to_width_variability,mitochondria_network_compactness,mitochondrial_radial_anisotropy_index,mitochondria_neighbor_intensity_variogram_slope,mitochondria_local_autocorrelation_length,mitochondria_length_width_skewness,mito_clustered_vs_isolated_object_fraction,mitochondria_background_contrast_ratio,mitochondria_local_texture_anisotropy,intra_cell_mitochondria_cluster_coefficient,mitochondria_intensity_gini_inside_cell,mitochondria_to_background_intensity_contrast,perinuclear_mitochondria_fraction,mito_perimeter_intensity_gradient_mean,mitochondria_intensity_entropy_within_cell,mitochondria_area_fraction_in_perinuclear_band,intra_cell_mito_intensity_variogram_slope,mitochondria_intensity_entropy,intra_cell_mitochondria_clusteredness,mitochondria_radial_compactness_gradient,mitochondrial_network_fragmentation_score,background_mito_signal_to_noise,mito_intensity_geodesic_variation,mitochondria_network_continuity_score,mitochondria_polarization_toward_niche_side,mitochondria_long_tubule_fraction,elongated_mito_fraction_by_aspect_ratio,mitochondria_size_intensity_correlation,mitochondrial_area_fraction,mitochondria_intensity_weighted_eccentricity_variance,per_mitochondrion_intensity_skewness_mean,mitochondria_neighbor_intensity_autocorrelation,mitochondria_network_spatial_entropy,mitochondria_perimeter_to_area_ratio_mean,mitochondria_to_cell_intensity_dynamic_range_ratio,mito_intensity_autocorrelation_length,mitochondria_spatial_polarization_score,mitochondria_radial_distribution_entropy,mitochondria_texture_anisotropy_glcm,mitochondria_clusteredness_by_nearest_neighbor,mitochondria_local_entropy_mean
old_20210423_dish2_c10_r1,Old,2793.4221851074217,194.0,118.48893842937925,0.0002687661317602,0.0011449317680671,0.0001078137261538,0.1205995208508341,0.1094134050616417,0.7567985370636536,0.0136945331469178,4.0046412186251965,0.7167056780880551,1.0,4.188596435761741,0.7018027901649475,0.7499999971527779,0.2220199855506129,48.869177962515465,0.0833493276297907,31986.318359375,7.3306826614363985,0.1834451901552315,1.5955877304077148,4.41153501698174,0.8985125703895118,-0.1952905293717433,0.0441176464100346,67.90777464784058,0.2843661904335022,0.9341135185080884,0.03556086844639,0.19999999999996,0.0,0.7,0.2863436123348015,0.0035300209539217,0.2475019007744777,0.0882566768059811,0.2959636573743016,0.2970626199933171,0.7198612875512632,3.4316666600942307,0.0360151493791354,0.8960505846599379,0.3286454324671262,0.4591856635424343,3.484898328781128
old_20210423_dish2_c11_2_r1,Old,3280.5840580078125,428.0,547.0616935790466,9.754284918017558e-05,0.0016646900912746,0.0061756037628875,0.1274924784408954,0.0678375328770513,0.625849357159066,-0.0017442342359572,4.706048472468708,0.8935279492546951,1.0,3.5006689835985094,0.6624053716659546,0.499999998313492,0.1968650309125675,21.520698959321905,0.2919053655517292,26843.634765625,7.49707578898013,0.2857789855065992,1.5381933450698853,4.470067285413207,0.8276244481328602,-0.1045896562400855,0.0235294116724336,630.372377573245,0.2826825976371765,1.0069929566008544,0.0165630191535022,0.4999999999999375,0.0,0.3571428571428572,0.2897217235188509,0.0566429895688459,0.5440453025972197,-0.2878977866964203,0.4198874110879832,0.2250056297659346,0.7483547122668449,4.5003646181247055,0.0446391840814892,0.9368200557146208,0.3258210024597739,0.4313384205527688,3.525874614715576
old_20210423_dish2_c11_3_r1,Old,2085.543847631836,236.0,640.2457093423491,0.0005622399640166,0.0032693457324057,0.0102025052694903,0.1733301541074301,0.0733786313734495,0.6953249650042687,0.0045573376119136,5.364789956292487,1.550251559815994,0.5555555555555556,4.611359741789509,0.6495210528373718,0.0,0.1907395054595252,23.45773236132362,0.6170087165366239,29676.2109375,7.588578241855443,0.4841677156962484,1.2230329513549805,4.286897518099311,0.8356863860642512,-0.0786740076904792,0.025878003649024,371.1514843294012,0.298901230096817,0.9512935094452856,0.008310780009833,0.5555555555554939,0.2222222219753086,0.4666666666666666,0.2850961538461538,0.0069023278013754,0.3878296414757812,-0.0411482742142014,0.5483003022501897,0.2604371942686481,0.7048494486133304,5.0765460985747435,0.0894519072632714,0.8530914567069237,0.3110820101265478,0.5032630196072662,3.706020832061768
old_20210423_dish2_c12_r1,Old,3506.987864501953,299.0,1068.2934641384193,0.0001190192811235,0.0119499526917934,0.0069392529324332,0.2800368773285757,0.0272507272591544,0.4221350785852958,0.072267934679985,6.001696752956185,0.3467247029270552,0.92,4.547219061638502,0.6236891150474548,0.5539682533360166,0.1926208309530404,36.34188403330059,0.5461849487096253,25529.33203125,7.440479526703328,0.2005663939583382,0.9767537117004396,4.419339517904864,0.9781969861753176,-0.2122645209366202,0.0519480518730908,95.56251129875652,0.3118725717067718,0.8209042073332223,0.010630168674753,0.3199999999999872,0.039999999984,0.2976923076923077,0.2441579371474617,0.0142098139313834,0.5868204878522828,0.1371146261645477,0.6330519533144489,0.2600519930199792,0.6433460794373538,4.524796612712011,0.0668877777084363,0.958448534562326,0.3135875850155089,0.5529532061527286,3.560953140258789
old_20210423_dish2_c13_r1,Old,3533.5468916015625,704.5,833.8901939795222,0.0003146130728775,0.0090330820530653,0.0072602277696342,0.0811870295043177,0.0751405428544272,0.5743212432221316,0.0211804024875164,5.208460916617492,1.0922128479163846,0.9,4.39808977273518,0.5924151539802551,0.999999995,0.1951264481239622,24.1144809945257,0.4419818615129562,26175.3203125,7.637696917844772,0.3084496510466672,0.9933361411094666,4.416434125137808,0.8013577351462537,-0.2213504433253735,0.0257510729337434,312.7150458409124,0.3204108476638794,0.8975483357681955,0.0037310173520703,0.59999999999994,0.0,0.2606060606060606,0.290656161516681,0.0175201962369387,0.3201908663989686,-0.333785846562514,0.5962488687479657,0.2115599836831724,0.9644656540432306,4.314381181335192,0.0218127353910351,0.9144857349158366,0.3161131563795991,0.5741795036361994,3.694648265838623
old_20210423_dish2_c14_1_r1,Old,3435.905954003906,155.0,1666.3049769201082,0.0003781236558885,0.007410847581923,0.0034395121633991,0.3040732865845582,0.0285644375864675,0.6688079578139011,0.0973372012376785,5.823477596048583,0.577841940454536,0.6333333333333333,9.122935601735222,0.6545531153678894,0.5025641017606837,0.2072630210867224,20.99955594727564,0.0253452739766091,25554.5390625,7.484439664942655,0.1808156357481133,0.9986271858215332,4.433192962738993,0.8466276145327275,0.13917271071912,0.0129101667493759,467.6702406565307,0.4001496732234955,0.9384722413728428,0.014390266735597,0.2333333333333255,0.0333333333222222,0.1704494924263725,0.2886065044152487,0.0339589023212231,0.2158798243806935,0.1891399721831914,0.6617083236926883,0.2971232961090621,0.7287983302549911,4.58254500645865,0.0570048864737892,0.83632305498241,0.3278542093238437,0.5509752779102631,3.717501401901245
old_20210423_dish2_c14_2_r1,Old,2127.734785107422,202.0,587.7003025336062,0.0001531059632452,0.0048673334531486,0.0091640682134563,0.1884063979600883,0.0646649778282373,0.80377621470322,0.0160955321043729,6.73374934939879,0.2452309592625853,0.9090909090909092,3.542532661938371,0.5914406180381775,0.74999999625,0.1846502975717775,29.4086047359843,0.4900076777238768,25131.36328125,7.713137487488792,0.3373750614446381,1.3639439344406128,4.322873182092214,0.7746444108729604,-0.1690479534885149,0.0221606647585577,401.0740281045942,0.3065482974052429,0.7768272240009904,0.0171955705279082,0.2727272727272479,0.0,0.6090909090909091,0.2925257731958762,0.0245807917809128,0.3405042412162147,-0.1185142960686161,0.4789113282797198,0.2756578012197694,0.6769010955773407,3.865968837407933,0.042641162732725,0.9314150474466548,0.3104107879202161,0.5895692342796816,3.67828917503357
old_20210423_dish2_c14_3_r1,Old,2648.8431667236327,566.0,721.9905574493013,0.0003066225759126,0.0020357121247798,0.0094057477303282,0.3160937585244534,0.0572120498568582,0.6814664346309187,0.0058808424510061,6.606243073975263,0.9928330515977036,0.9166666666666666,36.59985372278953,0.6737483739852905,0.6296296275925926,0.2610535015139685,17.393056957289033,0.5722002261207257,23864.787109375,7.59163482646013,0.3981877491841984,1.1551460027694702,4.359538634714999,0.8865961261049432,-0.1308758441570491,0.0168674698591958,414.7537749565182,0.4227007925510406,1.016040726646053,0.0010071266376663,0.5833333333332847,0.1666666665277777,0.3916083916083916,0.2870257476870114,0.0548348226169576,0.5022715731300352,0.0818876042938342,0.5837362894731505,0.2268643339710884,0.7555311413072329,4.450890525530004,0.0204779251370982,0.9425447255159436,0.3155729059804277,0.4849661916295847,3.3093016147613525
old_20210423_dish2_c1_1_r1,Old,985.093951611328,407.5,197.52159185984576,0.0039750354663058,0.0074571543373167,0.0191734531092855,0.3204534799140933,0.0474907324539097,0.6608252971410885,0.0034748746547847,5.292797251913471,0.1787670958503674,1.0,7.149266439602192,0.6358321309089661,0.658333331736574,0.1962088374666652,14.134301634408509,0.1414230748190156,31244.880859375,7.417126575440966,0.2403954802256491,1.1814926862716677,4.4515058062714585,0.9410325004500288,0.1278315520637977,0.0514138816159026,145.66272240365413,0.3289995193481445,0.7535533904610656,0.0237522129089408,0.4166666666666319,0.0,-0.3846153846153847,0.2729801140314281,0.0239029354345692,0.418586971924922,-0.1980375072742052,0.5013743604466221,0.2297144713187645,0.630810053314238,4.702087991749691,0.07599661567397,0.9335675263927016,0.315295401299529,0.5106168971302871,3.700515747070313
old_20210423_dish2_c1_2_r1,Old,3473.143610302734,233.0,104.20663577425452,0.0007853660132857,0.009908745996654,0.1453439406209541,0.4840672434663506,0.0417131129765109,0.3329557691566658,0.0223006047308444,6.0033223980538395,0.6063744958975795,0.8823529411764706,15.70849024577464,0.6585255265235901,0.2999999988611111,0.2089556806590154,11.40932117681993,0.3273489620786198,25697.416015625,7.506904764327835,0.2583699695634557,1.2437115907669067,4.372944389000408,0.8431042784711289,-0.1353818651982337,0.0188003580852279,38.43548074331312,0.4334196448326111,0.978983156814516,0.0067249148045414,0.3529411764705675,0.1764705881314879,0.3970588235294118,0.2895115738176985,0.0135232732600362,0.3090358293446941,0.2756929398066995,0.5307884315668115,0.2938721470629122,0.6933241772278137,4.106180254197392,0.0197454759601156,0.8832563035963236,0.3202001844260517,0.4922970103496796,3.829718351364136
old_20210423_dish2_c2_1_r1,Old,3568.2670959960938,398.0,980.5921131605444,0.0032463304373709,0.0029095453210175,0.0074496288838378,0.1411466759065509,0.0981274576225455,0.577168505325002,-0.0006810690974816,5.550435536558592,-0.165876135376335,0.8571428571428571,4.360332057253106,0.6545590162277222,0.74999999625,0.2033255623790901,6.539922165751233,0.335260816149747,24608.591796875,7.593658037490525,0.3542762663454768,1.3623745441436768,4.285374689091084,0.7994558995933575,-0.0411324566436628,0.0272479563290246,733.3355549588176,0.3044973611831665,0.908191624750355,0.0008897876910969,0.5714285714284898,0.0,0.2142857142857143,0.2894463411013804,0.0075354325050017,0.4104762424068173,-0.0359508824473449,0.478921764612004,0.2287116353199429,0.7292203022556722,4.725627077673353,0.0345533034976019,0.882684081291765,0.3067887621065469,0.579140732966971,3.5243663787841797
old_20210423_dish2_c2_2_r1,Old,2699.9830937255856,385.0,884.2789374817169,0.0067667098451653,0.0038514386396855,0.0095245029524632,0.2330693409534741,0.1109952795383152,0.7548650749233617,0.0043898904696106,5.148224106898403,0.7874322338419489,1.0,10.547379494205028,0.6666470766067505,0.0,0.1990652388682907,9.823772511500048,0.5976451401117207,23576.71875,7.38366302032609,0.3191964285709536,1.4177420139312744,4.384517548492584,1.063459585173612,-0.1590755596350554,0.0528052803537779,1080.430837627971,0.3499486744403839,0.907301370355771,0.0029072467402592,0.39999999999992,0.0,0.8999999999999998,0.2335160764557712,0.0043551963764369,0.3908810207402911,-0.3062394428640522,0.4600950583765582,0.2890293699096979,0.6488003651830817,4.592346727142502,0.0191340125172277,0.921362217415041,0.3381722674798755,0.5123813942258673,3.4746453762054443
old_20210423_dish2_c3_1_r1,Old,4202.428252148437,426.5,999.986910812834,0.0010814708002883,0.0065692933276295,0.0057593751748998,0.0858119489288347,0.0520294864964661,1.2352809449670796,-0.0012458771234378,6.492598303493306,0.9969673577224426,1.0,3.4021075267442096,0.6360563039779663,0.799999997799074,0.1969924798926372,15.624711596444094,0.4950468446825836,21455.833984375,7.5397938938741165,0.305234631293246,1.4947072267532349,4.506980321098492,0.972952603885149,-0.1468908562354849,0.0433436531165831,829.7122365290022,0.2749075293540954,0.937459849491786,0.0088605251492164,0.4999999999999583,0.0,0.4055944055944056,0.2998607242339832,0.0158239458998239,0.528425721558788,-0.213337037059672,0.5010511892697753,0.1941657609524615,0.7057661391463751,5.034906082187679,0.0213725675023102,0.9395803998034606,0.3621850303146525,0.5055985616690322,3.534273624420166
old_20210423_dish2_c3_2_r1,Old,3598.805905078125,250.0,161.90754233332575,0.0014483689390697,0.003357317764312,0.0295632267141387,0.1941965000027681,0.0583275896392388,0.5151743895028009,-0.2212383151054382,5.634109738427446,-0.1441443569539142,0.7857142857142857,5.9013760400027575,0.6266576647758484,0.7499999982361111,0.2112492476905835,23.225490574270236,0.7332463979879107,21936.435546875,7.519113411613854,0.4072121269179858,1.2104004621505735,4.271199933385461,0.9185678923098898,-0.1793359466985589,0.0288624787285866,94.3963808552244,0.2489919364452362,0.8983041107553482,0.0111183367562156,0.2142857142856989,0.0,0.2926294400025709,0.2822573110342894,0.006924708132543,0.6151875071046246,-0.2098325174636066,0.5458025361208709,0.3074734691738043,0.7427487144960322,4.680087746772821,0.041298441400041,0.8858912605457123,0.3068585277115656,0.5590877495715569,3.7052016258239746
old_20210423_dish2_c4_1_r1,Old,1687.451812060547,233.0,390.7374971027685,0.005214330819806,0.003142146859318,2.5465578659939757e-10,0.2045088189944189,0.0754346944039028,0.5623895901520547,-28.359952926635746,3.8727398272240814,1.5429714120591538,1.0,2.953633383961984,0.7078467011451721,0.7777777748611111,0.1720297258134214,21.60661053328804,0.2465103256400652,27135.177734375,7.4726562200279485,0.1608433734930069,1.436092972755432,4.42956790308391,0.870056006217864,-0.0159305530545955,0.0707070699928578,387.6640370013423,0.2560319900512695,1.0203588166465858,0.0066475320489115,0.3333333333332777,0.1666666663888888,-0.1428571428571428,0.2625665286812536,0.0230803573737494,0.56084579853282,-0.2017412242816798,0.3015181437681441,0.2790334393377457,0.6531379878637793,4.043715420188465,0.0879962150689993,0.929746073473804,0.31246769929345397,0.4311828235632408,3.6754186153411865
old_20210423_dish2_c4_2_r1,Old,3036.5707568847656,354.5,539.774498252247,0.008312595213989,0.003763732034713,0.0966343706595672,0.2065352399254741,0.0464329108555066,0.5781350775543441,-0.0013191597536206,7.420952757645232,0.943616482861606,0.9285714285714286,6.83966342319829,0.6322378516197205,0.5416666649305556,0.2218682410901657,5.828932541190186,0.5530209647283009,13775.4423828125,7.197395264148455,0.2758034610628277,1.3646948337554932,4.250636267956291,1.147507885035529,-0.3996473473894907,0.0538461537771203,286.91546541606556,0.4227131605148315,0.97661286590788,0.0132321205718306,0.4999999999999643,0.0,0.2263736263736263,0.2099481232834909,0.015926324028375,0.6387058827278455,-0.1056025720860086,0.5761443901477538,0.2120599733685127,0.7499032139421526,5.7943664324392845,0.0662301407786228,0.923625184636942,0.3241981635446075,0.4999813287562896,3.2341277599334717
old_20210423_dish2_c5_r1,Old,4370.241125537109,310.0,1493.4111137284394,0.0001181669935953,0.0066841086372733,0.0055841290419307,0.225477827638638,0.0527126358499478,0.4103746011986806,-0.0308540817350149,7.962704415894927,2.1987305649511093,0.8235294117647058,64.27172665164305,0.6553119421005249,0.6249999977083334,0.2742032027937057,14.145659706637066,0.4128958241881326,24730.48046875,7.628200698348497,0.3002270381835706,1.0948001146316528,4.421344425480621,0.8323881270872119,-0.1392041655886108,0.0116655865122063,641.5875876006519,0.5614774823188782,0.9722843798120294,0.0114500948614155,0.4117647058823288,0.0588235293771626,-0.2524509803921569,0.2917400384946148,0.0336043459013079,0.2542228579473659,-0.0229432189948354,0.6677086150758176,0.2502436313355683,0.7479384086141727,4.69479307178758,0.0416606833912669,0.89925721567617,0.3064146057245801,0.7622154848074801,3.548744201660156
old_20210423_dish2_c6_r1,Old,3493.8446299804687,440.0,811.3240679927201,0.0029171163561853,0.0023216656409204,0.0083546438984434,0.2302934497753062,0.048569373926885,0.6648358226846335,-0.0125734843313694,6.722390830523257,0.8551332295618389,0.9285714285714286,17.420434600603052,0.6840182542800903,0.5444444434265432,0.2554700216961654,6.056209026999586,0.5449386830139028,18603.390625,7.558819092345344,0.3358594270483545,1.3311362266540527,4.334049815493035,1.0325697738898372,-0.1691509003758191,0.05657237927359,354.45195748098485,0.6113200783729553,1.0202567386234258,0.0190246203695645,0.5714285714285307,0.0,-0.367032967032967,0.2931515848250944,0.022025960678407,0.3234259887820973,0.0086238107428001,0.5361050205845165,0.2093789377814403,0.6424254984248265,5.086900438869202,0.0422856667415633,0.951571836013809,0.317087281981132,0.6036902877208049,3.310879945755005
old_20210423_dish2_c7_r1,Old,3255.396508300781,339.5,1109.3912629876972,0.0047648216815752,0.0037367444019764,0.0966343706595672,0.2695455380301157,0.0445341309340468,0.7653869983459346,-0.1403122842311859,5.187260752720036,0.4237859237966184,1.0,6.965312956115371,0.6599770784378052,0.5388888882309854,0.196556101984891,7.332757487108343,0.4532974449044319,24692.373046875,7.376128544567887,0.278489548212706,1.3076295852661133,4.494013386713209,1.0338594406605952,-0.2838360327759783,0.042654028334943,995.6473602779596,0.3971541821956634,0.8027257155506848,0.0136260302704205,0.2857142857142653,0.071428571377551,0.0109890109890109,0.2845550086470666,0.0208875479066376,0.3240580400267373,-0.2339926155007982,0.5104488445038782,0.2358963970070057,0.6405435426976246,4.843346140708865,0.0728421630525549,0.9091845678524636,0.3122302622043841,0.482039170108733,3.575972318649292
old_20210423_dish2_c8_r1,Old,4753.574305224609,268.5,1173.418407893303,0.0005089812047122,0.0103147039189934,0.0966343706595672,0.2851854188957885,0.1094378984076543,0.256444877499679,-0.0018053340027108,7.198591579376721,0.7805981224026788,0.75,36.0575199327734,0.6378427147865295,0.0,0.240776810353574,12.666285614910205,0.3394550932315282,26034.65234375,7.597279839506039,0.3042499999998732,1.2019585371017456,4.461108430411368,0.8445146680596931,-0.1163140466779884,0.0240963855228141,586.5622599099205,0.4266727864742279,0.9321427913968336,0.0188600730435448,0.3749999999999531,0.0,0.5000000000000001,0.2926839412718878,0.003334803376244,0.236100404891152,-0.0153760243013789,0.6520078502687285,0.249928784352008,0.6989168783582647,4.967659130960896,0.0402903560825913,0.8616396738820672,0.3083194013328889,0.7096529313621223,3.5807430744171143
old_20210423_dish2_c9_r1,Old,3029.482075634766,561.5,1352.9283867489416,0.0006644883862666,0.0067380825057625,0.0966343706595672,0.2926961044308472,0.0489717383461028,1.0031328462347482,0.0002441855613142,5.17357313444502,0.501144869670295,1.0,3.520075809396672,0.6944000124931335,0.5060606053318181,0.1853557491586042,11.699813101547418,0.5676484513281438,28793.033203125,7.734610255254365,0.2351658997333068,1.2548381090164185,4.3188031178911785,0.8080887667714718,-0.1677847388331831,0.0393811532498155,1360.1370330423872,0.2947138845920563,0.933791810923614,0.0007356335543328,0.5833333333332847,0.0,0.4195804195804196,0.2852885073915116,0.0169414328109957,0.3775867784917979,0.1424601560782936,0.522930638163677,0.2075551167840777,0.7049709235667334,4.6626788115602995,0.0342046400966989,0.9576985096878904,0.3178352971977712,0.4724129130799587,3.647916316986084
old_20210423_dish3_c10_1_r1,Old,4265.963598339844,238.0,1438.1314327756877,0.0043321973764063,0.0088614085689187,0.0966343706595672,0.3375450796181445,0.1108442791359266,0.5260355059021773,0.004176674876362,4.761229808129065,-0.1089702073001289,0.3333333333333333,4.432912597997146,0.6229268312454224,0.0,0.1901886026864819,9.27839968913526,0.3636132845087684,24414.42578125,7.702281014931888,0.3575671852894518,1.3504953384399414,4.411461543101806,0.9255804475150096,-0.0833660055260081,0.0245098039015442,1148.112373408107,0.295313149690628,0.9935264602018584,0.019218117050578,0.3333333333332777,0.0,0.8116794499134278,0.2824341456543174,0.007074272421521,0.3576309476866652,-0.1516204232997743,0.4736550151779611,0.3195031967482883,0.612301931842665,4.550619848367252,0.0420168672872607,0.8997074157855937,0.3078251180849629,0.4264019154907841,3.72775936126709
old_20210423_dish3_c10_2_r1,Old,4043.397322412109,290.0,835.4796607782056,0.0008792006252093,0.0035184654407203,0.0073087877368482,0.2940031804120746,0.0624429226524241,0.7497864231925979,0.014589617960155,4.849000106994327,0.1964938790291108,1.0,6.703768415262557,0.5977940559387207,0.7083333304861111,0.209916476866089,14.260990648731978,0.3676313827079571,24121.732421875,7.500554697577238,0.2680705748429746,1.357383370399475,4.312173145259827,0.8714036729473755,-0.0989682095762085,0.0314341846140782,691.00422817912,0.4324701130390167,0.9643200881365304,0.0283584540661825,0.444444444444395,0.0,0.6333333333333333,0.2805243445692883,0.030695765366447,0.5312373116258329,-0.1781643921109394,0.4425654506268031,0.2661216312848746,0.8581809637976285,4.007066295032753,0.0210705724780541,0.9283742141158128,0.3276703786506297,0.458096697265619,3.762367248535156
old_20210423_dish3_c11_r1,Old,4015.3788609375,297.0,1411.6859537871712,0.0015541730250029,0.0049512591212987,0.0966343706595672,0.1974168964580671,0.0521156882838892,0.6119869356104377,0.001298010116443,5.7048084565566235,0.6073874476763659,0.6153846153846154,23.37987270100971,0.6548048853874207,0.7777777742592593,0.2607556479610636,5.883929139091674,0.461993846750334,25744.08984375,7.592868805774971,0.3547854785475759,1.309381365776062,4.436737643215393,0.916597738971006,-0.1294115151259582,0.043636363583471,886.2257476948009,0.5397228598594666,0.9946898982341292,0.0008659977028621,0.461538461538426,0.0,0.1648351648351648,0.2889787035597699,0.0458179735746807,0.4207981104376662,-0.4328133722479947,0.5734640034964761,0.2229975281685149,0.7280203179976771,4.704795751047871,0.0605392379277798,0.9209505043191694,0.3122644452487202,0.5192680764226727,3.824697494506836
old_20210423_dish3_c12_r1,Old,3203.6260419433593,373.0,706.3293895989237,0.0012953794990885,0.0060754944570362,0.0082988716393718,0.2957965433121656,0.0419123534386528,0.8816777763549071,-0.0143834855407476,4.625480944335898,1.140941447543823,1.0,5.308962318303164,0.6253794431686401,0.3611111097222222,0.2076531914555162,14.729168212519728,0.4898954115967568,29248.853515625,7.5654113671737235,0.3133693339876343,1.08305823802948,4.475216976356552,0.8796556150334093,-0.0611433987151309,0.0385674930598243,533.7006110363126,0.3798528015613556,0.9357425495133967,0.0096236926726461,0.5333333333332978,0.0666666666222222,0.3321428571428571,0.2814236250905869,0.0217686608838762,0.6053706815230037,0.1058463783863739,0.5672631270933096,0.2240358090914803,0.6495032770915913,4.40189024638725,0.0450760063272668,0.9597750499109348,0.313163852841423,0.5649907908059454,3.8100898265838623
old_20210423_dish3_c13_r1,Old,3868.239136083984,909.0,240.33567496736995,4.2082031907531746e-05,0.0006780816474929,0.0260098752544674,0.1306170384402554,0.0775160449748887,0.788880037021732,0.002548262476921,6.13038502056742,0.3452327777199205,1.0,38.05384183927147,0.6431904435157776,0.4999999992499999,0.2382427795767858,37.255270196241376,0.4914254425552493,26460.8671875,7.4925661874513825,0.3797581158492937,1.3352036476135254,4.469529084337103,0.8710571930224446,-0.0512837964095192,0.0218340610876985,235.909225448165,0.3559775650501251,0.990918551583678,0.0240764465069601,0.8571428571427346,0.0,0.0357142857142857,0.2841632347435417,0.0037309564939366,0.7524402737467489,-0.081546461894555,0.5079882351245727,0.162581892478007,0.6720153843826027,4.198432005588231,0.0289988989630395,0.8694424255407884,0.3061961317257285,0.5430634447674184,3.4885475635528564
old_20210423_dish3_c14_r1,Old,4225.620662402343,65.0,342.76024448357816,0.0002235115527533,0.0011723397765308,0.0152544810331061,0.2492084874606579,0.114945617104072,0.6201250909467111,0.0046452521346509,5.507943792548682,0.4522695201091891,0.4285714285714285,4.410471106080491,0.6197713613510132,0.0,0.1970566800936311,33.08343801570769,0.1834996596696072,32632.30859375,7.636740299050642,0.2142007813823438,1.3777226209640503,4.551535103457486,0.8072076071596392,-0.0485069132507742,0.0412698411388259,275.5165329342764,0.3212735950946808,0.919498155463316,0.0328315537495872,0.2857142857142449,0.0,0.5357142857142858,0.291462383770076,0.0077070570361779,0.3307348583967249,-0.1000031028879158,0.4593052112959269,0.3551019184305746,0.6725579398712601,4.163137763588341,0.0676013823641659,0.928339611222608,0.3181023293659081,0.5306462757328988,3.6941676139831543
old_20210423_dish3_c15_r1,Old,2767.876292138672,300.0,282.58210096955315,0.0002656847207979,0.0012898832792416,0.0123637703908855,0.3321287779927941,0.1263528904500962,0.4676323927507836,-0.0079211089760065,6.0208932046399175,1.3611020678844277,0.8,3.4692228471817557,0.6144116520881653,0.0,0.1953992456820827,24.991290419373247,0.2500807046305467,18110.34765625,7.552494835454524,0.2388842281874184,1.6848771572113037,4.464713983397637,0.9991492970176375,-0.1291323315276016,0.054945054743791,519.4699426367278,0.313295304775238,0.8052639797390728,0.0218308094729141,0.59999999999988,0.1999999996,0.8999999999999998,0.2709410548086866,0.0172650594715221,0.8606105702149212,-0.4198956956427215,0.4042085845344353,0.2710497101361061,0.8283093925578218,4.530410684734668,0.0417256360085581,0.9327865723383132,0.317221495840834,0.4985448793919838,3.471507787704468
old_20210423_dish3_c16_r1,Old,5717.73377109375,145.0,1896.2087707671812,0.0001363563697232,0.0144066717475652,0.0966343706595672,0.157527012580612,0.0705371597894509,0.2882713512869878,0.3618069887161255,5.418254599105682,1.1714468698702092,0.7692307692307693,13.312671755687594,0.6240547895431519,0.0,0.2432857338718685,16.596785656957614,0.2053841389400459,27822.86328125,7.600022487536967,0.3393434257523904,1.168783187866211,4.4805304736004175,0.913092902959415,-0.2791494830457635,0.0322234156474506,1246.8928782512323,0.4312787353992462,0.991694965104469,0.0053178311856672,0.153846153846142,0.0,0.4340659340659341,0.2912834359969622,0.0030935330905567,0.2815950144853034,-0.2569443217688883,0.5615638057878062,0.3012265431054144,0.7269146207769066,4.451856322379975,0.0396768437640698,0.8569098811461456,0.3129449357041891,0.668537871097476,3.672607421875
old_20210423_dish3_c1_r1,Old,4515.072975,298.0,444.54737141486424,0.0002257495590828,0.0038540966343134,0.0220358865996355,0.2956587978344855,0.0442362071705059,0.5253578212308352,-0.0199731979519128,5.284729027247757,0.0230872785934271,0.8666666666666667,6.282507833364016,0.6249024271965027,0.6121212110676767,0.211299568437634,10.580155365842607,0.1812454176272445,28188.041015625,7.583654313135082,0.2415679869332449,1.1368225812911987,4.569459633240867,0.8793565517075153,-0.0493875719782701,0.0234374999694824,301.2892316617461,0.3805933594703674,0.9709498757619964,0.022825021014684,0.4666666666666355,0.0,0.3535714285714285,0.2837456684664356,0.0096189260092836,0.3598553000221552,0.0377482977706682,0.5650469290305424,0.2374122130168952,0.6674391432337063,4.200815684432892,0.0490894050939361,0.9055468277739236,0.308275459961553,0.5432368027861175,3.721782684326172
old_20210423_dish3_c2_r1,Old,3032.4378645996094,269.5,725.8970435431455,0.0017466796608334,0.0038082706741988,0.0095294112786299,0.2045695332198638,0.0364416599971374,0.6140633452414901,-0.4675195813179016,5.63852558866793,1.8008744533749517,0.8888888888888888,4.761044209691083,0.5945045948028564,0.3888888880324073,0.1993777763646472,9.46227547946642,0.5196895597447753,20789.298828125,7.459583314870775,0.3644693848555445,1.0408203601837158,4.285054348442222,0.8989601214096489,-0.1689512019815028,0.0219298245373576,516.8165561971912,0.349850594997406,0.7565746765688446,0.0109241686028622,0.4444444444444198,0.0555555555246913,0.4881320949432404,0.2857142857142857,0.049901576249134,0.4595238663644639,-0.2054597592845149,0.5986363613030512,0.2508502671375796,0.8217996622311335,4.611222766666404,0.0849529736240579,0.9119148398187392,0.2995126457410646,0.5878217195742155,3.7085654735565186
old_20210423_dish3_c3_r1,Old,3741.628498535156,186.0,46.10907561086593,0.0052385950444202,0.006310150027275,0.066021316024134,0.2862453784918164,0.0536819656489685,0.581208191216942,0.0088968081399798,5.388611711170299,0.4349139859953069,0.5454545454545454,6.319284566448765,0.6009802222251892,0.0,0.2050314071674802,7.493613454626992,0.5592851833582171,26066.42578125,7.576142402712065,0.3651685393252882,1.247115969657898,4.285372269881591,0.9975897409600548,-0.0774419609195148,0.0486577180391649,31.20401426073821,0.4658123552799225,0.880527356677924,0.0149331141247283,0.2727272727272479,0.0,0.2454545454545454,0.2675044883303411,0.0081907835173151,0.3410471495276744,-0.2265233080686309,0.4974585744705274,0.3165058484384926,0.5846254071659595,4.765820727483398,0.0610314483961623,0.9341975455393248,0.3041360552938538,0.3982838028781523,3.858833551406861
old_20210423_dish3_c4_r1,Old,4038.274099658203,280.0,1913.3610598272592,0.0033252620011512,0.0050654313527047,0.0966343706595672,0.1317004824934463,0.0279242499969034,0.4656404440981913,-0.0344855524599552,5.053112027492385,1.2604173874292297,0.9583333333333334,8.523288158151928,0.5781119465827942,0.5148148138351851,0.2283287501154964,4.22777141003697,0.4219680617157706,25854.642578125,7.587038747411967,0.3192582383158004,0.9779449105262756,4.449354547001533,0.9258909177385648,-0.1140253763017604,0.0349775784439662,640.3543122836256,0.3936787545681,0.912669000929007,0.0171370108341579,0.4166666666666493,0.0,0.0252173913043478,0.288608846058809,0.0248346809774617,0.453212221578549,0.0519634539990226,0.6345568296112492,0.2414907833410393,0.7032220676208818,4.213128981530023,0.0422047102096371,0.9028180333440052,0.3092915840742924,0.5568934095191227,3.882148742675781
old_20210423_dish3_c5_r1,Old,3206.1228619628905,267.0,602.6147205306752,0.0018475815391523,0.0077317459508776,0.0966343706595672,0.1504759514588851,0.0575119124244711,0.3435562812494097,0.0010712424991652,5.202871483102518,2.363946703444197,0.8333333333333334,8.01306913995149,0.6115962862968445,0.0,0.2161950069233219,13.67266586194111,0.6134687661227236,25146.2109375,7.550120328530406,0.3359037050965432,1.236204743385315,4.310332854642894,0.8464281156012843,-0.1690027215957371,0.0330033002937257,454.77780739871145,0.2698034346103668,0.9057854959686272,0.0045208990035014,0.4999999999999583,0.1666666665277777,0.2101579405015038,0.2866710073481536,0.0094052738825935,0.415433539227326,-0.2334995889809764,0.5603191083426217,0.2600040905533334,0.7479127200593242,4.259836092595801,0.0258331444648273,0.891668779610334,0.3078378791394777,0.4970132341221391,3.8195106983184814
old_20210423_dish3_c6_r1,Old,2516.3167886718747,275.5,249.9649847210099,0.0072757989844683,0.0017155806999653,0.0277927150279979,0.1470424898921845,0.0465770552564643,0.6268384995349596,-0.2290617376565933,4.3807058717348255,0.5151395941661026,1.0,3.3530610718404263,0.6013318300247192,0.6999999981138889,0.1893913376406377,11.623355853188912,0.6764988735338057,24932.5,7.174902095734168,0.2338164251202081,1.3801333904266355,4.307984739426249,1.0891820624643664,-0.002411705626215,0.1024390238905413,372.3704547105117,0.3210820853710174,1.0250182646544066,0.0058905024487213,0.3333333333333055,0.0,0.0279720279720279,0.1680830972615674,0.0163519282571466,0.581991136924728,0.2012239633350756,0.4383852042847381,0.2798450784276166,0.8041968735495421,4.160326179631333,0.0867378072240586,0.9098822162559828,0.3753223157900082,0.5074378762874482,3.5404345989227295
old_20210423_dish3_c7_r1,Old,3565.750006054687,163.0,1005.8982123517638,0.0060301601644248,0.0041663348674774,0.0068322489359798,0.2528960929933701,0.0449534176804256,1.025734716045226,-0.0016826710198074,4.400302049100765,0.5215863702389852,0.9333333333333332,6.458060752090389,0.662580132484436,0.4545454528787879,0.2051603182160823,8.250974959730751,0.3620002138742546,26990.669921875,7.360055763088177,0.3316420664201543,1.089876413345337,4.433277167610521,0.955973686726179,-0.0451441865988896,0.0391969406891042,947.5471781452028,0.1989710330963134,0.9677168674915132,0.0080213370621492,0.1333333333333244,0.0666666666222222,0.3642857142857142,0.271469828241374,0.0368343606916291,0.2318699647816849,-0.2198452228966124,0.5240737375840857,0.3128690509823951,0.6412933094312683,4.468736511867893,0.0734708573716859,0.938618377522214,0.3901455043411491,0.5597211932033238,3.713690996170044
old_20210423_dish3_c8_r1,Old,3255.318686279297,135.0,164.23873250956893,0.0013603420819269,0.0006223417585715,0.0093461050516223,0.1051935750376633,0.0662660165428299,0.7366636985168465,-0.031747430562973,5.171083622533664,0.853823867503512,0.9090909090909092,4.069510204510619,0.6940815448760986,0.7407407373148148,0.2182283207251437,25.53343951420229,0.7168414235773699,28315.81640625,7.478017585359658,0.4066371681397936,1.6024354696273804,4.469175961939394,0.9326888871365262,-0.2681392804572854,0.0621118008564484,281.8535332785154,0.3498913645744324,0.8516206067778528,0.0200657901677778,0.1818181818181652,0.0,0.6363636363636364,0.2553556126820907,0.0189570671630915,0.3075706921532108,-0.0047626020263747,0.3251407908998055,0.3292229364554542,0.7162134946920579,3.5293906058326336,0.0204977603487293,0.8516291953751272,0.3423107046006119,0.4876108389900082,3.5692906379699707
old_20210423_dish3_c9_1_r1,Old,3656.523059765625,304.0,1112.536949117579,0.0013487585722155,0.0060898219235241,0.0052790190986236,0.2685457675963476,0.0223577356319092,0.6887022907251887,0.1362660229206085,6.044964328981274,0.8551679428130131,1.0,26.690982449483837,0.6388578414916992,0.4753086402109054,0.2313387918318305,9.453942713907512,0.480095002149946,22071.48046875,7.3407328005447345,0.2804253867150361,0.9528000354766846,4.291000583478327,0.8864593641769276,-0.0828863327005384,0.0388663967296628,658.0609225551827,0.3525313436985016,0.944285333481674,0.0107108027306807,0.3666666666666545,0.0,0.205139616354499,0.2843692204225747,0.0175215176491354,0.4302286165470416,-0.0721056784686296,0.6617022130082457,0.255738896265299,0.7687282810116869,4.527317079680649,0.0360066422488086,0.9334696562091326,0.3102793256671228,0.5348395399862211,3.755202531814575
old_20210423_dish3_c9_2_r1,Old,3096.4593269531247,257.5,178.12088226016206,0.0009531539013249,0.0034854714758694,0.0195478778114456,0.2478254440810601,0.0503980262924278,0.5894454544078078,0.0035669873468577,5.279351762753947,0.8349617337743529,0.7857142857142857,9.883792432681473,0.6117538809776306,0.4259259245216049,0.2264990727853423,21.766300338387932,0.4788164137318024,25900.173828125,7.486018508125678,0.3017350157726327,1.1177743673324585,4.4009884216490605,0.9309796786762672,-0.1545498514056605,0.0401106500136782,148.68687245589885,0.3026822805404663,0.9612737807069268,0.0042132362025767,0.4999999999999643,0.071428571377551,0.1516483516483516,0.2883114856429463,0.0182827081051621,0.5977941964293997,0.0435584378997985,0.5825718928250794,0.2608854657306195,0.7066268973657011,4.472736196092457,0.0389762276796308,0.9242423953028182,0.3082318555482126,0.5226915212444649,3.69374680519104
old_20210423_dish3_c9_3_r1,Old,3525.315493505859,234.5,621.175340677344,0.0034725980020797,0.002747815568,0.0079095525210021,0.1865046357327903,0.0577224635593091,0.7354925296609535,0.2654813230037689,5.235851184096952,0.6709535128888738,0.8333333333333334,6.647959033401964,0.6533516645431519,0.7238095218698414,0.2120020240721027,9.24111929456575,0.5107301607985734,21075.318359375,7.493694273092164,0.3512503891248819,1.2094498872756958,4.297965884675303,0.916073569048406,-0.1602160577987879,0.0303030302456382,551.8407826899338,0.3340491652488708,1.0338623127666149,0.0113382089795569,0.4166666666666319,0.0,0.2727272727272727,0.2868591390116099,0.0637923685491195,0.4795685733979395,0.0708265935075554,0.5509230357179251,0.256158858480209,0.7240509018596412,4.382363636084067,0.0203326918513729,0.9354326539485844,0.3236876237287118,0.5880130822662188,3.7318966388702393
old_20210423_dish3_c9_4_r1,Old,3240.029011816406,187.0,780.6375171001757,0.0022487946179161,0.0039042464923113,0.004864341444008,0.3680288579825916,0.0965193494918218,0.4641672754111894,0.0129681667312979,5.958858021903468,1.0896378757116592,0.2857142857142857,9.25356535389612,0.6045056581497192,0.0,0.2249552969892459,9.77739520029748,0.3265409662774157,20078.166015625,7.542791760090907,0.3015933232167094,1.2591627836227417,4.241336966917868,0.9169398904258718,-0.2078106051758424,0.0428380186842864,611.0826241268569,0.3660435974597931,0.8177579110675457,0.008054518550479,0.4285714285713673,0.1428571426530612,0.3928571428571429,0.2896649362907031,0.0053289591693889,0.4329799534871225,-0.2008367409222517,0.5271328495553224,0.2768103936403818,0.7087433866096671,4.6739921569880885,0.0552585283541784,0.915375373175084,0.3070289494337501,0.5287180474449591,3.705657958984375
old_20210423_dish4_c10_r1,Old,5093.720606542968,365.0,852.6182080711973,9.121551184932936e-05,0.0110268462449312,0.0062059509106872,0.554179253306156,0.0489206165985294,0.5120167311982575,0.5178184509277344,5.811040206743147,0.9531077712285227,0.6923076923076923,6.35539592206469,0.6320122480392456,0.6666666636507937,0.2082181118424298,35.893766136293266,0.4544121092965961,27369.505859375,7.549872440671899,0.2686016892343018,1.0958735942840576,4.459712884857998,0.8589706355144762,-0.2448755099893149,0.0192697768567243,123.21530206042932,0.3793554902076721,0.9623385969463506,0.0132770636045426,0.538461538461497,0.0769230768639053,0.2087912087912088,0.2815501821795296,0.0309480323803076,0.367849761772327,-0.0422725390899612,0.5846136478873016,0.2385216994688216,0.7322320290700927,4.652635012163798,0.0672416151239494,0.9312289765905452,0.3183551788725093,0.5632629937427063,3.653737545013428
old_20210423_dish4_c11_r1,Old,4140.245199316406,182.0,1315.487920103939,0.0022722029486403,0.0066187167540192,0.0063724519432101,0.1789604887505231,0.0395227259392014,0.7782434109719097,0.0134892016649246,5.617244199376453,0.2405110830554901,0.8421052631578947,10.381597886222558,0.652917742729187,0.5999999977222222,0.2304234889748833,7.620251446190984,0.678751523447656,31414.74609375,7.544220591844184,0.4399183673465796,1.1738896369934082,4.5671800092868,0.9285614997540358,-0.1420456145911384,0.0453296702674043,866.0696952807336,0.383130133152008,0.9590398572460818,0.00303171691164,0.2105263157894626,0.0,0.303641977453872,0.2930142302716688,0.0051825714555744,0.2686141952964064,0.3213227318253537,0.5811520785568451,0.2678695517632404,0.5984271403163615,4.920124948587211,0.0955697779415377,0.9154799596963976,0.3176700951178102,0.58819476444823,3.750581741333008
old_20210423_dish4_c12_r1,Old,4123.686844921875,271.0,872.2952051039227,0.0025656778927693,0.0085160369053483,0.0966343706595672,0.2386048308083483,0.0524502321821586,0.5981276283822281,0.1652214378118515,5.207624567528776,0.589921730436034,0.8461538461538461,17.790019990377576,0.6519608497619629,0.6666666637345678,0.239472929720526,10.96356453432287,0.2426863233342543,30773.53515625,7.570216801396591,0.3249660786971464,1.1068648099899292,4.458640854035785,0.8899094587861947,-0.0148583020601969,0.0292318150719022,665.4409846266323,0.449067622423172,0.974790501134976,0.0025106579774113,0.384615384615355,0.0,-0.1318681318681318,0.2809083263246425,0.0040985287656488,0.4870356208345084,-0.0302848264779787,0.5664320123194312,0.266535624324219,0.6921953577981624,4.30852593365686,0.044885950915726,0.9438549530976944,0.3148379883548122,0.5554429032473029,3.8743648529052734
old_20210423_dish4_c13_r1,Old,3389.8964890136717,261.0,1227.47874887549,0.0009856791767607,0.0043748370371758,0.0053094587236537,0.3308494273674489,0.0350557569720819,0.4023691302223381,-0.0723504647612571,5.86485255620839,1.375417455160519,0.9130434782608696,12.402249421067143,0.6417433023452759,0.7759259233626543,0.2508798640743857,13.199925915798522,0.4613244568684204,23313.26953125,7.460383491529941,0.3342372881354044,1.0313209295272827,4.415108179141485,1.000886829739397,-0.1428226011359803,0.0417177913598554,730.6406324636467,0.3961010873317718,0.9781899669830056,0.001972432798336,0.3043478260869433,0.1739130434026465,0.1487521666365403,0.2889210716871832,0.0105043126405266,0.3961955995419414,0.1108848266335856,0.6188698123577637,0.2793592237171319,0.7745906851126032,4.70115355395893,0.0467645977698276,0.8933747362721869,0.3098646894693972,0.5657274750020089,3.6456356048583984
old_20210423_dish4_c1_r1,Old,3684.861134472656,156.0,189.3205278749427,0.0107968384020305,0.0059750033542513,0.0366361483558661,0.1264712566488079,0.0838865503231737,0.7673025627558632,-0.0859646499156951,6.535246399786088,0.1837209141709578,0.7142857142857143,5.469595499592192,0.5970519781112671,0.0,0.2133914168902013,5.0421768259860835,0.0021024668562862,24966.048828125,7.357625273688218,0.2225891677670132,1.470669865608215,4.447365707572556,0.9936174400656844,-0.0727353524797244,0.0841584157027088,63.112686272255935,0.3310935199260711,0.8983217176504124,0.0387325490199776,0.4285714285713673,0.0,-0.108112495523467,0.2175522648083623,0.0082781193656761,0.4926051694891328,-0.0491347846931651,0.415429495371539,0.2734256143510276,0.772007026774639,4.5859130725188875,0.0678693681241674,0.944264792032914,0.3199634648313997,0.4919034688629194,3.7440571784973145
old_20210423_dish4_c2_1_r1,Old,2756.5486634765625,169.5,171.1590220442434,0.0012131396715554,0.0042951898649334,0.0418855198249892,0.4269737837926098,0.0465868943361647,0.5138003975409388,0.0046101631596684,4.657233707568765,0.1187198356858331,0.7857142857142857,5.393677839460818,0.6040321588516235,0.0,0.2071656897028438,14.096767303893031,0.517462606670679,25649.533203125,7.586627249027208,0.3487777146103263,0.9743075370788574,4.2712453785616065,0.8759329203733306,-0.0608615580163935,0.029832935525259,105.60708247463492,0.3443706333637237,0.8399477102242593,0.0102469858219536,0.4285714285713979,0.142857142755102,0.3318681318681319,0.2785890652557319,0.0263105827307647,0.513136427712987,-0.0925640007286405,0.6010199605976279,0.3031766710445976,0.7685697188879212,4.079736933049718,0.076721682194957,0.8989647848308004,0.3029795772752813,0.5744332975441149,3.7943291664123535
old_20210423_dish4_c2_2_r1,Old,4600.156334033203,785.0,750.5107724351197,0.0001774382584901,0.0037087094970047,0.0091823422265339,0.223564328860863,0.0713024594527986,0.2997023272413773,-0.0159602779895067,5.9317257668821854,1.017517548971734,1.0,9.938322209478814,0.6528876423835754,0.5814814807290124,0.2402552946317165,10.16148242969376,0.5261858176142199,30011.36328125,7.625162886020406,0.184359043267691,1.4359184503555298,4.554302797356307,0.9244482055330396,-0.2987017308578953,0.0392857142155612,581.4101801950131,0.3543915748596191,0.9047601197216024,0.0184053660055467,0.6666666666665926,0.0,0.1333333333333333,0.2932172077065188,0.0093272918353137,0.4564866744725183,0.2970546994182128,0.4844955640239438,0.2467852695593318,0.6065227798676499,4.634883686779683,0.0500881204754858,0.9297360208230376,0.3361485789573719,0.4811667327937027,3.621927499771118
old_20210423_dish4_c2_3_r1,Old,2517.9716830078123,181.0,46.11449699321619,0.0003296881892688,0.002064115833491,0.0815782718295461,0.3379904685585215,0.0517942315872137,1.2180368374501889,0.3648841977119446,3.613304043390337,0.6467462748040657,1.0,4.052557137699269,0.7195387482643127,0.2916666653472222,0.2068195671998057,21.74466316420623,0.3300276372373694,38154.01171875,7.624529674253866,0.2341862117973198,1.4203933477401731,4.519784874513907,0.8042515990526821,0.0736822048747912,0.0522088351316914,102.86058398632171,0.3005323112010956,0.964051540775696,0.0019973571917432,0.2727272727272479,0.1818181816528925,0.2545454545454546,0.2774887270204647,0.0264915119851535,0.3247612215166046,-0.1530780221752426,0.3807061314189874,0.3209889067002542,0.7161747759437992,3.3173731841082015,0.0122721825702415,0.939269585451246,0.3611769366997646,0.3917495118295678,3.680677652359009
old_20210423_dish4_c3_1_r1,Old,3929.4336682617186,227.5,187.0442361295105,0.0039314644152774,0.0041199224069714,0.0295354059335345,0.3291908558552026,0.0256714043660215,0.9350626770197228,-0.2927272319793701,6.292634377340344,-0.0324498303006182,0.9615384615384616,59.448680351049134,0.6283006072044373,0.4889724299971536,0.2209243258279719,8.38692507699607,0.4489775240007812,25413.98828125,7.344510550475606,0.3141681813830344,1.0970053672790527,4.418117083941132,0.9302342945281108,-0.0827468137073819,0.0344641895344834,162.89753432332648,0.2553433179855346,0.924265892518185,0.0122674989658039,0.2307692307692219,0.0,0.1193162393162393,0.275657894736842,0.0286537114640902,0.5482110954028033,0.0223352441225603,0.5220453706426633,0.2763738484419391,0.6728045893032608,4.4497543631883945,0.0724460704299141,0.91285039431269,0.3434829991566668,0.4957767537437032,3.8060593605041504
old_20210423_dish4_c3_2_r1,Old,3438.0987251953125,146.0,382.95147773849897,0.0013182902288141,0.0012415978126227,0.0198769734918199,0.3131129250938693,0.0554831250182504,0.5646857313770984,0.040224801748991,5.332596220210191,1.0404340294880927,0.7272727272727273,7.727302645575661,0.6242762804031372,0.0,0.2407913063243518,11.941753461182545,0.6028632645023142,23173.94140625,7.463347621476179,0.2879769618423615,1.4766581058502195,4.416522099814975,0.9438475067063984,-0.3474410117319581,0.0426666665528888,427.35507607291663,0.3719373941421509,0.8957999733300624,0.0506271359438217,0.2727272727272479,0.0909090908264462,0.3181818181818182,0.2830856334041047,0.0041158422355765,0.382608802921496,0.0368974677711511,0.4263006871439305,0.290094215229169,0.6757135047970136,4.313014313385792,0.086416014089119,0.9221452516811194,0.3347513118016665,0.4349397766251553,3.840035915374756
old_20210423_dish4_c4_1_r1,Old,4108.576704052734,195.0,871.1105918572925,0.0011362618399898,0.0075360173359513,0.0966343706595672,0.191531287186506,0.0199920417646913,0.5623778426820526,-0.0348497554659843,4.547995612873666,4.706174645898607,0.967741935483871,14.285409950102665,0.6661111116409302,0.4294871789057692,0.2083115985811237,14.726251292904353,0.3601151645221837,27559.640625,7.394141597221728,0.2136283185838817,0.943103551864624,4.383963084190045,0.9149359901834984,-0.1815348422217717,0.0247651579634797,523.8406073087417,0.4120669364929199,1.0041365532135589,0.0066887667931466,0.2903225806451519,0.0322580645057232,0.3548387096774194,0.2812608243851748,0.0061164503260828,0.4033239013832282,0.1190954252955666,0.6048247139491554,0.2974993671317915,0.6667481017415038,3.771683621414278,0.0150712272108593,0.8968163342032484,0.3183526214352764,0.5251129743145738,3.8782904148101807
old_20210423_dish4_c4_2_r1,Old,4425.990287988281,363.0,1606.8718681192822,0.002551141826351,0.0094822868704795,0.0054794092271274,0.2689500352644556,0.0259314016411259,0.4846534174009027,-0.0336324870586395,4.937202487180988,1.772097763104007,0.96,15.546162890432663,0.6224769949913025,0.5547619038625834,0.2270683409287922,7.656121358612137,0.318742642296921,29653.046875,7.548276695407507,0.2211902113458169,0.9462395310401917,4.407844648273021,0.8955385761493199,-0.1179440762563559,0.0353130015862423,1032.423326698293,0.4126341044902801,0.9605589783663664,0.0119731058054697,0.4399999999999824,0.119999999952,0.0073105045811493,0.2774972557628979,0.0198671862719984,0.3872760981280687,0.2390786840528898,0.6513180992578254,0.2603226319255076,0.6612208053287807,4.223233431734803,0.0352956613600883,0.9245491781633316,0.3078583328609885,0.4912742507305029,3.873190879821778
old_20210423_dish4_c5_1_r1,Old,3950.3963871093742,326.0,616.9736985262778,0.0016080269697154,0.004715307150036,0.0109887740192295,0.1468532161009461,0.0331734221654788,0.6859414146617152,1.0776057243347168,4.96364050402349,2.9352868915526233,0.9411764705882352,8.094482673354701,0.5832263827323914,0.6547619028988095,0.2069062328388486,12.699365787614983,0.6451952444496815,23467.220703125,7.440697438064358,0.3172056082337975,1.0717931985855105,4.371009662539716,0.8998178146146741,-0.148998915676784,0.0353227770580721,420.7297761978064,0.3247405290603637,0.8831400755491539,0.0037906566803635,0.5294117647058513,0.0588235293771626,0.0514705882352941,0.285828152399171,0.0097274783512208,0.5814740495394501,0.0064649574114542,0.5804384066639617,0.2230261884583398,0.6964423193806738,4.2205718051594845,0.0175544974544751,0.9267659304947224,0.3593103055411923,0.5440305130073964,3.752771377563477
old_20210423_dish4_c5_2_r1,Old,3834.713771191406,208.0,189.0081629017203,0.000201613848527,0.0072281858883798,0.0283698510704459,0.3162888298430601,0.0769352674268134,0.4433467148430025,0.0343919582664966,5.311606108472687,0.0313219764531673,0.5555555555555556,11.846946283999666,0.6225196123123169,0.0,0.2387210754650015,23.261634415530416,0.4551930332227893,19784.16796875,7.380398715665611,0.2847910383451317,1.446308732032776,4.453011152700397,1.0299540070853406,-0.2934980706584735,0.0293255131104823,295.6682622572143,0.4267210960388183,0.8525541751924305,0.0225870758085911,0.444444444444395,0.1111111109876543,0.5666666666666667,0.2520972557941134,0.0187611079652984,0.598656415729086,-0.0641333149253796,0.4790794954243185,0.3275549034114807,0.729801825928002,4.628193152821034,0.0595905885662654,0.8765984764515312,0.3155791753544068,0.4701749137838895,3.62670373916626
old_20210423_dish4_c6_1_r1,Old,3148.126995849609,164.0,203.47114570057957,0.0027304299604769,0.0071266540326178,0.019224235695938,0.3013669847079334,0.0313641968100056,0.612657986205642,0.0234395898878574,4.628429371327616,0.9641418744531012,0.8095238095238095,5.865145323396402,0.6368250250816345,0.6944444422685185,0.1933875640697009,11.813599775348957,0.5913228727999443,26107.177734375,7.455326888347344,0.2480335605660744,1.0079553127288818,4.297071022865457,0.8640629846102019,-0.225424786974061,0.0229508196470482,166.4149772732072,0.2610180675983429,0.9380840649826598,0.0009915894296219,0.3809523809523628,0.1428571427891156,0.3090909090909091,0.2615463917525772,0.0087598045150353,0.4162579799342089,0.1048192396300763,0.5689519138341792,0.3077897156450239,0.7283985143851054,3.9344910060232983,0.0335672159636944,0.9325961957590012,0.3242241483743942,0.4941814612437992,3.843460083007813
old_20210423_dish4_c6_2_r1,Old,2991.95937355957,362.0,339.1673606945901,0.0008167846466711,0.0019576670601963,0.0199001769563968,0.253530514595769,0.0267065749024103,0.8212418402828056,-0.0002993097878061,5.066802500201569,0.4794209084464513,0.9230769230769232,13.470623986983506,0.6098926067352295,0.63030302965101,0.2259025808361679,19.879219594365203,0.4338010731786942,19953.51171875,7.509989788721624,0.3717827066775164,1.0169633626937866,4.2824234690331275,0.913812795488749,-0.2110609556082363,0.0398740818049589,213.745726357804,0.3975547254085541,0.9717639571537424,0.0077038403464608,0.4230769230769068,0.0,0.1965811965811965,0.2836978710994459,0.0669302946780517,0.5573998179925028,-0.1366787416987051,0.5574098542142708,0.2647415831293691,0.7344044442264434,4.022597366727113,0.042885013350993,0.8723690494961549,0.3078919389364066,0.5486780969877205,3.5983264446258545
old_20210423_dish4_c6_3_r1,Old,4679.190569238281,397.0,41.99945416878545,6.09530239732932e-05,0.0102100614458322,0.1065696675119841,0.2323368644128276,0.0624763595975662,0.9005544006327273,-0.009524374268949,5.473110808643478,0.9340785699203196,1.0,3.834345897535929,0.5695185661315918,0.4583333313541667,0.1866696304781774,30.11784751956222,0.2516601575349197,26709.404296875,7.609039849806725,0.2609002825996559,1.084666728973389,4.463018747081027,0.8768907184434929,-0.0661056832834926,0.0301109349760524,9.001618984430454,0.3354249000549316,0.7666883085480912,0.0149636491617664,0.444444444444395,0.0,-0.1333333333333333,0.2757102841136454,0.0206623592318591,0.6279474482366774,-0.1920387919342809,0.5351556377691431,0.2334906875031284,0.7266596604933345,4.080394702259419,0.0477843633430418,0.9502012012188312,0.2940044741643368,0.5519376009091935,3.6762866973876953
old_20210423_dish4_c6_4_r1,Old,4960.262716992187,205.5,1479.213856220899,0.0005722934304497,0.0111641520634293,0.0003365787440051,0.2906610204334021,0.0326934387479092,0.4312423338536703,-0.0318224318325519,5.792179125500607,1.0552349630261328,0.8846153846153846,6.0828424285411025,0.6306906342506409,0.6033333318872223,0.1989028366878449,15.672791519333495,0.4291415138690179,26855.01953125,7.587075838639564,0.3101186102653983,1.0041170120239258,4.472999259393961,0.8711452481297455,-0.1714281740670389,0.0309446253819669,634.5508025841515,0.3093156218528747,0.9073551284330462,0.0055512272673343,0.2307692307692219,0.0769230768934911,0.3046153846153845,0.2881214894944872,0.0148614631627769,0.2648084870037376,-0.0601485531687595,0.6562232359474814,0.2745511914913963,0.6601856258647215,4.617196881922084,0.0424589859828542,0.9025253069396988,0.3066570418864882,0.5697352319513621,3.775114059448242
old_20210423_dish4_c7_1_r1,Old,5244.4079296875,731.0,771.0824447199774,0.000507600885676,0.0065998942591249,0.0076308944654736,0.1926691329141943,0.038859018955185,0.7961955571067063,-0.0008861263049766,5.484265738807414,1.663695810786973,1.0,5.061735562775702,0.6200748682022095,0.2871794869888889,0.2025967362709351,14.394507500401136,0.3928727792537155,22986.806640625,7.555980484906165,0.3092667299476095,1.0161932706832886,4.483623291946256,0.9032357655258176,-0.0731621134942016,0.014479637995946,428.8349060226196,0.3270227611064911,0.8957687131337393,0.0264504158935156,0.7333333333332844,0.1333333332444444,0.4678571428571427,0.2885639075753144,0.0097948536151131,0.6875035562415523,0.0821505429180044,0.6139690151586765,0.190395343902891,0.7354920119863382,4.586076875372543,0.0501929869199259,0.9423324195573,0.3067006624551035,0.5387801946095871,3.6824328899383545
old_20210423_dish4_c7_2_r1,Old,3870.032662207031,300.5,541.7599063776452,0.0005008457263361,0.0061202836222946,0.0966343706595672,0.1875094954581132,0.0306396238614648,0.3971194814424389,-0.067920483648777,5.587844689140555,1.5122022612921178,0.8181818181818182,20.439330543816855,0.6248958706855774,0.6861111102449073,0.2366793343593957,17.12866327477279,0.3088244756629396,19675.9765625,7.384947634310427,0.2145287688182024,0.9912663698196412,4.320960402693979,0.9382505277645324,-0.1660004769109081,0.0253846153650887,258.4299510931002,0.3096169829368591,0.8901809257688289,0.0158425333213747,0.4090909090908905,0.0454545454338842,0.5077661879972144,0.2773897527402498,0.0059518780178048,0.6244880659318907,-0.0255602772070228,0.6322196351884661,0.2708701230479219,0.779120144955213,4.273368464526211,0.043873529217833,0.9415931149677232,0.3047147269946425,0.6068905711286959,3.630781650543213
old_20210423_dish4_c8_r1,Old,3830.805657861328,220.5,448.26894833733024,0.0013985713056201,0.0048384726978838,0.0148053004561524,0.1584378239851364,0.067184599045948,0.5181206360923966,-0.0013464327203109,5.844253069192981,-0.1485615859833467,0.9166666666666666,10.681075509327144,0.6838369369506836,0.2380952372222222,0.2393150126130125,15.918834622222882,0.5948196442258972,24813.6796875,7.407261709060315,0.3216653816494654,1.437800049781799,4.398238453108669,1.0248081953014962,-0.0955759387301543,0.0505617976107814,426.27104726501017,0.2201256155967712,0.9024431669796028,0.0068596308271203,0.2499999999999791,0.0,0.6783216783216784,0.2767448948491313,0.0017100709128955,0.4138592118030962,-0.3208699483810676,0.467464571452483,0.2747819176616679,0.7080585937828785,4.620888215884629,0.0334359613287659,0.9124844732955236,0.3347321858801449,0.4955660327546421,3.7083680629730225
old_20210423_dish4_c9_r1,Old,3455.8993362304686,210.0,1080.535828228784,0.0033970014243396,0.0057992613874375,0.004701598742275,0.2782398504653196,0.0332039245401368,0.6911423570282538,-0.0392506048083305,5.936282780054501,0.299017791067501,0.84,10.311795424616417,0.6251539587974548,0.6911111096685185,0.2310326724391818,7.59275763479696,0.5977527495182859,23232.32421875,7.534754910914595,0.3793620831516483,1.0502928495407104,4.262234091522743,0.8917958833740197,-0.1627072772251404,0.0282828282637826,784.4201829749144,0.3580512106418609,0.9026502738808212,0.0052146267220069,0.2799999999999888,0.0,0.0546258906046354,0.2839271274318603,0.0074608179912474,0.2795913875559459,0.4332838682880259,0.6029248747368398,0.2693221588674462,0.7075430743327042,4.795525846749333,0.0162713925693979,0.8715430909449156,0.3067632200109189,0.6680610836551063,3.7457175254821777
young_20210324_srd1c3_r1,Young,2457.5072299804688,273.0,25.842453067706636,0.0010792456640832,0.0014213102404028,0.1370321718710034,0.2685668810162672,0.0752561012606136,0.5260111240169147,-0.1782783269882202,4.515906833969065,0.3733574109170934,1.0,4.30858748348876,0.6692161560058594,0.5952380939484126,0.2000927497325007,10.955050674389131,0.4103226577097092,28649.955078125,7.56917998651032,0.3166023166016732,1.369086742401123,4.3748515724053725,0.8416889118549408,0.0902936374056685,0.0304878047850981,18.194440382094097,0.3330477476119995,0.9365519292992364,0.001559658371746,0.4999999999999375,0.1249999998437499,0.0238095238095238,0.2792377131394182,0.0050628193248615,0.4535343697047837,0.173970152387602,0.4803735320511254,0.2543459199443454,0.7693630756939721,4.636979011444301,0.0944677811024919,0.9213520879899112,0.3252486070790276,0.5762315886034752,3.672525405883789
young_20210324_srd1c4_r1,Young,3604.902808007813,320.5,65.65530336645327,0.0005734462184765,0.0028748537879437,0.0720104048087877,0.24671114827135,0.036510171950463,0.5815166287089175,1.2624549526663031e-05,5.6090948682564985,0.6022717170198958,0.8888888888888888,12.281727162217724,0.6327577233314514,0.2083333325694444,0.210798201533102,10.51074748430736,0.2120617379867851,24360.27734375,7.47376334235931,0.24238426481156,1.0281857252120972,4.287081422514404,0.8848235999919793,-0.0224725564037094,0.0240384615153476,19.331385162999375,0.3955671489238739,0.9886489090229972,0.0104363583873944,0.4999999999999722,0.0,0.2961816305469556,0.2874859075535513,0.0211271694257313,0.5189751843526017,0.005576788403373,0.6698896713291939,0.244431381229693,0.7275861999571541,4.266969599379244,0.0442529775217698,0.9275289392175896,0.3047155495606815,0.531388228665351,3.7089550495147705
young_20210324_srd1c5_r1,Young,3657.229611328125,521.0,131.04257957162017,0.0002813119365769,0.0035857236944139,0.1105343333505027,0.2593036175096888,0.0603745037434961,0.7448086586183374,0.0093789957463741,12.116083097829724,0.8513195398052601,0.9090909090909092,5.178993231301511,0.6121174097061157,0.5185185172839506,0.2063899811559576,6.978277722248592,0.3653392891271321,21423.419921875,7.470709479007568,0.4149166018490926,1.0045441389083862,4.418853686873682,0.9396198074262212,0.0514052913506958,0.0334448159975839,42.23311378960056,0.3314061164855957,0.7639158945639141,0.0008618497930961,0.7272727272726611,0.0,-0.0818181818181818,0.2790618336886993,0.0064913105615329,0.4907125452954908,0.1404905481400269,0.6002410244209636,0.1962785270931721,0.7800960366481154,3.909733060543976,0.0395258391076351,0.8463468185207801,0.3068317029729339,0.5819609647012293,3.5565719604492188
young_20210324_srd1c6_r1,Young,4177.869070019531,325.0,134.95303633968047,0.0024740321057601,0.0035572077613323,0.0389161346054731,0.1332168303188738,0.0528258871522637,0.8065669292252042,0.0044132638722658,4.986133125523155,-0.1731988376570706,1.0,3.1184937899331473,0.6299098134040833,0.72666666472,0.1741879975065141,11.368366066128752,0.5801079778975817,26730.48046875,7.527049725648342,0.2553714941770454,1.3426543474197388,4.427453956546266,0.8265399660422798,-0.0881241664157283,0.0280373831251637,144.67406429878423,0.3129976689815521,1.0042911635058476,0.0055667253156531,0.4545454545454132,0.0,0.2818181818181818,0.282878812328546,0.022983833838523,0.3795072487381963,-0.2355919798839376,0.5233230293671218,0.2244450014493599,0.7060378436544906,4.419602306074029,0.1182047439869681,0.9296563067339852,0.3136388512150035,0.4861245803038233,3.6436479091644287
young_20210324_srd1c7_r1,Young,2767.8686909179687,155.0,80.20765950703769,0.0059590410218372,0.0028672565240412,0.0799671271532845,0.1460350711986098,0.1536250491652811,0.5532247246368116,-0.1135389804840087,4.946738293388215,1.0877212706054025,1.0,4.939468866142719,0.6240032315254211,0.0,0.2168645032038964,8.365114764896623,0.0465827217616765,22603.51171875,7.101534784809709,0.3110200364284562,1.6820827722549438,4.414570962355114,1.1553447216736386,0.1617489247562387,0.1372548992695118,132.31246469703413,0.371381551027298,0.9856801093167856,0.019441776144925,0.19999999999996,0.0,0.0999999999999999,0.1713004484304932,0.0067228231754928,0.5664458050797804,-0.001975180852645,0.3324822920398171,0.2543785381074467,0.7865499262692772,4.854385092948051,0.0737891986143068,0.8804888385569912,0.31246769929345397,0.5418713671015686,3.663605928421021
young_20210324_srd1c8_r1,Young,2858.343487207031,360.5,86.62630476852385,6.307954330410648e-05,0.007204754743725,0.0919866794043926,0.3745545951007235,0.0535878733567044,0.8172665686283807,0.0065443571656942,5.375299419325104,1.2548739604524295,1.0,15.91251885364326,0.6989617943763733,0.2666666658888889,0.2201716021911515,22.783046923584287,0.2102874053480878,32166.78125,7.563641261639277,0.2083288146619582,1.2258762121200562,4.482197872105854,0.8015901360089959,-0.0800196733385545,0.0392156861890725,63.16123202018906,0.3355031907558441,0.9891466049294032,0.0369161450150157,0.5833333333332847,0.1666666665277777,-0.1048951048951049,0.2903881107665989,0.0367997001253075,0.2258311904913965,-0.2404617950811965,0.5742763467107771,0.230287528205698,0.6103622938538434,4.602270875443229,0.0508799824397409,0.9522165525129964,0.322703604264789,0.4828764409789487,3.7893104553222656
young_20210324_srd2c10_r1,Young,4345.6294587890625,224.0,17.295504861558832,0.0013828596321492,0.0083514433354139,0.0966343706595672,0.2854943695588297,0.0486493621583295,0.3689293272437609,0.0012815772788599,5.860629800826929,0.1291031871568921,0.5384615384615384,4.864147731563594,0.5555505752563477,0.5999999970000001,0.1912777474214886,4.610838565820319,0.41882699504107,20686.841796875,7.429279385207677,0.3662952646236869,1.097226858139038,4.292063466755035,0.9326852415934564,-0.2084245250015572,0.0276923076710059,6.551723328612207,0.3121175169944763,0.8052972303076962,0.0150600187900005,0.384615384615355,0.0,0.2582417582417582,0.2242617717478052,0.0075529540540003,0.5485797257131273,-0.0406253820749602,0.5993380760302575,0.2527705800924167,0.8223748843553911,4.727505864225346,0.0359807695584117,0.8993088386787668,0.2712084765639647,0.5210102185412332,3.7795333862304688
young_20210324_srd2c3_r1,Young,3304.0160876953123,246.0,17.409279444188996,0.001038388724618,0.0017239939188584,0.2096606107548179,0.0967164928629853,0.0492131482556331,0.8890562934662612,0.0047713499516248,6.047975248487394,1.8039818396588083,0.9285714285714286,3.510056823304311,0.5401313900947571,0.216666666375,0.1893066689568246,5.225131618878383,0.5402062241613085,22157.078125,7.38454948201586,0.2578455039223629,1.1595152616500854,4.328568522696762,0.929946742705876,-0.119348620074316,0.0337662336785292,9.511328361156352,0.3089057505130768,0.8646011795974252,0.0243844334367556,0.3571428571428316,0.142857142755102,0.4769230769230769,0.2509983730217423,0.0093240717673402,0.5692890921216769,-0.2178257242602184,0.5243907678822493,0.2622169927282412,0.928407967824035,4.126047657860116,0.0491679204154233,0.8951384662834774,0.2888396046224057,0.5061164017080144,3.5169122219085693
young_20210324_srd2c7_r1,Young,3084.706391894531,187.5,11.856398993077434,0.0011623719969424,0.0023837748449295,0.2662491983336967,0.2962119405364356,0.051585080717617,0.845353782097932,-0.2708966434001922,3.797345475327362,0.5749789931155753,1.0,5.856380177459602,0.6075253486633301,0.3333333327777777,0.1968178387156082,3.9392491597720385,0.3673793850437328,28694.302734375,7.536253020914881,0.3924847958288608,1.3073657751083374,4.139022490374767,1.0268896660182565,-0.0418470618692834,0.0684523807486536,6.8673390590474765,0.3759694397449493,0.942435011627228,0.0098642852814093,0.29999999999997,0.0999999999,0.0545454545454545,0.2536543422184006,0.0049161345523828,0.5352351825742309,-0.2648665241772703,0.4930945525202797,0.2841636080902104,0.6792426223440227,3.5524507074904297,0.0152617957666293,0.9223179479870338,0.3363215955482831,0.5492779459820234,3.8513662815093994
young_20210324_srd2c8_r1,Young,3156.7058783203124,280.0,17.989260647272022,0.005175184421303,0.0053566428832709,0.275925996374059,0.3022323749077926,0.048556277077762,0.2898582057299169,-0.868043065071106,5.007258616941351,0.5198802576090116,0.9,4.599958678748482,0.5879429578781128,0.6523809516214286,0.1683002775733159,4.338784025337067,0.413896222969891,21321.123046875,7.444728372976937,0.1985031467933347,1.3097598552703855,4.3240003615373945,0.9065350798630856,0.1751441861009332,0.0258899675956473,10.816009143389383,0.2818107604980469,0.7555506151122067,0.0045106143665563,0.29999999999997,0.0999999999,-0.006060606060606,0.26027628032345,0.0178690352732913,0.6592241696256373,-0.0673931568939758,0.5244526532468311,0.2696163411696992,0.6222208957003922,4.254652100696117,0.0235557787260195,0.9382156237792492,0.3066638524283085,0.5348382376685735,3.795519351959229
young_20210324_srd2c9_r1,Young,3558.976956445312,649.0,36.96206245793137,0.0080149346608587,0.005688845179975,0.1251902124912447,0.3323548819605022,0.0724802665358706,1.093270338841276,0.0017444130498915,5.185731121486721,0.1690148556877417,1.0,3.769891722793435,0.582120954990387,0.6851851831018517,0.1723217581096966,4.017963615778935,0.3109527925537225,21819.693359375,7.609197583579612,0.2243003050799518,1.2479861974716189,4.405355471464089,0.8164435315725811,-0.0368822846540157,0.0285204990578957,22.155687481092805,0.2983431816101074,0.8714045215713749,0.0165472070284414,0.6666666666665926,0.0,0.2833333333333333,0.2835098731528703,0.0180551839806937,0.6180667837398106,0.1115088176507212,0.5172313176450645,0.208142292877765,0.6848063937354382,4.883350135052255,0.0278592976852783,0.9665831473503368,0.2940216078651451,0.6231939674319336,3.773521900177002
young_20210324_srd3c3_r1,Young,3183.148715332031,265.0,21.146767853565677,0.0022715688927202,0.0026292935945093,0.2104197407076382,0.2997060871732804,0.0627645599909221,1.1401776494095384,0.0240121055394411,3.8659285128788055,1.159198440166445,1.0,3.6534039982827498,0.617275595664978,0.5238095231587301,0.1805205464772034,6.52554539919807,0.0,26297.541015625,7.449232068731057,0.2122905027927031,1.5118954181671145,4.256535640178752,0.9167568435759886,-0.20938997462397,0.0512820511809032,14.138623204662183,0.3203182220458984,0.8945887538284429,0.0166132198327018,0.444444444444395,0.1111111109876543,0.4666666666666666,0.2687964748003304,0.0158729323774608,0.479845543342561,-0.1027340926843627,0.4576147720485306,0.2706920583243518,0.7871050559680095,3.461656771143047,0.0332779346895519,0.925372058569266,0.31246769929345397,0.4502531953350674,3.810410261154175
young_20210324_srd3c4_r1,Young,3096.704375830078,231.0,29.4864246726406,0.0049816896072736,0.0033569042570888,0.148278921877555,0.1347696312340124,0.1164379942353625,0.3939530231043264,0.010991676710546,5.485650793232112,1.5166327790936436,0.5,6.022458019976954,0.6302351951599121,0.0,0.2122021937936765,5.563237214992626,0.3753725031562153,22019.5546875,7.489072225363197,0.3459950454162964,1.5966339111328125,4.250987918214289,0.958089850346684,-0.0619203017312895,0.0488888886716049,20.3583196538689,0.3319346904754638,0.9258092379082496,0.025950061096592,0.3333333333332777,0.1666666663888888,-0.3714285714285715,0.2721869235499077,0.0037989153124115,0.2377636660078067,-0.2143278669553517,0.4696872792813295,0.2585273781559092,0.6998691364032076,4.986761917122049,0.0677553510858736,0.9060226019718552,0.2901701625061421,0.4654690041525309,3.786141633987427
young_20210324_srd3c5_r1,Young,3260.539277050781,255.0,18.030857293105008,0.001796939528256,0.0036449551116675,0.2718195223380819,0.1334762011649748,0.0505880914410563,0.7285321048011457,0.000995437381789,3.7893135528119575,1.1760999211686172,1.0,3.061937763110284,0.6223630905151367,0.3809523804761904,0.1703973430181167,5.26050278654368,0.2606684001742133,25460.29296875,7.470096927175205,0.2549435028242586,1.2968831062316897,4.336637341003089,0.9564565720141486,-0.1408914685427045,0.035658914673397,11.369631401129087,0.2812325656414032,0.7985066565617556,0.0106523023521321,0.4545454545454132,0.1818181816528925,0.4181818181818182,0.2576985413290112,0.0038967454184581,0.4500706156393411,-0.0642180906330487,0.4921202400294175,0.2859938312848664,0.7390466952483565,3.855700778241946,0.0771571667862684,0.9335340005757043,0.3043984381552622,0.4443325057590061,3.646037578582764
young_20210324_srd3c5_r2,Young,3477.6880543945313,537.5,14.9895766352247,2.522227126552746e-05,0.0020152253564447,0.3320496673428296,0.2549376096309915,0.0672961503692824,0.8977008011866732,0.0129575133323669,5.039375874057996,1.3753510787702938,1.0,3.553977661715819,0.5953537821769714,0.6761904756539682,0.1906271773384262,7.340469275423173,0.0942782700168295,23555.8046875,7.485645972033299,0.2841781874032663,1.488804578781128,4.501665496315326,1.0303975992931336,0.0012423749878987,0.0452261304259993,8.295600569774068,0.4352979660034179,0.8473590222496316,0.0024111431947479,0.4999999999999375,0.1249999998437499,0.261904761904762,0.2474849094567404,0.0310087532318373,0.5629867968946296,-0.2379948985609176,0.4657730827990927,0.2234634624441905,0.7312747251422921,4.3850421869510505,0.0750778753001742,0.9411591936403504,0.2882340038148603,0.5158273880300319,3.6333742141723633
young_20210324_srd3c6_r1,Young,2083.4084475585937,264.0,25.491371556455583,0.0,0.0017303169006481,0.2135641766699256,0.23745865065963884,0.0528258871522637,0.5981276283822281,0.00232642341870805,0.0,0.0,0.0,0.0,0.0,0.0,0.0,0.0,0.0,0.0,0.0,0.0,0.0,3.9402865721752303,0.9781141626402424,-0.0833749421575219,0.114754096479441,0.0,0.0,1.067462104292079,0.0,0.0,0.0,0.29693696911963163,0.0,0.0135232732600362,0.4334372738249758,-0.0422725390899612,0.5062960203720702,0.2647415831293691,0.0,4.380537504363669,0.0187417373478881,0.8100157978856831,0.31246769929345397,0.5025882448939984,3.674345016479492
young_20210324_srd3c7_r1,Young,2545.8772120605468,262.5,19.108573896335315,0.0058880024104402,0.003492348594591,0.2791552332022319,0.2478262549278542,0.0988459152301455,0.8781435527393516,0.0119919804856181,3.2673342128557623,0.2443627622877551,1.0,2.839342014365223,0.5969115495681763,0.8333333323388888,0.1512054953164456,4.726488171295984,0.5894723168538288,22829.126953125,7.717209335918861,0.2526141992281089,1.3889161348342896,4.047985257124721,0.8944931133744238,-0.084800550837576,0.02755905500961,13.6332489922546,0.2008907347917556,0.909313011733318,0.0042601855774913,0.1666666666666388,0.0,0.8285714285714287,0.2411234764175939,0.0071831647018205,0.28574759661361,0.0903033760642376,0.3733311155106285,0.258682476299277,0.6705840831490013,3.0447371938868093,0.0635833647836461,0.9645427265890744,0.3138024647943199,0.4635461163422043,3.6652913093566895
young_20210324_srd3c7_r2,Young,3033.435072363281,310.0,22.70523467673271,0.0084786684978583,0.0026996317319571,0.1655743060822607,0.241888671558919,0.120765255811414,0.7660288822262324,-0.0070754992775619,3.048949959312191,0.0293773142014243,1.0,2.9645878492772577,0.5319116115570068,0.8666666647777778,0.1471578820278034,4.745098067229147,0.4877944238440854,26387.19921875,7.393462016265865,0.2972307692289401,1.349346399307251,4.2777620822908675,0.8224460617086157,-0.267286432237928,0.0474576269577707,17.19847659863592,0.2281081080436706,0.9300009792955486,0.0112452219864631,0.19999999999996,0.0,0.7,0.2540834845735026,0.0112711710839865,0.6945070043255643,-0.3399321766319134,0.34561203698938,0.2621810993015943,0.8303740569961938,3.0175392856307672,0.0091804613739227,0.9130303111106745,0.31246769929345397,0.4737005213799679,3.675898313522339
young_20210324_srd3c8_r1,Young,3336.4001835937497,311.0,30.70678746949701,0.0009077041388787,0.0024394679348915,0.1446390579422797,0.1360641299509744,0.0928432373646516,0.8651543204249634,-0.0120288040488958,4.869312866895438,1.6364360637496886,0.8571428571428571,7.44330625219632,0.6513900756835938,0.6999999989166665,0.228574008790796,8.502906852211963,0.2408575895454443,27423.12890625,7.454154139284073,0.2517251725164965,1.6473939418792725,4.478819807960796,0.9970193664412808,-0.1046077733420837,0.0784313721645521,22.444293551862753,0.4230252802371979,0.9829189195614656,0.0061241410628784,0.2857142857142449,0.0,-0.1071428571428571,0.2842354333037562,0.013611986081718,0.7378883844735912,-0.0642198325589398,0.4116070935502509,0.2293326642129878,0.6694416161931154,4.1508036804479795,0.0116885982695512,0.939056478356201,0.3418346710995176,0.4152131796497186,3.604882717132568
young_20210324_srd4c10_r1,Young,3373.750410351562,182.0,44.80587284489893,0.0027059426280472,0.0027232817374169,0.1368935725452193,0.1705280312165532,0.05485082209522,0.4129916983231958,0.0360181890428066,6.463244078875388,0.9800957514931878,0.9166666666666666,61.68719610922711,0.7403008937835693,0.3958333318576389,0.2575562824770064,10.569646002719704,0.4127730111485642,26354.904296875,7.480687373708047,0.2878706199453157,1.5648547410964966,4.438034435176528,1.0644335891252503,-0.2068732982927027,0.0475319926004899,50.500811228102584,0.3816313743591308,1.0536109895562669,0.0018812124339938,0.2499999999999791,0.0,-0.3146853146853147,0.2759440190124108,0.0088319311179361,0.3930639174296026,-0.0350792043242171,0.4338010616539092,0.3013820362517203,0.5625814518054321,4.197321674708099,0.0138308735860775,0.9370082995663048,0.3262472508501612,0.4053303397444734,3.7508018016815186
young_20210324_srd4c11_r1,Young,4464.257004785156,554.0,66.54239848342249,0.0012283308568598,0.0010873426217585,0.1024069048275149,0.1753466561729821,0.1924480631197925,0.7043587675623373,0.00232642341870805,4.937793828220949,0.2107416329410577,1.0,3.8388614977384794,0.6392391324043274,0.0,0.2027311717519376,14.403130392431269,0.4345223167245335,21933.294921875,7.596553118661202,0.2623554153508814,1.678177833557129,4.444521162645047,1.1425992802903508,-0.3292471240437502,0.0784313717800846,82.60708145100541,0.3507874310016632,0.8558864913630979,0.0535793930395933,0.6666666666664445,0.0,0.5,0.2937499999999998,0.0049065822838676,0.464134527386184,0.4999999999970107,0.3202697450584604,0.1857117887284191,0.6284195572151223,4.274275450943052,0.0780621088622084,0.9125801005074612,0.317377701620007,0.3829718837988196,3.5789804458618164
young_20210324_srd4c12_r1,Young,4117.214224511718,385.0,260.3876580582206,0.001539096057701,0.0086191771551966,0.0966343706595672,0.2790978866676508,0.0517089709396339,0.3464416559358256,-0.0079042091965675,10.4875438960056,0.3244449328677209,0.6428571428571429,50.95081105556808,0.6572533845901489,0.8269841262820231,0.2694042624392181,8.419580507412146,0.2663853194770887,27688.8046875,7.58795588662468,0.3059630683889453,1.1507200002670288,4.496359044194488,0.8714785802248716,-0.0507547064840388,0.0235920852179664,180.1243303829158,0.5123087763786316,0.9403975447549396,0.0048919119706256,0.5714285714285307,0.0,-0.3186813186813187,0.2923511107894926,0.0215586186478819,0.363139823112356,0.0230386422136878,0.6025276776471427,0.232559278963112,0.6588971722804278,5.140297844113457,0.0523889944848404,0.8802895431309371,0.3096575947034437,0.4526839601002561,3.6492199897766113
young_20210324_srd4c13_r1,Young,3070.4244221191407,264.0,239.66909293021035,0.00139344427229,0.0042092315852642,0.0274711522167348,0.1618620091552354,0.027156687970145,0.7796611938380006,0.1459706276655197,5.533032095646614,1.5558195010237998,1.0,14.280141941851872,0.6326339840888977,0.3954451341580892,0.219684694508122,9.754464212354286,0.3966066684789011,27012.953125,7.329984729124181,0.3378055122201374,1.0479475259780884,4.392829193209112,0.9077267696064686,-0.0556360054356667,0.0366361365223679,203.354475719179,0.3826261162757873,0.9373810126387672,0.0115324662040707,0.199999999999992,0.039999999984,0.1811886934843894,0.2774885145482388,0.0170374221709908,0.4592886133406682,-0.0037969477083074,0.59056302238973,0.2751051938952111,0.6507414473766894,4.032626804313071,0.0194638206602787,0.9123274214990322,0.3087555768606669,0.5186467260601353,3.766655445098877
young_20210324_srd4c14_r1,Young,3202.584674707031,920.0,43.76623310594174,0.0029000282084655,0.0022702433634549,0.1387183582253192,0.23745865065963884,0.4037945863017722,0.4678833600774921,0.00232642341870805,3.862802081516782,0.0,0.0,3.9165518598677513,0.6368547081947327,0.0,0.2147257383670844,6.966617106645154,0.7514075230773997,31704.7265625,7.350493985358835,0.2913043478229206,1.6579428911209106,4.281026673062004,0.9029504677666482,-0.0630616832352566,0.1458333302951389,23.390770109673213,0.2785863578319549,0.947722253800192,0.0292256839337674,0.999999999999,0.0,0.29693696911963163,0.2619565217391301,0.0,1.0488151436001636,-0.0422725390899612,0.1415373438598232,0.1523096648690269,0.6595068178283103,3.60340038261951,0.0597538786736495,0.898262666540437,0.31246769929345397,0.5025882448939984,3.8277029991149902
young_20210324_srd4c1_r1,Young,2795.8556616210935,263.0,18.97329505997484,0.0023866948045422,0.001657081535086,0.2753973021557566,0.0631691147093681,0.1360920522479449,0.3267137270277382,0.0108750397339463,3.5925973658338566,-0.8344292991776205,1.0,3.4970449172555744,0.6072677969932556,0.8333333302777778,0.1913951385834142,5.92192995889731,0.504420803994022,23866.80859375,7.525698416989084,0.1974226804113535,1.5603725910186768,4.311323022421222,0.904205907975079,-0.1965712465035142,0.0880503139116332,14.198160541794673,0.3999422192573547,0.9513447473914008,0.0022766456333717,0.2499999999999375,0.0,0.3999999999999999,0.2860071758072782,0.0149287518198284,0.6544820958859029,-0.3512350628184583,0.32110603245483,0.263448223631303,0.7426458734399559,3.4535364245714826,0.0322349221214762,0.9276202860291916,0.31246769929345397,0.4473759185025875,3.789398193359375
young_20210324_srd4c3_r1,Young,3372.9077607421873,236.0,51.07495080886829,0.0035495746792817,0.0026092233601957,0.1046608131147756,0.175376274973015,0.0751293031200921,0.7296064337941877,0.268618643283844,4.125972201317534,0.9887765344969608,1.0,3.517617366630499,0.6442150473594666,0.7513227501694382,0.1936896350279986,4.917690884755113,0.1549382806453463,30737.515625,7.547069862458886,0.1037364798421645,1.4782534837722778,4.341437404862524,0.920956118098732,-0.0032147951190118,0.0606060604019998,27.366741082083347,0.3556351661682129,0.8897201619450774,0.0115543430953215,0.0,0.0,0.4666666666666666,0.2633349351273425,0.0102026396378628,0.282998737422907,-0.1966914617908319,0.395546710875978,0.2829760343079334,0.6661580460384801,4.259977000914628,0.0403522351780277,0.8953596478746334,0.31246769929345397,0.4331256707399798,3.578711748123169
young_20210324_srd4c4_r1,Young,3105.9633865722653,309.0,40.89354545160457,0.0048000317685659,0.0021836869418621,0.2003647238765014,0.2963317375472729,0.1036866277788173,0.7619620137940973,0.0240084584802389,5.5721693704288615,1.378740194760016,1.0,6.899604706525964,0.596168041229248,0.4666666645555556,0.2210148579883566,4.688746805244251,0.7072284155438224,27033.50390625,7.503293449701685,0.3295245116095484,1.6288915872573853,4.397600081344767,0.9783779222472268,-0.0537284500869695,0.091787439170109,18.234115060365948,0.3653745651245117,0.9894971384546936,0.0089846584955801,0.3333333333332777,0.1666666663888888,-0.0857142857142857,0.2837445573294629,0.0516497716559703,0.3397074607178259,-0.2310046437689854,0.3695509503821046,0.2353584019172941,0.630811124583269,4.380537504363669,0.0752445770711045,0.919113291189355,0.3099925446854178,0.4800753268258025,3.4991607666015625
young_20210324_srd4c5_r1,Young,3746.720230517578,245.0,40.451707664380976,0.0048752523616061,0.0031191788148134,0.1069164349085731,0.223781073786522,0.0429807091976231,0.9145732551265148,-0.0039930059574544,4.78083112542263,0.6906613367584586,1.0,3.488194009772699,0.6319947838783264,0.5619047614571427,0.1897355266490646,6.140414767179767,0.4271420877323933,19812.666015625,7.561828479221648,0.3708974064714921,1.463379144668579,4.2927841502709585,1.0100270561208953,-0.2240588581196436,0.0545851527192463,25.11379236565732,0.286528080701828,0.967846943818472,0.0224553091137311,0.1999999999999866,0.0,0.5285714285714286,0.2643832549809715,0.0200380886514635,0.4111367503640125,0.6115912278291811,0.432655361368148,0.2769390638348306,0.8151622722776599,3.8351612638429593,0.0440213547663975,0.8889689459806244,0.4260838096861582,0.4982326715906853,3.4719033241271973
young_20210324_srd4c6_r1,Young,2696.592587329101,216.0,19.704085279514516,0.0047792749199732,0.0019427668303251,0.2760318249333264,0.2101179380386317,0.0747135027079756,0.3128319484076215,0.0876228809356689,4.4606699091912105,0.5653778450412988,1.0,4.466720861208089,0.6033134460449219,0.6041666653298611,0.187095395212352,4.302351426608813,0.2937378872266406,24635.294921875,7.425780917505129,0.1867329047335279,1.548761248588562,4.172415348677648,0.9051181685257595,-0.0496758042786035,0.0761245672106416,12.366455092136269,0.3018327355384826,0.9097775118987408,0.010284766128775,0.2222222222221975,0.0,0.1666666666666666,0.2692640692640692,0.0089234123014749,0.3401425779956654,-0.1574167837948078,0.4116341905055312,0.2630538181910533,0.6390484125965052,4.238225126449252,0.0553801603265974,0.9180501330097536,0.31246769929345397,0.5183039236940685,3.5149383544921875
young_20210324_srd4c7_r1,Young,3382.39553203125,307.0,34.82726462054503,0.0011406143378708,0.0035702597815543,0.0966343706595672,0.2612498108139419,0.0513619889711516,0.8094765244611745,0.1144734993577003,4.495868424856548,2.265456425745921,1.0,3.7868815364365895,0.6528489589691162,0.6999999980055556,0.2109709595957946,13.026256999101165,0.6512156368464139,27153.435546875,7.3822351774790995,0.2746715551473429,1.5854127407073977,4.5518971942898405,0.9539733936703318,-0.0989004269604883,0.0267558527533249,29.021903006819265,0.2971854507923126,0.9345760407060396,0.0337243833917513,0.59999999999994,0.0999999999,0.7818181818181817,0.2367077200360468,0.0077656895768116,0.5745014272724468,0.0238494862031357,0.4092078813254822,0.300733083890235,0.7507128157290998,3.5665248873350692,0.0489745845841585,0.9163927290283588,0.3259903112707147,0.4318450140493692,3.4901833534240723
young_20210324_srd4c8_r1,Young,3149.832203027343,183.0,40.61878973410817,0.0083580372988568,0.0007236754754558,0.1494224120455058,0.2629692530417258,0.0831873440021854,0.5517131823574103,-0.3157552480697632,3.565067348660969,0.0808991502723505,1.0,3.399068677652685,0.5883472561836243,0.6874999981284722,0.1799209817204876,4.598022649517857,0.7016456472986488,20702.177734375,7.473331944881761,0.2699137493644347,1.5411536693572998,4.462134701235837,0.9867719256717298,0.1898155485498313,0.082822085635515,19.974170080952224,0.2953748703002929,0.9577297086509534,0.0055661018079059,0.2499999999999687,0.0,0.7619047619047621,0.2764705882352939,0.0065226664010349,0.4004083356229487,-0.0862378546959933,0.3123289675355858,0.2962990192411656,0.7589916684545716,3.2280257642389163,0.0131733942040993,0.9389127584539748,0.31246769929345397,0.4559106505888746,3.6128299236297607
young_20210324_srd4c9_r1,Young,1918.2628787109377,196.5,102.02702997912438,0.0011114212236598,0.0015029651112854,0.0710991366390564,0.2923027701209146,0.037545354269727,0.4335416608507594,0.0052811461500823,4.068212149818942,1.2084641391703137,1.0,5.092013091404324,0.6540266871452332,0.5599999983125926,0.2108915041957082,11.102736144141216,0.2441229670675229,27857.18359375,7.626858541040336,0.3027474462833696,1.1293895244598389,4.246386598247156,0.8465129396426126,0.0438670006629187,0.0766871163291806,110.68841768150364,0.3774009048938751,1.0452370076502464,0.0107185171978728,0.2222222222222099,0.0555555555246913,0.1413828689370485,0.2733837689133425,0.0159718576004089,0.3381720534977082,0.0527424096519833,0.5179383933849432,0.2838704327859859,0.6329778699531027,4.019429329383043,0.037403259519234,0.9119896247990772,0.3440236085426999,0.4956471916076165,3.660377025604248
young_20210324_srd5c10_r1,Young,3514.739661767578,354.0,31.532482334714683,0.0025430574531528,0.0064552337862551,0.1694014816239149,0.1808292108936526,0.0506230785434973,0.4488318360470449,0.0002767879050225,4.662012047971994,1.3437692316000482,1.0,4.709500053320089,0.654522180557251,0.562271061219911,0.1821043717165376,9.428244463865118,0.2042225812467733,26555.04296875,7.551552364579298,0.2428225527494935,1.3170135021209717,4.319171937885162,0.857820240088498,0.0784806093899799,0.034334763899378,18.52204292180533,0.3509227931499481,0.9799743712545488,0.0140274691854524,0.384615384615355,0.0769230768639053,0.0054945054945054,0.2705962289791064,0.006135525842832,0.3492887607000234,-0.0382103090728837,0.4740813791940207,0.2643545735639406,0.6937430693070091,4.2965870310058065,0.0256572904691999,0.9204383234576236,0.3204403870689843,0.4834555983699736,3.846822500228882
young_20210324_srd5c11_r1,Young,3497.195320458984,178.0,35.636899264977274,0.0027945737018551,0.0065006408840417,0.1273243383129129,0.4557888859062764,0.0239063918720844,0.8567330089700645,0.0623104237020015,3.7706300105217183,0.5878233022428468,0.96,5.008715884055634,0.6326062679290771,0.460606059570202,0.1869872687693264,7.6405316000364545,0.4584827530358485,28386.9921875,7.414929565804154,0.2775152702543764,0.9774426817893982,4.375779789875348,0.9106877634238428,-0.2296357953340568,0.0418250950172765,20.31205734334791,0.2937301695346832,0.9790670676551916,0.011300249621693,0.3199999999999872,0.19999999992,0.4376923076923076,0.2657207718501702,0.0085621609189417,0.5109738436163432,-0.1520217093102019,0.5763682721292797,0.3326695204169145,0.7702660714956253,3.5753258247388024,0.0486759577669416,0.9543961568508672,0.3348326640849756,0.5000808939283973,3.80941104888916
young_20210324_srd5c3_r1,Young,3806.057169140625,525.0,354.4849037630184,0.0049209737715104,0.0020188556518405,0.0193459880435805,0.343429192614885,0.0314249435628341,0.6634825401742623,0.0122326677665114,5.386458975690157,0.7327586355965938,1.0,3.63687697273707,0.6224381923675537,0.6553968247894463,0.2006545333200631,5.077817958892146,0.5927671198664889,21834.94921875,7.325475100818435,0.3030960125282458,1.257926106452942,4.429284601181741,1.0034385056086068,-0.1836993431674276,0.0406360423310317,143.6287916066065,0.3020090162754059,1.0242252671504255,0.0107385503529894,0.5624999999999649,0.124999999921875,0.5647058823529412,0.187381404174573,0.021178758090825,0.549626931721436,0.3763314184364086,0.5344273755006469,0.228184032690379,0.8116250170328966,3.9833729120748553,0.0268698939505865,0.9086172239893118,0.3151751824417158,0.4520544320184236,3.4112203121185303
young_20210324_srd5c4_r1,Young,2751.4355756835935,269.0,24.625172652001503,0.0021921648746588,0.0034210772719234,0.1565970553623979,0.032983170998218,0.0584957808777576,0.6825793332161879,0.0134053155779838,4.958830433409416,1.3378086442035286,1.0,4.955477958300758,0.6094188094139099,0.520833332204861,0.2004030478228375,8.277433398373326,0.623798573825063,25244.85546875,7.268801863691245,0.3645385378750759,1.6154619455337524,4.351528297361901,1.0103399259411745,-0.1807947127273722,0.0333988211524581,15.993830020743044,0.425189197063446,0.7299144718204611,0.017420182879435,0.2222222222221975,0.0,0.5499999999999999,0.2132376915552656,0.0080296303405267,0.6508259710619773,0.1136419149935623,0.3791845690881387,0.2825226631151105,0.8353606290607202,4.166052169111575,0.0642098782812303,0.9315344391900016,0.362282144355551,0.4096382137227556,3.58689022064209
young_20210324_srd5c6_r1,Young,1889.831417578125,274.0,23.18356274226,0.0054412700939041,0.0012119545135647,0.182383899966094,0.3215105409563215,0.0502850886145496,0.5284071651138837,0.5934727191925049,5.441314263012628,0.6231215664246597,1.0,3.2013879592937,0.6772873997688293,0.6166666656349999,0.180267322469669,9.788188832340552,0.4881346420998251,22370.185546875,7.337496376081122,0.198804655551435,1.542924880981445,4.258873524471288,1.0656290680019256,-0.1209105828265222,0.0647482009730345,17.718942759315237,0.2512456178665161,1.0402162971198436,0.0183974584124359,0.3636363636363305,0.0909090908264462,0.7545454545454545,0.2058823529411764,0.028301756988291,0.3825751474972449,-0.0144491462973812,0.4131262784794019,0.3273429566331264,0.7783213844220855,4.86243501283114,0.05013654328794,0.9531415642971848,0.3504273205487814,0.4103989562715351,3.4588537216186523
young_20210324_srd5c7_r1,Young,2841.094145654297,178.5,21.55357994347354,0.0019172747945246,0.0033008414320647,0.1938526272649006,0.1226917524811003,0.1596576401740201,0.8727733358358214,0.0338470712304115,4.645775578670061,-0.6703735202219564,0.75,4.104994115722567,0.597305417060852,0.0,0.2029678607395708,8.049605416911596,0.6763110178210762,26715.712890625,7.337933551487152,0.3580171358607221,1.5699248313903809,4.244447639441378,0.9019622552935568,-0.1119717570493522,0.0546874995727539,16.503475283226972,0.3760327994823456,0.9673498588121274,0.0204712857431334,0.2499999999999375,0.0,-0.3999999999999999,0.2654545454545453,0.0117714486874512,0.6345264474097316,-0.35024091377958,0.3147282314652355,0.2637568109761007,0.7078634669987641,4.566413759390934,0.0442703631232454,0.914155742676087,0.3978407057685071,0.4402683682538665,3.7552599906921382
young_20210324_srd5c8_r1,Young,3327.1998108398434,265.0,51.50861853199109,0.0082582694359661,0.0023052026517689,0.1426585192506692,0.0140061353710663,0.2015890420330393,0.4711221290521495,0.00232642341870805,5.663943096863191,0.7049994274803494,1.0,13.000090049484015,0.6481539607048035,0.0,0.2229565872811386,6.707074603417491,0.3338064885679696,22278.599609375,7.3055109209671505,0.2957198443565383,1.7254400253295898,4.234406988040179,1.0058686835157358,0.1025993911056242,0.0530303028294306,41.39585916816746,0.399182915687561,0.9589918867633704,0.0148387641127794,0.3333333333332222,0.0,0.5,0.2709335899903752,0.0035041843607897,0.2507660425812796,-0.4999999999997445,0.2738141840079707,0.3038558764000017,0.6299973976471823,4.640600769678969,0.0930800985501993,0.873481070817046,0.3842213791205411,0.6178749635349029,3.608422994613647
young_20210324_srd5c9_r1,Young,2623.908267114258,287.0,23.80986139144867,0.0013404758938582,0.0012646412942558,0.1962713796717648,0.185877122204366,0.0367013352252138,0.5687249502023772,-0.0129143744707107,4.224003518531683,1.0986755462579874,1.0,3.215948610625441,0.6330935955047607,0.6840136045924117,0.1828785116413535,11.669054236352896,0.1318310107006435,20955.203125,7.384780322926522,0.1832018038328012,1.3100616931915283,4.146604854513306,0.8934003961808936,-0.0763658173481288,0.0502645501315752,11.541340499785791,0.364910364151001,0.9939660438614748,0.0092177052066319,0.3999999999999733,0.1333333332444444,0.2821428571428571,0.264516129032258,0.00991896343449,0.514634440998558,-0.012590474128996,0.461744365779447,0.2780911129056526,0.9492582975164312,3.733676018995631,0.0359334508416936,0.8935424241464808,0.3252345581013046,0.4704079181732177,3.645768404006958
young_20210324_srd6c10_r1,Young,3008.9622183837887,220.5,71.04218776775055,0.0046684827431084,0.0034041523467749,0.1087420957880483,0.3699196003370234,0.0442249566377,0.3717074612955204,0.1299472451210022,4.697810049630185,0.488802293894128,0.9375,11.592338583269834,0.5990700721740723,0.4466666658377777,0.2133246643896613,5.291059605236839,0.3473150735324805,21600.068359375,7.591859875785678,0.3583602026710297,1.285696268081665,4.166466295146477,0.885239299679804,-0.1614272521139692,0.0549450548587989,39.68547845700415,0.3744445145130157,0.9978408875377744,0.0078646395664454,0.2499999999999844,0.0624999999609375,0.2852941176470588,0.2797033449371878,0.0236142473316842,0.4210458009621492,0.0786444320964511,0.5026834299584826,0.3050941657339019,0.5583464038849786,3.7743910343295353,0.0559206296272662,0.8784170094565479,0.3399589119448742,0.4585814551207333,3.903648614883423
young_20210324_srd6c11_r1,Young,4095.805567382812,237.0,68.35236956698563,0.0087677427458861,0.0058106398209929,0.1014258290955696,0.2649471290327296,0.0200180820647566,0.7987892835018079,0.0440269410610199,4.4737512804618,0.6291212300313546,1.0,3.0957265090577915,0.6427626609802246,0.4872468519993336,0.171106892044935,5.939565735280723,0.3694943011182237,24071.853515625,7.513163022474457,0.2840010206681755,1.1348392963409424,4.349755774049924,0.9206291843599458,0.0539907142062361,0.0530846484173821,43.28367543772729,0.299835205078125,0.9333390279513072,0.0012714970613594,0.1999999999999933,0.0,0.2356213163984972,0.2768693047060291,0.020493582262185,0.4207871035569813,0.0044847750249318,0.5451142948932385,0.2914499026334411,0.7395492492582266,4.416324926952163,0.0272992927239302,0.9342295997455214,0.3446624243161861,0.4783297620320299,3.75854754447937
young_20210324_srd6c12_r1,Young,3146.3783531249996,205.0,35.14821629400618,0.0077656107158472,0.0009438338456675,0.1658033988259121,0.3659306538908895,0.0662047834051393,0.5227493090256848,0.1303237080574035,5.221996220869666,0.1721411497163484,1.0,3.987846346888054,0.5659452080726624,0.6074074068851851,0.2233580123663712,4.902265901420225,0.3570374777036212,20460.38671875,7.085707709380982,0.1623762376229585,1.7395870685577393,4.458686750435276,1.0176705192330295,-0.2189075393274453,0.0833333325617284,18.689535730438852,0.3139335215091705,0.9190850984321036,0.0300538884000487,0.1111111111110987,0.0,0.3666666666666667,0.2022094140249759,0.0255261902179528,0.4193320887162585,0.2618470993733894,0.3424454630900085,0.2843888326139163,0.7181752400235532,4.4794636308755775,0.0759839738515246,0.8699365841960229,0.31246769929345397,0.4982977383665279,3.4090311527252197
young_20210324_srd6c1_r1,Young,2461.8106067871095,116.0,11.987211108391756,0.0029610598312642,0.0030433260835707,0.3671416385709959,0.3918467166005589,0.1048963184914382,0.6955788361809853,0.0441497229039669,4.391187537035851,0.8250734245004339,0.6666666666666666,5.314081571889976,0.5907769799232483,0.7777777742592593,0.1818770476845895,3.832544101856085,0.3891876668411549,24802.908203125,7.484862122153,0.2556762092781062,1.4575693607330322,4.1685971430355675,0.8979524930114908,0.0554020862048489,0.0463320461531581,7.790014017577412,0.3161146938800812,0.8360407178727541,0.0041338190483952,0.3333333333332777,0.1666666663888888,0.0857142857142857,0.2398829839102875,0.0117841503649124,0.132711624492392,-0.1491808030739782,0.3185220935127995,0.3212373561424281,0.6219868745858805,3.6986606762694576,0.0089825546793836,0.925014790309262,0.31246769929345397,0.4134840086172692,3.8512825965881343
young_20210324_srd6c2_r1,Young,3534.5766760253905,165.0,18.5146917407726,0.0065685628084477,0.0016863688360899,0.2235362115918351,0.3364499540503167,0.0884246765638421,0.7036428020989273,0.0232908558100461,4.6377054973969,0.9919116051218888,0.7142857142857143,4.078869319215323,0.5414752960205078,0.0,0.1829448077052785,4.325959876232972,0.1507320481658947,18023.833984375,7.472998403225148,0.2595818815325357,1.4601701498031616,4.286331404727644,0.9662238752002728,-0.0371990954395799,0.0455407968775316,11.245382455325322,0.3547148108482361,0.9125541231253074,0.0038197309085971,0.2857142857142449,0.0,0.6071428571428572,0.2690409783308302,0.0322757468954435,0.753006957813202,-0.0610513320799309,0.4421020389888038,0.2887068419932073,0.8354647709666378,4.0004897207251595,0.0186574617468353,0.90747029928373,0.2868662184554721,0.5467759315989047,3.5772860050201416
young_20210324_srd6c3_r1,Young,3323.148722167969,292.0,15.09691144960372,0.0017447917964874,0.0040928474627435,0.2516884819720225,0.3293926968482052,0.0538928895147627,0.6962826632787256,-0.145610973238945,3.436357899320019,-0.1116463769924756,1.0,3.309692208836299,0.5862895250320435,0.4703703695487655,0.1744089747941342,4.7039960974299,0.6809666817068147,28831.462890625,7.582767697662263,0.3450486295306254,1.2221367359161377,4.376041806456119,0.9342828132602732,-0.0280771745895273,0.0388768897648447,9.538817523399098,0.2607885301113128,0.9538877956072404,0.0113651410400011,0.4545454545454132,0.0,0.3,0.2566103164282617,0.0192123892471037,0.5576405237850408,0.1834508474237563,0.4500651390709854,0.2928431665159495,0.7665899080903222,3.278470830455704,0.0123134978531845,0.913280564012946,0.3116338591844045,0.4889624363933004,3.939629077911377
young_20210324_srd6c4_r1,Young,2304.9174298828125,245.0,26.330462157755846,0.0044077797312256,0.0017446728888899,0.1631370351626055,0.2286273899115066,0.0315261097083691,0.802536478176415,0.7918404340744019,5.206705523116348,0.5671226754693565,0.95,7.732278363851156,0.5999214053153992,0.4479166651128472,0.2019299745463478,4.663868946537897,0.6419979703023544,15350.05859375,7.33199126811718,0.3352218065202189,1.095664143562317,3.957449855509183,0.9124529829274683,-0.0855459026242985,0.0323468685255699,15.724019208996893,0.3017894625663757,0.8828480145163408,0.0038262141171877,0.3499999999999825,0.0,0.3353383458646616,0.2609840901907069,0.0082113440717645,0.6647005382495246,-0.0399210597991729,0.5710957716739496,0.2785189691266672,0.8394488896971762,3.723273270209845,0.0081997001090765,0.9404906529063548,0.2972073341405419,0.4595175643929243,3.768739938735962
young_20210324_srd6c5_r1,Young,3324.3178623046874,256.0,69.9364185870894,0.0022370458847465,0.0038424306549131,0.1012746808499898,0.2377810630739423,0.031025356922106,0.7315520289149929,0.3002240359783172,4.799725824459151,0.7306946336944219,0.9130434782608696,9.850194579641386,0.6386789083480835,0.2051282045299145,0.2090113247310877,5.4844310126123474,0.4192852167029909,23292.607421875,7.495566726712504,0.2715170989211203,0.9875518679618835,4.243307041522139,0.8707186073948026,-0.1855882471534176,0.0340599454808855,30.918630480938003,0.4410101175308227,0.966246505471958,0.0048198777723966,0.3478260869565066,0.0,0.466403162055336,0.2771782346927184,0.0159482389465196,0.4147057295320865,-0.1258568258909023,0.6574689067022603,0.261758308072659,0.6874895989738946,4.109566250512381,0.0215429209397764,0.9284105185091412,0.3036507969540261,0.5345526687225265,3.810226440429687
young_20210324_srd6c6_r1,Young,2673.733725878906,257.0,31.971132513150373,0.0023382540367497,0.0025612048339098,0.1723315278151385,0.1896933181719706,0.0503893598866042,0.4625533802882944,0.1272917240858078,5.904642651399259,0.4854056762082655,0.8666666666666667,22.968849840080125,0.6290725469589233,0.559999998968889,0.2675241365594885,5.4594531044514865,0.2939108843724717,20537.318359375,7.691522042796136,0.3866471734889019,1.1770107746124268,4.066852306867511,0.8864110462906849,-0.0887450299208481,0.0342275670358671,19.08765914065391,0.3801697790622711,0.9155812939060152,0.0259389694702387,0.3333333333333111,0.0,0.0285714285714285,0.2754278023457027,0.0132370496727798,0.3500515036236581,0.0680243540464482,0.5599338501747476,0.2711699467404845,0.6751748768801843,4.04919640479877,0.0516549155982134,0.9021485604277628,0.3042749924813133,0.5888421017328516,3.8115885257720943
young_20210324_srd6c7_r1,Young,3674.250192333984,310.0,18.778741201381155,0.0037912057920096,0.0040503158234059,0.2189488130526207,0.0075612048436952,0.1087671037546115,0.7748200653313688,-0.3578819632530212,4.183402603201297,0.6732992173491862,1.0,5.7584712245175815,0.566220223903656,0.8749999986458332,0.1918772763311799,4.168419595910168,0.0580087350937524,23015.078125,7.504357907802975,0.2929442186911971,1.4693024158477783,4.2610874957514415,0.9620491987881212,-0.0783387343307265,0.0442203257996739,12.69488208500457,0.4009609818458557,0.9022311431458936,0.0211598489571234,0.59999999999988,0.0,-0.1999999999999999,0.2626593806921675,0.0023260181552472,0.4460921886204393,-0.2073301641275121,0.3731421161861953,0.227802593908474,0.659350975673464,3.4984974011977075,0.0287562282413872,0.937923579638423,0.2895657069766103,0.4683163404012101,3.9160993099212646
young_20210324_srd6c8_r1,Young,3085.059667675781,182.0,35.19972971365339,0.0093206080728972,0.0015693523455411,0.1891711088806673,0.0691685187914017,0.1131541444862792,0.3270027952034238,-0.0385756269097328,4.9379117723792,1.6538524071868974,1.0,10.965745781591432,0.5881341695785522,0.3888888871296296,0.2251118809425392,3.8065880105273298,0.4572651231099154,20569.5703125,7.348115940696824,0.273085182533024,1.599679708480835,4.205305712440338,0.9422139985834728,-0.0406616551099863,0.0572289154902743,20.984249996095333,0.2797373831272125,0.9341883732151748,0.0121442716448768,0.2857142857142449,0.0,0.0714285714285714,0.2786016949152541,0.0108816468769239,0.492985283293092,-0.2741499498104576,0.3524192265975411,0.2794163920115577,0.9009490031152824,3.900157758881446,0.0480398363801002,0.8647371073731211,0.3910573956545043,0.5230646238588182,3.883234977722168
young_20210324_srd6c9_r1,Young,2895.9320665283203,109.5,27.607227646602674,0.0016574448552216,0.0034451268147677,0.1666032246860605,0.1598756379723168,0.0929052726491141,0.6003874457498027,0.0067614796571433,4.7800213639644,-0.1278776767835008,0.625,5.588329626136154,0.6180259585380554,0.0,0.2057912652517158,6.649305113297126,0.4077502974666073,23640.873046875,7.584724729369344,0.3191368540592869,1.493650197982788,4.207993468108448,0.8393939672273462,-0.1321376257044522,0.0305732483686964,21.35831935456603,0.3847708106040954,0.921501888394259,0.0172980525795492,0.2499999999999687,0.0,0.261904761904762,0.2661830357142856,0.0027238923725052,0.2585287831998915,-0.1251953250281795,0.3949600799143035,0.3092806145751301,0.6917598545845138,3.626281253135344,0.0256313069378099,0.8877585536030856,0.3042448654023273,0.4866537769816489,3.956177949905395
young_20210326_srd1c10_r1,Young,3235.8374815429684,3695.0,21.283962014748084,0.0128101409065867,0.0009221064974553,0.2400296714379989,0.0095229379439807,0.2268439699971295,0.4075215982092927,0.00232642341870805,10.35430079817032,0.0,0.0,2.8006870960262935,0.5265681147575378,0.0,0.1519501118571489,4.321898069245029,0.9138197932491328,10312.0810546875,7.6468281574206465,0.373748308524528,1.2397702932357788,3.698452178949811,0.8902006010334251,-0.0069872029171974,0.0266393442077062,13.029143835406048,0.2101592868566513,0.9355856338284388,0.0130603182144364,0.49999999999975,0.0,1.0,0.2460124357934576,7.020010486484642e-07,0.5741502945302577,-0.0422725390899612,0.4538921715453019,0.1617825024826984,0.7149538090277819,4.028599622984841,0.0488148165318901,0.9066072165089644,0.2730150483439241,0.386541237877208,3.2128686904907227
young_20210326_srd1c10_r3,Young,1573.8515686523438,1505.0,23.37843479031722,0.0007942454668065,0.0013750181533396,0.2700250323183686,0.1351288523924905,0.100250767842843,0.435084068207924,0.0003533655253704,4.946777449297612,-0.6541188488191454,1.0,5.936077395124095,0.6099121570587158,0.6666666647222222,0.2105068164646932,15.998068330888843,0.3769107939922549,27191.130859375,7.449119937179364,0.3101785714280175,1.4712858200073242,4.472841304346748,1.0384080225262882,-0.0839813188921769,0.0579710142127004,13.984859515593692,0.3948524594306946,1.031511785081045,0.0165346776409674,0.79999999999984,0.0,0.7999999999999999,0.2369393139841688,0.0214837522349945,0.7610981824550784,0.6207183085432876,0.4371276043695715,0.2309960468803975,0.6529650511925319,4.3818303118002575,0.0363796366453557,0.8979341690968078,0.3157659290807313,0.5436009105342196,2.844346523284912
young_20210326_srd1c10_r4,Young,2322.139262255859,285.5,36.55993809408208,0.0004831647289747,0.0033590351231396,0.1645543235659764,0.2768855494127337,0.0304872377961899,0.5237055620898727,0.4674026072025299,5.216000231569698,0.0751818200487981,1.0,50.70760388551235,0.669918954372406,0.4462962953509259,0.2315764577527275,13.116734199728386,0.5009486305817664,29489.21875,7.444536842963062,0.3083760023183186,1.1313220262527466,4.485677584911812,0.8811020004376161,-0.2104685252233793,0.02289156623748,17.67834006663565,0.3649526834487915,1.018535659668174,0.0110426778971345,0.39999999999998,0.0,-0.1473684210526315,0.2735374988148288,0.0106816557666273,0.5136983174959132,0.2455461164462724,0.5750819356285174,0.2621762080190971,0.6515227435484694,4.371053875289666,0.0488922655485022,0.9307079413534228,0.3075361130849067,0.4662321539782509,3.101912498474121
young_20210326_srd1c11_r1,Young,2667.458737207031,599.5,32.447100723284656,0.0010593305675272,0.0028635335620492,0.2110198034888511,0.1406260193428951,0.0835296353290645,1.0006272881935998,-0.0058870203793048,4.483298983213229,1.3875470658336204,1.0,7.076893015369799,0.6064508557319641,0.6333333316944444,0.2187366539867436,9.421469768107103,0.4292499615594524,27891.234375,7.541224988876418,0.3082278481006155,1.5029186010360718,4.431958636405152,0.9326741083088111,-0.1953969225017531,0.0559440558136502,23.646975095925512,0.3972971439361572,1.011578229383135,0.015884449270944,0.4999999999999167,0.1666666663888888,0.1428571428571428,0.2771260997067448,0.0126002618407787,0.6957256041101982,-0.2889923291156382,0.4129767394165934,0.2087977306191547,0.6073468317682164,3.9667898753550785,0.023520779706186,0.9354807961605438,0.3245767707115972,0.5143414687429099,3.305903673171997
young_20210326_srd1c12_r1,Young,3051.5614499999997,135.0,44.32253354804409,0.0081236787502548,0.0009453847305849,0.1311487795753275,0.184650118662764,0.0884278365682262,0.4672161034201513,0.0002940642298199,5.576362227177861,1.0117704678496358,0.5714285714285714,14.86802486992583,0.5825523138046265,0.7777777742592593,0.2587870222898267,5.621338705147369,0.7406578878560311,18323.263671875,7.196369803674088,0.3385909568865968,1.6282421350479126,4.350481673724159,1.3345891787509148,-0.1354300318814137,0.0717703345848309,31.80222478243051,0.4128787815570831,0.9714045304803414,0.0093348533299413,0.2857142857142449,0.0,0.396412483586046,0.1692148224928737,0.0591917154342882,0.5443231891148658,-0.2350974693061659,0.3399150780700845,0.2611587332166585,0.6650721319924141,4.601223004410917,0.0354130878673575,0.9003695159611391,0.3652696999425687,0.4894599318462781,3.6291308403015137
young_20210326_srd1c12_r2,Young,3402.0848654296874,258.0,94.2646608586584,0.002168777543971,0.0018756097415462,0.079153875023503,0.0777517471666525,0.0668460528423218,0.6522348236499179,-0.4999150931835174,3.654424157686348,0.9176325771822466,1.0,4.575408194962918,0.5748427510261536,0.640740739315432,0.2079019432660671,9.56760702124927,0.2129647220547862,27530.265625,7.602119268440975,0.3022886204694778,1.5748614072799685,4.338715103055879,0.839036706972019,-0.0206070989211361,0.0552763816317769,92.99642254163344,0.3626251816749573,0.948969047442446,0.0055270434756266,0.09999999999999,0.0,0.4545454545454545,0.2754622375430898,0.0145159268299778,0.3886753603237529,0.1964315262144082,0.4113830284715986,0.2686716229554693,0.6280402683184342,3.658122994073528,0.0286818744852608,0.9228819672642616,0.3778341278916478,0.4387532184920685,3.5991687774658203
young_20210326_srd1c14_r1,Young,3556.7164981933593,217.0,191.6010269809836,0.0034422432086566,0.0050753494724631,0.0342432445420963,0.1756389256116635,0.032401182003683,0.6212644569938212,0.3707202672958374,4.390626415067451,0.4925911108227851,1.0,4.652036745885894,0.6241051554679871,0.4583333323888889,0.223531533363574,6.915806040527079,0.24667169232121,26615.169921875,7.423361749353246,0.2883248730960285,1.2079005241394043,4.5085598417395945,0.8957274821406858,0.01140847904315,0.052159739158794,149.25156198223706,0.3940478265285492,0.9943903716095902,0.0004726234615393,0.3157894736841939,0.0,-0.3578947368421052,0.2880011333050006,0.0107707975349852,0.5509687213708521,-0.164261701162509,0.5032225820895254,0.2571504586981022,0.7279392953509337,4.155016640964982,0.0827936016564986,0.8427701960320728,0.3332906430544946,0.4992887067126528,3.754605531692505
young_20210326_srd1c1_r1,Young,3359.251986767578,212.5,21.80710729595237,0.0008808395224455,0.0045791985467076,0.227179665850053,0.2248033690938879,0.0426068373860256,0.6284840208534207,0.2941109538078308,4.497536819762882,0.6907218199040323,0.875,7.661933754712264,0.600128710269928,0.7133333305544445,0.2103196511826015,4.880678305199601,0.2243243496367494,26726.33203125,7.604159907182096,0.3406770553461302,1.2083475589752195,4.3195175185364265,0.8617547856731976,0.0125925803464647,0.0333817125785461,12.850326181368809,0.2768391072750091,0.8981947850229616,0.023516985174733,0.2499999999999844,0.0,0.5441176470588236,0.2545214521452145,0.0126160917662199,0.4199840866125213,-0.0195159554976118,0.5611806344918031,0.2833035689155427,0.6952837934007321,4.041171009198558,0.0351786097912206,0.936956857288826,0.2744940758277606,0.5359632651383556,4.033151626586914
young_20210326_srd1c2_r1,Young,3659.249364257813,740.0,38.53290615512435,0.0156201078448425,0.0019334253156557,0.1411691938903276,0.2622698671072829,0.1212314014157234,0.5248271909811856,0.0085254171863198,5.702509561997731,-0.3107305198303722,1.0,4.17578210456785,0.6157186627388,0.8333333302777779,0.1729894687485399,4.227096702958499,0.6057122207184584,15000.408203125,7.390656079374425,0.2431527693236666,1.6710492372512815,4.500462558201744,1.042500360068914,0.0962067925508463,0.0439882696657235,22.67429540458758,0.2996350526809692,0.8354066692996466,0.0043976218061729,0.7499999999998125,0.0,0.3999999999999999,0.2347092497740282,0.007655147546951,0.646392417731426,-0.2917469948648244,0.3583612536464198,0.200904852988742,0.7012901341020701,4.247507891631986,0.0355384500541281,0.930149161863628,0.3088164150414259,0.5137386304945163,3.555778741836548
young_20210326_srd1c3_r1,Young,3132.038107324219,179.0,11.527867679757875,0.0030663241940943,0.003355368738994,0.3660514661231093,0.3761709874686871,0.0621773886333052,0.6428541296621585,0.2209420502185821,4.495140131122484,-0.1415491413700859,0.9090909090909092,4.886513728601329,0.573989987373352,0.3888888871296296,0.1946627567884774,3.395946818244523,0.3017553058252926,22734.291015625,7.587854706949274,0.3101142980368555,1.283313512802124,4.210081307749197,0.952317574978234,-0.0914895723847449,0.0332512314861438,6.603939752139066,0.3724259734153747,0.7986167569044453,0.0100473268678532,0.3636363636363305,0.0,-0.0181818181818181,0.2217546812539448,0.0116024925833025,0.4900408388809242,0.0170673531150996,0.4328113933214893,0.2865450928336907,0.7316366261263029,3.98546792177298,0.0490262869803727,0.9229846010586809,0.2537602687831703,0.4824067566881803,3.9331870079040527
young_20210326_srd1c4_r1,Young,3587.5640616210935,211.0,46.0571738575978,0.0017199896601777,0.0040467847138643,0.1239182674447862,0.1522707715026319,0.0504504479536557,0.6790551664786871,-0.5319736003875732,4.253192400977333,0.6978929328794321,1.0,5.462618083664693,0.6209474205970764,0.4833333323916666,0.1917781068898238,5.1055278034054465,0.6517602404090924,27256.626953125,7.504057456312336,0.3947851634219707,1.3545851707458496,4.315414043112143,0.8971203188008039,-0.3011478910636507,0.0481786133393905,26.82825337106119,0.3130708634853363,0.8482567250108016,0.0092710211933594,0.230769230769213,0.0,0.4945054945054945,0.2617461746174617,0.0180634610988109,0.434901560292762,0.070699824663276,0.4816748513834237,0.2717631934128209,0.6321971206382042,4.021668776876161,0.0135534454842177,0.862700704692521,0.2950586226961644,0.4756037319929478,3.774379014968872
young_20210326_srd1c5_r1,Young,3462.5055209472653,217.0,59.42663260500328,0.0002061047213062,0.0051016071811318,0.0966343706595672,0.328806754021403,0.051955905826644,0.5219014356112301,-0.0840146318078041,4.983990935400815,0.3129755792771385,0.9285714285714286,3.9909693257062018,0.6044899225234985,0.4242424223232323,0.2060565172100281,15.673821522175514,0.6172211242971286,24543.62890625,7.595960020072781,0.392195922193119,1.1780550479888916,4.447477794388848,0.9655237452670848,-0.2210207515869855,0.031315240018131,30.56219068110416,0.3244373202323913,0.9427090415455276,0.0007307957336078,0.2857142857142653,0.0,0.7098901098901099,0.2633286972647194,0.015739380224205,0.3969484603929639,-0.346382927689745,0.5288735857365309,0.2703224608452915,0.7185654636512345,4.402801021430282,0.0402637102737104,0.9045377242196742,0.2922378875645248,0.5699621958652143,3.644558906555176
young_20210326_srd1c6_r1,Young,4719.817284082031,541.0,42.04476974371645,0.0010060712916062,0.0100614596158266,0.0966343706595672,0.3346715467336069,0.095951288262775,0.4466086669717381,0.0116621190682053,5.367204071596898,0.916894684626017,1.0,4.563865165052271,0.590295135974884,0.3666666660833333,0.1870694394402555,12.45526681451279,0.1949418016993586,19170.8125,7.584582846505862,0.2029194449446694,1.399179458618164,4.409275268292719,0.9258962446703394,-0.1322660711019672,0.0329380763729406,24.72890030833478,0.3039994239807129,0.8205007459534449,0.0008032730759172,0.4999999999999167,0.1666666663888888,0.8285714285714287,0.2696910162529022,0.0184731867662193,0.5856442168790589,-0.1245601134512987,0.4471181938677215,0.26797753281343,0.8619724510633053,3.7054283651326303,0.0262347676154947,0.9111853601100122,0.2874897843928663,0.5643867873745502,3.632401943206787
young_20210326_srd1c7_r1,Young,2904.788393554687,235.0,33.41157627651678,0.00116342937035,0.0010090303840115,0.192532081385871,0.2551485270609852,0.0621965867871839,0.516685106298637,0.0025026784278452,5.18017813524181,0.357999921478853,0.8888888888888888,20.36188849938273,0.6719021797180176,0.5999999977222223,0.2549323308392701,9.510454301897118,0.6210232971766699,27027.6171875,7.491725286995161,0.4053959355283718,1.4974613189697266,4.467707720501404,0.9111164395964956,-0.1404796484561301,0.0326923076294378,24.78738394090401,0.5121340751647949,0.9235181082448388,0.0074762199276713,0.444444444444395,0.1111111109876543,0.3,0.2713793103448275,0.0190452067535998,0.4064440993406077,0.2529877569824226,0.4699315875551096,0.2560483334232798,0.7271113827176261,4.2578504130969925,0.0163892522437495,0.8202528457031254,0.3055970180610661,0.4870996011678264,3.5849287509918213
young_20210326_srd1c8_r1,Young,4199.907904541015,307.0,283.572872802281,0.0010298953480356,0.0094039123505353,0.0339194574104522,0.257701271996146,0.0574597282487701,0.4184079098916375,-0.0035925265401601,5.621700703091252,2.420408674133595,0.9230769230769232,4.082345378867462,0.6446154713630676,0.5624999992395833,0.1898689377973418,8.577861308208123,0.3653128706472483,28777.599609375,7.691552933243749,0.2369895376306196,1.087026596069336,4.520102942398745,0.8476653061932581,-0.0616119541095439,0.0227992400108934,194.43208471921173,0.2600810527801513,0.915887110421534,0.0098724381169155,0.461538461538426,0.0769230768639053,0.5714285714285714,0.2892888204990967,0.0159101525559329,0.2794353084022355,-0.130457340899014,0.5764149809823682,0.2415504501810572,0.6280264852369127,4.784967852504712,0.0680827870512156,0.9469663863270376,0.3144447485069735,0.633743289184298,3.7039988040924072
young_20210326_srd1c9_r1,Young,2487.429978222656,192.5,152.08464889615377,0.0042528194543355,0.0012822209391742,0.0966343706595672,0.230628589437191,0.0458603809091372,0.5228571111509521,0.2443149834871292,4.413247604277145,2.2229537839485847,1.0,3.639217124552329,0.6437937617301941,0.6914965968373422,0.2009975643736971,6.817955374899038,0.2135912747782684,26641.8984375,7.539195982097099,0.2530705512703425,1.631458401679993,4.3585071082800315,0.9379740906118336,-0.0424952661935916,0.0888888882304526,121.30363631969333,0.3599236905574798,0.9902829440937064,0.0015913550758246,0.1428571428571326,0.071428571377551,0.4065934065934066,0.2817802503477051,0.0351885696800514,0.2950063251306367,0.2995500204335142,0.3801889522898766,0.2764406588288351,0.7224716669599165,4.043698752403207,0.0434870002839065,0.8942788979756643,0.3603708559478724,0.4748769872362769,3.4107375144958496
young_20210326_srd3c10_r1,Young,3267.7358232421875,324.0,150.36851637653533,0.0022170228083379,0.0063575603999197,0.0966343706595672,0.2122227820835571,0.0240400468887439,0.5413815949512223,-0.0232801362872123,5.503118296702861,0.3684775976463939,0.9629629629629628,6.533751962313738,0.6418435573577881,0.6469696953820706,0.2079256382866686,12.88391118227855,0.3540109643238746,22453.337890625,7.461093547449185,0.262983571806927,1.0028215646743774,4.392660922863505,0.9316706785932624,-0.2056156997458256,0.0591259639342853,83.97163846763713,0.3561968803405761,1.0122488042789843,0.0079968278437606,0.3703703703703567,0.0,0.2875896843153808,0.2852568291726571,0.0106468492135837,0.4396557667294579,0.0575748571916633,0.6178034963400338,0.239426780266899,0.7333382014445355,4.83268605226316,0.0232451132815198,0.8943710900823191,0.3021994352117686,0.5275687952991374,3.724083423614502
young_20210326_srd3c11_r1,Young,3521.0656872070313,500.0,39.1053929503246,0.0004578958671858,0.0004683968727476,0.2098558038925872,0.1565131096912758,0.0825589011657227,0.5715957347241017,-0.0024380676914006,7.152051954206043,-0.22061307013701,0.875,5.270992853010148,0.6339886784553528,0.7777777760925927,0.2184723667870384,15.50087317281333,0.4037258971171511,11459.4873046875,7.246546306571403,0.3115428790196099,1.4502358436584473,4.07987398038298,1.039955409042469,-0.2475638274346945,0.0284463894344717,35.27269139457425,0.2825990915298462,0.8464296814594519,0.0130964995937063,0.4999999999999375,0.0,0.4285714285714286,0.2046291922531884,0.0325155648494093,0.8905938935169201,0.1819830547375127,0.5053051995835899,0.1945139993462727,1.0,5.0663129151226345,0.0147027077604397,0.94654633640349,0.3519556896417174,0.6719414126887927,3.2863261699676514
young_20210326_srd3c12_r1,Young,3383.54223046875,182.5,131.68614507933526,0.0037142915070048,0.0019985041581094,0.0531662775626477,0.1354814637383905,0.0426863880094744,0.6711556600786805,-1.2921972274780271,5.67110601060967,1.0232532562563148,0.8571428571428571,4.888858155068973,0.6597184538841248,0.3222222214438272,0.2305801468124711,10.200336009627147,0.5009043119501373,22543.865234375,7.369010135836682,0.3501470588230145,1.403439164161682,4.500728398543931,0.955771461674666,-0.0875855362002614,0.0540540539497026,147.77326853434906,0.3284616768360138,1.0137205881628346,0.0249491482266709,0.2857142857142653,0.142857142755102,0.410989010989011,0.2586608442503638,0.0030125921260325,0.5007134549632258,-0.1240610508132651,0.4831387845717146,0.2964063945247799,0.710326379817737,4.737587513779522,0.0812820384097128,0.9549320117824978,0.3221982858707919,0.4700720422578718,3.5592405796051025
young_20210326_srd3c13_r1,Young,3953.6196666503906,227.0,148.79756935718945,0.0047112400757667,0.0027792586479336,0.0483103647923617,0.1751968856026968,0.0532350409494246,0.7769246729481377,1.0391767024993896,4.787478327937762,0.6527035133670829,0.8461538461538461,5.119443322662904,0.6242900490760803,0.8166666645416667,0.1985104107138066,8.453026169480433,0.3139956558891033,26936.765625,7.432486230370103,0.2794339622636237,1.3683717250823977,4.420723795589401,0.9389515488953466,-0.0760968272258741,0.0434782607435412,145.61900888566134,0.2890037298202514,1.0266777669658689,0.0030336863827137,0.153846153846142,0.0,0.3021978021978022,0.2867523756288428,0.0083216168629384,0.3617607258648177,0.0532502253408907,0.4707812294007594,0.2646713097201231,0.6715558060447323,4.547577444617336,0.0427656105220261,0.9696265594285964,0.3111497384000152,0.4604877012262074,3.8225831985473633
young_20210326_srd3c14_r1,Young,3320.5686506835937,194.0,120.1631050644454,4.4562016147654216e-05,0.0064996248111128,0.0966343706595672,0.4251793077879265,0.0647978468856328,0.4463417160960957,0.0004171487526036,8.77213311893597,1.6053332476962696,0.5833333333333334,35.30119176560887,0.6550800800323486,0.999999995,0.314386471388945,17.48008027991019,0.201906630024968,19643.642578125,7.691333625557073,0.28174226133906,1.1933382749557495,4.320055560002474,0.8442386517826627,-0.0612908571499027,0.0101010100931616,49.09011162236552,0.2067505121231079,0.9314073642828,0.0008822317441726,0.4999999999999583,0.2499999997916666,0.1888111888111888,0.290942315290399,0.0163203122064429,0.3364071272971287,0.1026788289372035,0.6073591605561204,0.2789541988003364,0.977843479119684,4.812271466173169,0.0040037175793423,0.9166013553299888,0.3071509024747173,0.6997087894047932,3.529872417449951
young_20210326_srd3c15_r1,Young,3376.129954394531,146.5,67.2868500337553,0.000379328991227,0.0013224098365753,0.0983365790426789,0.3195633893458587,0.0717180724979701,0.7536315933148807,1.4883161783218384,8.147035872175797,0.8896256349195217,0.7,4.587462852986358,0.6298728585243225,0.0,0.229869049142588,16.743576723098766,0.9032767345956464,23328.62890625,7.3494653657138524,0.413525698827027,1.3613815307617188,4.624961775087324,1.0651721794267144,-0.3811439020097369,0.03719008249095,80.33467795552025,0.4592923820018768,0.9029470169498258,0.0119222698577656,0.29999999999997,0.1999999998,0.5393939393939393,0.2115041086102179,0.0203323115249058,0.5718894862236519,0.323871760634767,0.4227213624626739,0.3275158745689314,0.6533030377117812,4.815715169979953,0.0487293485784917,0.8581019917659025,0.3325866760443617,0.5796215965340437,3.5821282863616943
young_20210326_srd3c16_r1,Young,2493.6651509765625,153.0,8.680350293477042,0.0001804467862427,0.0060058264061808,0.3702154687471993,0.2730499227946267,0.1143492556092356,0.621871678086901,0.0021720496006309,5.9946024233056585,0.8324196767420632,0.6666666666666666,3.478139294777178,0.7091150283813477,0.0,0.1807165126426471,15.14132362221662,0.8926942820753228,35079.33984375,7.680076951861835,0.3607183798228479,1.4818530082702637,4.453131220287403,0.8379115746774932,-0.4920330322458933,0.0408163263223656,2.6317585727613446,0.2809262871742248,0.6105659713886205,0.016443031538384,0.1666666666666388,0.1666666663888888,0.4285714285714286,0.2798182506626277,0.0042449033800538,0.2969279533609543,-0.3431997698704024,0.3563170353207814,0.3309944642766184,0.6222656489701202,4.219687736172891,0.0310809217016496,0.954031136380646,0.4041945642865304,0.442169273405707,3.775285482406616
young_20210326_srd3c1_r2,Young,3288.7246034179684,336.0,14.91328922862883,0.0004313176957154,0.0047275768592953,0.2689603153309784,0.1967264800874143,0.0367764564813739,0.475581710909232,-1.4284093379974363,3.87425146100262,0.4980018593260707,1.0,3.296639523812896,0.5629511475563049,0.6533333323681482,0.1712993389112054,4.884533386022409,0.2561417125039367,22097.44140625,7.425508736079355,0.1914258418913405,1.0577430725097656,4.229607096943698,0.8581967603218009,-0.0643358884108268,0.0269938649975535,7.961298259321323,0.281018316745758,0.7313052912589204,0.0033796350648915,0.3749999999999766,0.0,0.5529411764705882,0.228985165999529,0.0148975717035818,0.6750515616289567,-0.3709362646015495,0.5054323662628933,0.2333416480244583,0.8301300263872561,3.7555667106658976,0.0588524703561435,0.9554801691918768,0.2537783829351779,0.5178598052649388,3.750143527984619
young_20210326_srd3c2_r1,Young,4406.519580175781,139.0,15.587734328191198,0.0071968146167987,0.0035866808611899,0.2881201591762949,0.1303938379682377,0.069658161419487,0.6390652737573589,-0.2233695685863495,3.563841703821968,1.252811848879834,0.9,2.6104596443911596,0.5441458225250244,0.6666666644907409,0.1412929404859023,4.18125158537232,0.6702621841374571,17582.59765625,7.45919906400775,0.2440662785479442,1.3474104404449463,4.2278142993383465,0.9794725604949948,-0.0127050680323796,0.0358874878410402,9.69110588387195,0.2238543480634689,0.7136463180546523,0.0126063659527652,0.09999999999999,0.0,0.0787878787878787,0.1838779956427014,0.019380664488345,0.3801277012509548,-0.1874032156806157,0.3068907117076617,0.3169160390460034,0.9446738859190648,2.6104084229120823,0.0434896485005572,0.9282880103613846,0.2690209917290382,0.4673167625049654,3.7647857666015625
young_20210326_srd3c3_r1,Young,4212.128133691406,399.0,34.799238197662724,0.0010954335137256,0.0083350287750363,0.1407097395926408,0.2101093554037897,0.0362035006793651,0.4663617859693562,-2.1414682865142822,6.552736290680673,0.8858521228997563,0.85,7.663217028170274,0.5615628957748413,0.4809523803230157,0.201612820019615,8.868171155411831,0.4176346667510675,19935.833984375,7.54639856048689,0.2443723299374612,1.01512610912323,4.233714892950972,0.8563968860674231,-0.0630115796571808,0.0137535816540094,9.107704783693544,0.4793631136417389,0.7392833886381387,0.0053196433276811,0.499999999999975,0.0,-0.0872180451127819,0.2628106532826034,0.0195804604833731,0.4334372738249758,0.1300166048970682,0.6605344402410562,0.2053351745457891,0.7349905203284192,4.603739044438501,0.0080870117472768,0.9387235761040392,0.2595940448825328,0.5703930426384152,3.706161975860596
young_20210326_srd3c4_r1,Young,3539.1240158203123,286.0,27.6131838240131,0.004693508950841,0.0030708387494087,0.1937915462072984,0.0578473619528414,0.0359376810389049,0.8764570703136655,0.0014020486269146,6.25928826592172,0.8908106970009239,0.7058823529411765,4.028734209096253,0.5552064776420593,0.7037037010802469,0.1918839129758129,6.293695819044473,0.5577811916063407,19219.650390625,7.45123428277899,0.3390343294638558,0.8697671294212341,4.360588551035443,1.0174540586252712,-0.1651455381150104,0.0368098159057548,11.664835715533782,0.3423594832420349,0.7335241367668666,0.0157889256404699,0.47058823529409,0.0,-0.0196078431372549,0.2308676578113575,0.0133389600337557,0.5868381416934542,-0.1488064961869404,0.5961631075719539,0.2187807821263818,0.9663279761838592,4.569463876326836,0.0349580766394636,0.9417941254937616,0.2754729393422398,0.5301431651817621,3.5885987281799316
young_20210326_srd3c5_r1,Young,4958.603479101562,626.0,175.78811313878128,0.0003680680516931,0.018778396770358,0.0966343706595672,0.2174272866269846,0.0649254832407698,0.3950660860819459,0.0014359265333041,6.788546783250295,0.7514211746722995,0.8181818181818182,8.175657919421903,0.6135173439979553,0.5833333306944445,0.2142212556633173,15.172883575657185,0.4805948352668538,23559.921875,7.574748724971911,0.2755971116458639,1.10712468624115,4.489767212637883,0.8578567653377306,-0.1499824054185272,0.0214285714132653,77.32787145964456,0.4237889647483825,0.9045538601219694,0.005523283327931,0.7272727272726611,0.0,0.5636363636363637,0.2892392049348869,0.0077293828263549,0.5506762041224864,-0.1511081845521545,0.6211247268624432,0.1778132426484789,0.759514133436831,4.823739453079671,0.0348876604169889,0.8736576760139763,0.2959638401236529,0.5828776823045009,3.6406500339508057
young_20210326_srd3c6_r1,Young,3520.770325488281,342.0,241.76022849353515,0.0031257068827243,0.0101231057196855,0.0966343706595672,0.1449927705284661,0.037572620395897,0.461748276704214,-0.0615625232458114,5.5257571044958995,-0.2646247008803522,0.8095238095238095,7.889182126031843,0.6144184470176697,0.4307692297461537,0.2118329220386531,12.803986161989078,0.4403682184149248,18741.806640625,7.527452801242537,0.409188595443713,0.9820997714996338,4.205286018846297,0.8900193066553267,0.0007008903436939,0.0257425742404339,103.18523578155953,0.2839635610580444,0.917263272249908,0.0039207946834664,0.3809523809523628,0.0,-0.027931147949253,0.283419689119171,0.0032921405047629,0.5719543739918976,0.3274762156066633,0.6372017247459166,0.2423333151783071,0.8084978782957227,4.449451463337991,0.0281115455475287,0.8469479010633125,0.3021290797332446,0.5533162177428598,3.693326473236084
young_20210326_srd3c7_r1,Young,2527.758435644531,423.0,157.39099159989507,0.0046922315217703,0.0035566745791584,0.0966343706595672,0.1806712847708604,0.0231700092201084,0.3629640378159379,-0.0039678383618593,6.339620767055544,1.016938000255157,1.0,16.27406972345894,0.6431289911270142,0.6360805850158032,0.2324751432827752,8.541685931979385,0.2305274374210389,18388.388671875,7.384762803601395,0.1904272332646844,0.97723788022995,4.308866322832977,1.0334938132434108,-0.2064345366864702,0.0247452692687443,95.94064001347044,0.4194923341274261,0.9236201492469174,0.0321023308270098,0.4814814814814637,0.0,0.1312576312576312,0.2596406783455532,0.0135609059848221,0.5468019166052867,-0.0839991838228776,0.6307884385249599,0.2322431979033017,0.7717753673824074,4.559247043204074,0.0604549804368182,0.9363446542476764,0.3042943417165881,0.5251557050098978,3.617537498474121
young_20210326_srd3c8_r1,Young,598.5275836486816,1366.0,28.38846537283437,0.0033721261656918,0.0006338230450637,0.0692220555823239,0.4551339930766216,0.1563273866062992,0.610441122857864,0.00232642341870805,4.7176071865902,0.600492142135649,1.0,3.605822813589875,0.640064001083374,0.0,0.1707170567995124,8.788849968575194,0.6798053556748378,5372.5087890625,7.726660623929539,0.39061566048897,1.5843522548675537,2.6043868385025135,0.7786758548595581,-0.186887488794681,0.0186567163482958,24.36264712330154,0.3712013363838196,0.978417114988438,0.0172928911988989,0.9999999999996666,0.3333333322222222,-0.5,0.2788632326820603,0.0657937338499991,0.3311866115025345,-0.4999999999749926,0.371834388581069,0.1651819778431941,0.6072675174695356,4.855770314881324,0.0568180355081104,0.9037997508210196,0.3376565460178437,0.414015973268601,3.645621538162231
young_20210326_srd3c9_r1,Young,3584.3903709960937,401.0,128.5662096726685,0.0021293132762277,0.0080559365451335,0.0966343706595672,0.3011579485790232,0.0373940001039169,0.5197649453868355,0.0152305103838443,4.449499795505299,0.7956002192134661,1.0,4.382592126301923,0.6180500388145447,0.4104166662308036,0.1816849415332748,10.792523875344672,0.2964637665514499,23556.42578125,7.562286271852276,0.2457582184515325,1.0360125303268433,4.38140342657049,0.8388266938941913,-0.082375160540169,0.026232948555894,87.54237810000514,0.1854046285152435,0.976682980402156,0.0099668264888209,0.4117647058823288,0.0588235293771626,0.6348039215686275,0.2819463788300835,0.0309077153700491,0.4586743067046626,0.1305479371698695,0.5470535710185259,0.2267464588638535,0.6947083238560752,4.11188250596231,0.021194317395017,0.930365648921489,0.309278382120405,0.4913298399519187,3.725687980651855
young_20210326_srd4c10_r1,Young,3534.637847753906,310.0,194.33849866407303,0.0021139679826994,0.006746057420969,0.0966343706595672,0.2256661251278471,0.0300958441941797,0.3596865073868442,0.0568325519561767,5.9387030853991725,0.5885139237687196,1.0,6.331713176973597,0.6696096658706665,0.4989974927895034,0.2214263160383156,8.954571033864887,0.2320711287241271,23023.861328125,7.384227161498609,0.288894095594788,1.1812149286270142,4.4024006380427,0.9536935621498716,-0.3316029632376799,0.0490296220132486,147.34776087859655,0.2270848751068115,0.971901151231843,0.0471771857447948,0.3684210526315596,0.0526315789196675,0.2281702720751639,0.2817373223980593,0.0110485263191731,0.3380770888520973,0.1615447071166166,0.5062960203720702,0.2499068340204571,0.7025262292962794,4.699230446196705,0.0570767391315389,0.8751860986000874,0.3161193278142757,0.4822325020588629,3.53922176361084
young_20210326_srd4c10_r2,Young,3850.0443474609374,292.5,93.7805474667064,0.000363412154299,0.0082789370790123,0.0966343706595672,0.2378962235247227,0.0397813944692944,0.5872211403596618,0.0071417153812944,5.3487394934386705,1.12706972132794,0.85,15.576551242623427,0.6407780051231384,0.575757573939394,0.2303452489946457,15.430682165861947,0.4849307614246371,24582.896484375,7.573436604381964,0.3238533090985118,0.9984822273254396,4.380531263190846,0.8550690799382585,-0.1169594779512232,0.0190779014156773,45.89196177279987,0.3266213536262512,0.9563471900062134,5.711058028818058e-06,0.39999999999998,0.09999999995,-0.0796992481203007,0.2838037068239258,0.0230323229268313,0.3675276737769718,0.1589631375807392,0.616893268034629,0.2265274837072343,0.6908999534586378,4.410766244095935,0.0401761642262174,0.9261652137559764,0.3096651194275721,0.5592090229585842,3.730915784835815
young_20210326_srd4c11_r1,Young,3287.0161385742185,211.0,69.92388327303254,0.0021196229259712,0.002924941945821,0.1172003707657752,0.6526080501086755,0.0789070080745425,0.390646281009077,-0.0200100373476743,5.862293668561717,-0.0985957530710698,0.5714285714285714,17.122341212982107,0.700836181640625,0.7777777742592593,0.257679078480405,7.072013431278431,0.3964787054254526,24402.36328125,7.469400093192129,0.3287054891369987,1.4431352615356443,4.450853978586556,0.9916195525773156,-0.2050241100602002,0.0533333332543209,43.38531791999568,0.4578723311424255,0.9769547202689548,0.0199274999770472,0.4285714285713673,0.2857142853061225,0.8214285714285715,0.2891581632653061,0.009927791727419,0.6064863298078789,-0.0991973420611268,0.4675831126112552,0.2640555372019134,0.6737863792174952,4.808878670467356,0.0542393592856467,0.8837721730990629,0.316792411307275,0.5019134701807308,3.6834797859191895
young_20210326_srd4c11_r2,Young,2538.7733283691405,160.0,125.62671494593792,0.0013579408678476,0.0013343744212761,0.0666518348299306,0.1647829797855589,0.0409999338457982,0.4170816500772425,-0.7166178822517395,7.446020928811835,0.4962931129933715,0.7368421052631579,24.671372784477793,0.6912446618080139,0.4444444426157408,0.275501589463951,9.149493032448952,0.3573117387157352,28398.994140625,7.593433790653896,0.3103885959770451,1.2189857959747314,4.530556357246455,0.9121265127861864,-0.074319632609868,0.0327169274072305,153.4579680880937,0.3250650763511657,0.9479907110961336,0.0182446056623786,0.2631578947368282,0.0,-0.0070206237561588,0.2895645501630539,0.0046303353380373,0.36999692259028,-0.185915266021444,0.4821615146384007,0.2827782614745301,0.6979974864772043,4.771389828433308,0.0362487776592957,0.90788392191131,0.3118430659494977,0.4957300669588664,3.728902101516723
young_20210326_srd4c12_r1,Young,3354.9001069335936,185.5,29.752666864825443,0.00446171270117,0.0067842751741409,0.1931825223209059,0.3362327806303021,0.0388001310084044,0.5580099105424632,0.0601993128657341,4.583765957504861,0.2072084951603314,1.0,2.980436033695893,0.6783295273780823,0.4999999982954545,0.1672126668890409,7.822599435709791,0.5037243286982876,23877.58984375,7.498520084402889,0.2809007232079538,1.3494272232055664,4.405034466155642,0.9030362723025146,-0.1013703447153637,0.0291828793490438,21.54522292857334,0.2851259708404541,0.9248960612796358,0.0080321155696139,0.3124999999999805,0.0624999999609375,0.5651215657970499,0.2735650767987065,0.0083641418403765,0.340216389480336,-0.3414048310435515,0.502810861961962,0.2764161741142003,0.7931425968385156,4.174839750542241,0.0552902886717512,0.9359783106835372,0.2893303161068805,0.4814080206859125,3.6502575874328618
young_20210326_srd4c12_r2,Young,2850.198960205078,268.5,82.00823299073437,0.009188836429849,0.0024809469468891,0.1017679067042721,0.334177422586371,0.0550289509197407,0.5449585178393317,0.0050011295825243,4.951398793501942,0.5455995119637818,0.9,10.452402976312175,0.6178094744682312,0.3749999990277778,0.1853605336390173,6.288466009307033,0.5258500944864289,17945.306640625,7.3628543689188675,0.3280153158895383,1.5046591758728027,4.088702290169338,0.880935286313247,-0.0037272303504908,0.0356506238223696,72.54602267894961,0.2877581417560577,0.9603607878972314,0.0052739476117809,0.29999999999997,0.0999999999,0.1636363636363636,0.2883691793693881,0.0114928641591896,0.4052441243608554,-0.0826894920000519,0.4278918636102787,0.24400301060115,0.6313342790026479,3.986701335211265,0.0615243309455162,0.9409495981633336,0.3084908448193146,0.4877760538941462,3.6766433715820312
young_20210326_srd4c2_r1,Young,5678.003276367187,551.0,151.20759847124185,0.0013903259182617,0.0168242938816547,0.0966343706595672,0.1429717018718928,0.037002995865777,0.5000014580138724,-0.0046162977814674,4.9018815380340035,-0.4814697322509336,1.0,4.699629476983472,0.6123977899551392,0.5955182066173136,0.1824215979326246,9.991796777576178,0.4277344821674569,28644.484375,7.578368339784251,0.2910903827594957,1.1031047105789185,4.52244376089128,0.8217182717362488,-0.048352360920075,0.0234315948424553,93.86379762864472,0.3507451117038727,0.8826316459038837,0.0009104180914941,0.7647058823528963,0.0,0.1470588235294117,0.2788741253243179,0.0295834118389298,0.3864344381438463,0.1955509775851319,0.5609038188965252,0.1992841288596272,0.6224614841522579,4.440038580258445,0.0230007161067493,0.9153641133272158,0.2933034762749547,0.5296181234705148,3.672391653060913
young_20210326_srd4c3_r1,Young,3643.586868017578,243.0,154.7775402117006,0.0002174724774218,0.0049417647533118,0.0483086837587043,0.5816978295604995,0.0183720408262165,0.6232890199496368,-0.0257107391953468,6.150011685367191,0.7936354192584802,0.9393939393939394,20.881236652430033,0.6911430358886719,0.4359999991953334,0.2263691785394885,14.06132420930054,0.2410561113209224,24721.505859375,7.345828463198798,0.1440868684594665,1.0081743001937866,4.423836929215467,0.9186817703836188,-0.0921633630195459,0.0188172042884293,72.45503081409379,0.2708258032798767,1.0050954350695716,0.0036246087744459,0.4848484848484701,0.3333333332323232,0.3735584207284507,0.2767421216156236,0.0206310389950473,0.3750609750304128,0.2598664184704682,0.6589493414140457,0.2902430116665964,0.762874278275611,4.70170361457402,0.0308581479443895,0.9020827784544748,0.3114235839717191,0.5141165544490808,3.7284996509552
young_20210326_srd4c4_r1,Young,4200.619523583984,216.0,137.6603089150852,9.861608757108576e-05,0.0163491666316986,0.0966343706595672,0.2109193759025859,0.0597699899050852,0.2252690179455165,-0.2479280233383178,5.954591201065805,1.5533546943126788,0.75,10.50849928562408,0.608540952205658,0.5833333306944445,0.2148858336797356,19.1414293734056,0.3143282906866252,20962.306640625,7.615225558070598,0.2283757427313338,1.0519225597381592,4.255450035649398,0.8719598866391808,-0.2775635330625303,0.0230386052160407,28.536142346995,0.3441093266010284,0.8794604830975862,0.0097144690920778,0.2499999999999844,0.0624999999609375,0.4617647058823529,0.274544226873734,0.0113158126901988,0.5605339796157295,-0.2254173410654845,0.6336027716824261,0.2946876795674994,0.6877352415880399,4.363350346937118,0.0432570203117008,0.918935937772596,0.2915336830599122,0.6946932828435846,3.753803253173828
young_20210326_srd4c5_r1,Young,3649.560703564453,184.0,81.56704334947462,0.0018772651382497,0.0043242173269391,0.0729921551771109,0.2371362382453354,0.0236519706212888,0.6180448628572169,-0.0008906956063583,5.074069617531861,0.9173542627086791,0.9285714285714286,3.9076412241155296,0.6494884490966797,0.5614035068508771,0.196028201254491,9.181153065597528,0.5725283320663528,22598.849609375,7.449207493541086,0.3139180171588999,1.0599026679992676,4.281770954970279,0.9209273617020544,-0.3015538712878576,0.0310559005825392,49.26878471330912,0.3070687651634216,0.9677659623878444,0.0126688944817804,0.1428571428571377,0.0357142857015306,0.4006568144499179,0.2410270827476337,0.014455292374901,0.3699158559813763,0.0731796922388578,0.5684579485395014,0.3167278448085097,0.7120594578017732,4.542724194685266,0.0229543189160543,0.8643466211139338,0.3086312518802162,0.499991585913644,3.528658866882324
young_20210326_srd4c6_r1,Young,3599.4462174316404,226.0,57.316314870579326,0.0005119100338429,0.0066764606162905,0.1176323796249029,0.2857864345546801,0.0223863857741483,0.6910500786066297,0.0060054715722799,5.3498208336036175,1.577488297271543,0.896551724137931,10.515826199284994,0.6949143409729004,0.4333333319861111,0.2033894355307593,17.023955851170196,0.05582108791853,31246.36328125,7.529396759750446,0.1041368397256392,1.0657695531845093,4.527756877419451,0.8591911835626583,-0.1753968332185993,0.0271115745285593,21.729459919687876,0.384446918964386,0.9693186625755698,0.0041897153685815,0.2758620689655077,0.034482758608799,0.4600985221674875,0.2816577698695136,0.0107042347639927,0.3135818419773108,-0.0824328556510442,0.6020038054201675,0.2745444644963785,0.6123327046035141,4.482405947626141,0.042730371699115,0.8495460832707497,0.2988668181216597,0.467763742313813,3.870447635650635
young_20210326_srd4c7_r1,Young,4823.83021640625,190.0,125.3495095684921,0.0010893556136364,0.0079423189163208,0.0620633007089782,0.3094460873513724,0.0584177783821706,0.3764557372259514,-0.0162800960242748,6.4655221351711765,0.7119081258190955,0.5454545454545454,5.864015798901496,0.6630308628082275,0.4666666645555556,0.2070339580908805,11.261740295943389,0.6684776920955673,28415.7578125,7.605730965593143,0.379411981430713,1.0680460929870603,4.459193350430278,0.9054728962835908,-0.3295987560987474,0.0283224400562936,83.4335981765312,0.2852578163146972,0.8579819173500511,0.0261781302203137,0.3636363636363305,0.0909090908264462,-0.2454545454545454,0.2843525443613433,0.0070792306758173,0.2438575127851785,0.155653028940385,0.5707762884171087,0.2725129638376458,0.6874223793642541,5.58892167227592,0.0953312252490152,0.9079860591970844,0.31919633863032,0.5465025416169671,3.7166202068328857
young_20210326_srd4c8_r1,Young,3607.5842291015624,206.0,74.16766642566309,0.0008948781386534,0.0042421133257448,0.0966343706595672,0.4081021674967293,0.0257994678602727,0.5533118691084498,0.1518367975950241,4.767024792219563,0.8943308245768556,0.9130434782608696,4.431958831312024,0.699833869934082,0.4266666656144444,0.2055888568085503,9.46159771571135,0.4160513498483531,29744.4921875,7.536551180964503,0.3252917267597675,1.2944667339324951,4.556168139914522,0.9000659706222413,-0.2619123688040147,0.0334538878540199,53.789716972973494,0.3377614021301269,1.010962767963237,0.0040989108804407,0.2173913043478166,0.2173913042533081,0.1739130434782608,0.279830093963187,0.0225556247555368,0.4280855964450107,0.2876953726611495,0.5329357998794069,0.2937339976155774,0.6380771895151343,4.382686625162174,0.0377262094161525,0.9071926503273812,0.3126709533381878,0.4491388414276098,3.611708641052246
young_20210326_srd4c8_r2,Young,3215.7355104492185,324.0,22.18104482047335,0.0003417951079067,0.0012109336676076,0.2663556785075293,0.3346863173835226,0.0735706621502085,0.5250334605546552,0.0024807972367852,4.829968569262346,1.6179974483929245,1.0,3.438238046431057,0.7139215469360352,0.3333333323412698,0.1932515975920558,20.97586047122284,0.2245545628706134,28079.4609375,7.5401741518068945,0.4506082725049863,1.5094077587127686,4.48069307666206,0.8288719178754279,0.0212160211291291,0.0202429148978019,26.207547764420465,0.3717884123325348,1.0477608029949006,0.0004213491172591,0.3333333333332963,0.1111111109876543,0.1833333333333333,0.2745519713261648,0.0064271467443932,0.4588612369998276,-0.2356234279691117,0.3870490348695832,0.2812656227298575,0.6270911614916431,4.904530701905671,0.0831263707852524,0.8315996585794185,0.338057380515359,0.423345710919463,3.64916729927063
young_20210326_srd4c9_r1,Young,3134.7557247070313,230.5,119.79923038959272,0.0009855802654932,0.0035941400565207,0.0966343706595672,0.2251830386448906,0.0248147560492055,0.7163753220710498,0.026965994387865,4.667755383094148,1.3646674096672222,0.9166666666666666,8.238360504917544,0.6354189515113831,0.7549999984141665,0.2254961523802013,13.215318843959356,0.2125189231996115,26962.7421875,7.4952871773834495,0.2393913618748328,1.1074200868606567,4.435474279104515,0.9475545605049812,-0.1292748910321412,0.0602006688292077,96.50768414027335,0.3982398211956024,0.986418851150923,0.0123942993777212,0.2499999999999896,0.0833333332986111,0.337391304347826,0.2615270433249837,0.0134543421795135,0.5585518741009291,-0.1024441746042656,0.5654309208838687,0.2667744310866796,0.6478711417689491,4.1422902423638375,0.0267486820353714,0.9283185776854578,0.3523197840322249,0.5362186138029369,3.862869501113891
